rank,symbol,name,signal_date,last_bar_date,sample_count,expected_return_5d,probability_up_5d,train_window_5d,ridge_alpha_5d,validation_mae_5d,validation_direction_accuracy_5d,expected_return_10d,probability_up_10d,train_window_10d,ridge_alpha_10d,validation_mae_10d,validation_direction_accuracy_10d
1,600793,宜宾纸业,2026-07-14,2026-07-14,518,0.4591510897110594,1.0,120,10.0,0.07736241110769,0.5333333333333333,0.568248406956392,1.0,120,1.0,0.09533685164155539,0.7166666666666667
2,603989,艾华集团,2026-07-14,2026-07-14,518,0.42707645237146424,1.0,240,0.1,0.12289318836803918,0.7166666666666667,1.0045358023702893,1.0,120,1.0,0.1862417944653846,0.8333333333333334
3,000566,海南海药,2026-07-14,2026-07-14,518,0.42512035067126386,0.9833333333333333,120,1.0,0.0754927933674169,0.6833333333333333,1.09108638837496,1.0,120,0.1,0.11194194435989806,0.65
4,603618,杭电股份,2026-07-14,2026-07-14,518,0.3764470399934999,0.9833333333333333,180,0.1,0.1183268203885621,0.65,0.647116695324669,1.0,240,1.0,0.1333314038423952,0.7166666666666667
5,002841,视源股份,2026-07-14,2026-07-14,518,0.36707384456971104,1.0,120,10.0,0.05567375412441405,0.7166666666666667,0.16061847878118538,1.0,120,0.1,0.0727745838112334,0.8666666666666667
6,002747,埃斯顿,2026-07-14,2026-07-14,518,0.34313508366125495,1.0,120,1.0,0.0682118564597542,0.8333333333333334,0.24529779492345913,1.0,120,10.0,0.09004659749050727,0.9666666666666667
7,600563,法拉电子,2026-07-14,2026-07-14,518,0.33547743473914204,1.0,120,0.1,0.08594115634615697,0.6333333333333333,0.199090126637718,0.9166666666666666,120,10.0,0.12746448462258844,0.6333333333333333
8,600353,旭光电子,2026-07-14,2026-07-14,518,0.3315220836298586,0.9833333333333333,120,0.1,0.12230233465525758,0.7333333333333333,1.1037044514766685,1.0,120,0.1,0.15787479388595135,0.9166666666666666
9,603313,梦百合,2026-07-14,2026-07-14,518,0.32436025842418387,1.0,120,10.0,0.06272841439977367,0.6833333333333333,0.4777755103369911,1.0,120,10.0,0.09680996982200767,0.7166666666666667
10,603937,丽岛新材,2026-07-14,2026-07-14,518,0.2896248740454134,0.9666666666666667,120,10.0,0.08522927984863286,0.65,0.3149647719669929,0.95,120,1.0,0.11239128126495229,0.6166666666666667
11,603178,圣龙股份,2026-07-14,2026-07-14,518,0.28167104615739114,0.9833333333333333,120,0.1,0.0939556002382331,0.7666666666666667,0.4566126479626856,1.0,120,0.1,0.08822647099960855,0.8666666666666667
12,003043,华亚智能,2026-07-14,2026-07-14,518,0.26642111324969076,1.0,120,10.0,0.07383905496735174,0.6,0.5751400496416286,1.0,120,10.0,0.0803007426593143,0.7333333333333333
13,600498,烽火通信,2026-07-14,2026-07-14,518,0.2628883313302711,1.0,180,0.1,0.09452939740386741,0.7,0.46517681032187197,1.0,240,0.1,0.13310528974133476,0.7166666666666667
14,603324,盛剑科技,2026-07-14,2026-07-14,518,0.26213319547573416,0.9666666666666667,120,0.1,0.1038309504464903,0.6166666666666667,0.9445621390657857,1.0,120,1.0,0.1146258496282042,0.7166666666666667
15,600909,华安证券,2026-07-14,2026-07-14,518,0.260580237707721,0.9833333333333333,120,0.1,0.09660519936848459,0.6166666666666667,0.6610610973736354,1.0,180,0.1,0.1443055776288368,0.6833333333333333
16,603001,奥康国际,2026-07-14,2026-07-14,502,0.25781457450356704,0.95,120,0.1,0.09749020376895547,0.5833333333333334,0.09321810413487686,0.85,240,1.0,0.09313344813587814,0.7166666666666667
17,002787,华源控股,2026-07-14,2026-07-14,518,0.24613874672165198,0.9666666666666667,120,0.1,0.0967493730308956,0.75,0.4991960775146207,1.0,120,0.1,0.1385246444244986,0.8
18,002329,皇氏集团,2026-07-14,2026-07-14,518,0.24177629806444048,1.0,180,0.1,0.07862822704217355,0.6666666666666666,0.8612484152485925,1.0,120,0.1,0.09739873303617123,0.7666666666666667
19,600487,亨通光电,2026-07-14,2026-07-14,518,0.23743783903588128,0.9,120,10.0,0.12165286795115791,0.6333333333333333,0.6648179619154001,1.0,120,10.0,0.13900156116004955,0.7166666666666667
20,600707,彩虹股份,2026-07-14,2026-07-14,518,0.2320323346287155,0.9,180,10.0,0.13556487162480918,0.65,0.43536898240842314,1.0,180,10.0,0.16109940372032452,0.7833333333333333
21,000962,东方钽业,2026-07-14,2026-07-14,518,0.2239908590581559,0.9333333333333333,120,0.1,0.11590737681676183,0.7,0.6377697896573651,1.0,120,0.1,0.13470976497094098,0.7166666666666667
22,002655,共达电声,2026-07-14,2026-07-14,518,0.22149805132966605,0.9166666666666666,120,0.1,0.10455102060097539,0.8,0.2566207006965218,0.8666666666666667,120,1.0,0.14515990896983355,0.8166666666666667
23,000078,海王生物,2026-07-14,2026-07-14,517,0.22113388309652657,0.9833333333333333,120,0.1,0.12241112122548863,0.8166666666666667,-0.06505628689542876,0.26666666666666666,240,10.0,0.17061284199023596,0.8166666666666667
24,603823,百合花,2026-07-14,2026-07-14,518,0.21957607593073175,0.9833333333333333,120,1.0,0.10334665012921386,0.8666666666666667,-0.09201770593932895,0.5,120,0.1,0.1651242611621407,0.9833333333333333
25,603135,中重科技,2026-07-14,2026-07-14,518,0.21495936706215538,1.0,180,0.1,0.08457629105452505,0.6333333333333333,0.4092917674795765,1.0,240,0.1,0.08679714398035042,0.75
26,603183,建研院,2026-07-14,2026-07-14,518,0.20810317941738304,1.0,120,0.1,0.036855309551280954,0.7166666666666667,0.1001966039403433,0.9,120,1.0,0.04768133815761243,0.7833333333333333
27,603629,利通电子,2026-07-14,2026-07-14,518,0.1920199021954658,0.7666666666666667,180,10.0,0.18103320233113707,0.6833333333333333,0.3436959074861502,0.8,180,10.0,0.28522514317719516,0.6833333333333333
28,002579,中京电子,2026-07-14,2026-07-14,518,0.19061397526414137,0.8833333333333333,120,10.0,0.10825843738184977,0.6833333333333333,0.33072899941254386,0.9833333333333333,120,10.0,0.11395786831606346,0.7333333333333333
29,002859,洁美科技,2026-07-14,2026-07-14,508,0.1850375532841441,0.8666666666666667,120,1.0,0.10942008120250125,0.75,0.4321875439788872,1.0,120,0.1,0.12903059187899552,0.8666666666666667
30,002955,鸿合科技,2026-07-14,2026-07-14,514,0.18209056214452116,0.95,120,0.1,0.06299781648048673,0.6666666666666666,0.44274447602995237,1.0,120,10.0,0.07922246305245317,0.7333333333333333
31,603091,众鑫股份,2026-07-14,2026-07-14,437,0.1816246493105405,0.9166666666666666,120,0.1,0.06405993979886498,0.6666666666666666,0.25263805767692027,0.8833333333333333,120,1.0,0.10240999635424779,0.6833333333333333
32,600110,诺德股份,2026-07-14,2026-07-14,518,0.17943690990791722,0.95,240,0.1,0.09400342440409235,0.6,0.6371293497192183,1.0,120,0.1,0.1075176887562423,0.5833333333333334
33,002403,爱仕达,2026-07-14,2026-07-14,518,0.1771760957336549,1.0,120,1.0,0.0469470863240454,0.7333333333333333,0.2003860874428911,1.0,120,0.1,0.05450415938991726,0.7666666666666667
34,603065,宿迁联盛,2026-07-14,2026-07-14,518,0.1675343426934385,0.9333333333333333,180,10.0,0.0855777530083857,0.7333333333333333,-0.011670298739278176,0.5333333333333333,120,1.0,0.1830156164106891,0.6166666666666667
35,600552,凯盛科技,2026-07-14,2026-07-14,518,0.16606146316748105,0.8833333333333333,180,0.1,0.0967743309619886,0.7333333333333333,0.6478648828339347,1.0,120,0.1,0.10167991981851028,0.9
36,002935,天奥电子,2026-07-14,2026-07-14,518,0.1650258142180848,0.9833333333333333,180,0.1,0.05771371016219905,0.7166666666666667,0.24064584464933925,1.0,180,0.1,0.06527993007209244,0.7833333333333333
37,002491,通鼎互联,2026-07-14,2026-07-14,518,0.16378776824106703,0.8166666666666667,120,0.1,0.14448185035781025,0.5666666666666667,0.37753528293603306,0.95,120,10.0,0.18951374904262908,0.7833333333333333
38,002520,日发精机,2026-07-14,2026-07-14,518,0.163118906548611,0.9666666666666667,120,0.1,0.07137960056720109,0.6,0.07905464686951197,0.9833333333333333,120,10.0,0.10172768078597391,0.5
39,603186,华正新材,2026-07-14,2026-07-14,518,0.16195254141482404,0.7833333333333333,120,10.0,0.1517367702190109,0.6333333333333333,1.0156479351957615,1.0,120,0.1,0.19830419344479558,0.8333333333333334
40,600500,中化国际,2026-07-14,2026-07-14,509,0.16059353994206238,0.8833333333333333,120,1.0,0.11035849054240861,0.6833333333333333,0.31827321353267285,0.95,120,0.1,0.13171671494392953,0.8
41,603950,长源东谷,2026-07-14,2026-07-14,508,0.16054296416411779,0.9,240,10.0,0.10995910597218667,0.55,0.5191954810752768,1.0,240,0.1,0.1389982055063282,0.7
42,603006,联明股份,2026-07-14,2026-07-14,518,0.1604741950818038,0.9666666666666667,120,1.0,0.04064343973641431,0.7333333333333333,0.2526440902151167,1.0,120,0.1,0.04177433227116865,0.7166666666666667
43,002371,北方华创,2026-07-14,2026-07-14,518,0.15926466540300924,0.9666666666666667,120,1.0,0.07278280253798415,0.6,0.4193550494074323,1.0,120,0.1,0.08460723701757406,0.7833333333333333
44,603662,柯力传感,2026-07-14,2026-07-14,518,0.15845875738199486,0.95,120,0.1,0.06013298637874575,0.6666666666666666,0.11976942706495856,0.9833333333333333,180,1.0,0.06202790474167379,0.6833333333333333
45,002079,苏州固锝,2026-07-14,2026-07-14,518,0.15843577563455502,0.9666666666666667,120,1.0,0.05119828206601498,0.7166666666666667,0.6131214840404895,1.0,120,0.1,0.051038770172444736,0.8
46,600584,长电科技,2026-07-14,2026-07-14,518,0.15729755046748745,0.9666666666666667,120,0.1,0.10015564298887962,0.6833333333333333,0.18999380661838294,0.9666666666666667,120,10.0,0.17075676413745025,0.6833333333333333
47,001696,宗申动力,2026-07-14,2026-07-14,518,0.1549686333408819,1.0,120,1.0,0.08371633310667635,0.7833333333333333,0.32298268855557055,1.0,120,0.1,0.11723568987167396,0.7333333333333333
48,600578,京能电力,2026-07-14,2026-07-14,518,0.15301086021913768,0.9833333333333333,180,0.1,0.08166418666194425,0.85,0.15603098083507852,1.0,180,1.0,0.13040660566952617,0.8666666666666667
49,002998,优彩资源,2026-07-14,2026-07-14,518,0.15268284332151458,0.9833333333333333,120,0.1,0.045980997356134916,0.7333333333333333,0.44947113214114637,1.0,120,0.1,0.0629435156879352,0.8833333333333333
50,603010,万盛股份,2026-07-14,2026-07-14,518,0.1500695063094224,0.9833333333333333,120,10.0,0.07215364202481332,0.7,0.568739325785364,1.0,120,1.0,0.07892288271981909,0.7333333333333333
51,603319,美湖股份,2026-07-14,2026-07-14,518,0.14969809104769302,0.8833333333333333,120,1.0,0.08176360531213764,0.5,0.2374483702365521,1.0,120,1.0,0.0832915366898585,0.75
52,603826,坤彩科技,2026-07-14,2026-07-14,518,0.14943572491880094,0.8333333333333334,240,0.1,0.0929100321155534,0.5833333333333334,0.38106370019983465,1.0,120,0.1,0.13275378663495546,0.55
53,600345,长江通信,2026-07-14,2026-07-14,518,0.14884016407274378,1.0,120,1.0,0.06487527697166277,0.7166666666666667,0.29558805409179495,1.0,120,0.1,0.08937215010442796,0.65
54,605378,野马电池,2026-07-14,2026-07-14,518,0.14793386653406648,1.0,120,0.1,0.041427617387688666,0.7833333333333333,0.07524420302912688,0.7666666666666667,120,0.1,0.06144338128553441,0.7666666666666667
55,002897,意华股份,2026-07-14,2026-07-14,518,0.14702076532644962,0.9166666666666666,120,1.0,0.07438085677782859,0.6833333333333333,0.23283883211597936,1.0,180,0.1,0.07359578736059294,0.7333333333333333
56,600176,中国巨石,2026-07-14,2026-07-14,518,0.1453035332868804,0.95,120,10.0,0.10705032471426215,0.6666666666666666,0.8105997373146706,1.0,180,1.0,0.1378901871760427,0.8333333333333334
57,600172,黄河旋风,2026-07-14,2026-07-14,518,0.14443858074270385,0.9166666666666666,120,10.0,0.11546205792094148,0.6333333333333333,0.40767172816383207,1.0,180,1.0,0.14522225376334996,0.65
58,603567,珍宝岛,2026-07-14,2026-07-14,518,0.14306420386400717,0.9833333333333333,120,0.1,0.062115611400417284,0.5333333333333333,0.311535910464301,1.0,120,0.1,0.07719577436624227,0.6
59,000938,紫光股份,2026-07-14,2026-07-14,518,0.14055008752175083,1.0,120,0.1,0.05896713656405444,0.6333333333333333,0.22589288251310882,1.0,120,0.1,0.08183330893721667,0.8
60,603211,晋拓股份,2026-07-14,2026-07-14,518,0.13897157032194554,0.95,120,10.0,0.06687058281417964,0.7166666666666667,0.22529138436882246,1.0,180,0.1,0.06805089970634354,0.8166666666666667
61,600186,莲花控股,2026-07-14,2026-07-14,518,0.13680336903021528,0.7166666666666667,180,10.0,0.13411400719780894,0.55,0.44360982926950504,0.9833333333333333,180,0.1,0.17414378297418937,0.6666666666666666
62,002080,中材科技,2026-07-14,2026-07-14,518,0.13648720905507786,0.8833333333333333,120,10.0,0.10432745537049895,0.65,0.2670482597173319,1.0,120,10.0,0.14849666730519775,0.7333333333333333
63,000032,深桑达Ａ,2026-07-14,2026-07-14,518,0.13423459273867938,0.9666666666666667,120,10.0,0.08360251481000763,0.5166666666666667,0.33787371224001866,1.0,180,10.0,0.1293736611124771,0.6833333333333333
64,603661,恒林股份,2026-07-14,2026-07-14,518,0.13375372954691506,0.9833333333333333,240,10.0,0.0763189722530992,0.6333333333333333,0.18659374204188584,1.0,180,10.0,0.09917293602532526,0.7666666666666667
65,601869,长飞光纤,2026-07-14,2026-07-14,518,0.13258158148521162,0.8166666666666667,240,0.1,0.09776071878082189,0.48333333333333334,0.1573200382592642,0.7,240,10.0,0.12446028012776908,0.6833333333333333
66,002611,东方精工,2026-07-14,2026-07-14,518,0.13185482991025027,0.9666666666666667,120,0.1,0.04382337320702288,0.6666666666666666,0.13461022325622304,0.9666666666666667,180,0.1,0.044854252702327825,0.6666666666666666
67,000977,浪潮信息,2026-07-14,2026-07-14,518,0.13086349987710258,0.9833333333333333,120,0.1,0.06358643491904327,0.6,0.13471106442773143,0.9833333333333333,120,0.1,0.08236182534849774,0.6833333333333333
68,603538,美诺华,2026-07-14,2026-07-14,518,0.1305594806049268,0.7833333333333333,240,0.1,0.09212856990850314,0.7333333333333333,0.1565395225063862,0.7833333333333333,240,10.0,0.10963971866694609,0.6833333333333333
69,605198,安德利,2026-07-14,2026-07-14,518,0.12955951620718492,0.8333333333333334,180,0.1,0.10442241828995527,0.6666666666666666,0.19870077402962147,0.9333333333333333,120,10.0,0.11865044136687185,0.8
70,002915,中欣氟材,2026-07-14,2026-07-14,518,0.12879937826785584,0.8666666666666667,120,0.1,0.07209453444391814,0.7,0.15505259849247857,0.9833333333333333,120,10.0,0.06823095605617034,0.6666666666666666
71,000070,特发信息,2026-07-14,2026-07-14,517,0.1278446367054993,0.7666666666666667,180,10.0,0.10535016237016684,0.5333333333333333,0.24105569314611033,0.85,180,10.0,0.12347866898969126,0.48333333333333334
72,003018,金富科技,2026-07-14,2026-07-14,518,0.1272770536464855,0.8,120,10.0,0.14282879269173765,0.7,0.161763534991214,0.7666666666666667,180,10.0,0.23072260925285135,0.6833333333333333
73,002272,川润股份,2026-07-14,2026-07-14,518,0.12721713183865502,1.0,120,1.0,0.06680557406317124,0.7333333333333333,0.1142105490705638,0.9833333333333333,180,1.0,0.06347581805840975,0.8166666666666667
74,600129,太极集团,2026-07-14,2026-07-14,518,0.12541850359918782,0.9833333333333333,240,10.0,0.04753793094748822,0.6833333333333333,-0.27982165512217116,0.03333333333333333,120,1.0,0.055917611196282156,0.6833333333333333
75,600665,天地源,2026-07-14,2026-07-14,518,0.12504193857512194,0.9666666666666667,120,0.1,0.05200317390201348,0.6166666666666667,0.12842745411058998,0.95,120,0.1,0.06790836431391901,0.6
76,002850,科达利,2026-07-14,2026-07-14,518,0.12497050146851138,0.9166666666666666,180,10.0,0.07325117458109176,0.5166666666666667,0.050010785027808445,0.7833333333333333,120,10.0,0.06865938929199573,0.65
77,605018,长华集团,2026-07-14,2026-07-14,518,0.12321460049081388,0.8833333333333333,240,0.1,0.08469395135635252,0.4,0.1215829238096649,0.8333333333333334,120,10.0,0.10575605274483581,0.5333333333333333
78,600888,新疆众和,2026-07-14,2026-07-14,518,0.11974584954200249,0.9,240,0.1,0.09669024387213647,0.6,0.2863100880079788,1.0,240,0.1,0.12570513200519323,0.75
79,603699,纽威股份,2026-07-14,2026-07-14,518,0.11966912001412773,0.9333333333333333,120,10.0,0.06033673503753707,0.65,0.13370616139962338,0.9333333333333333,120,10.0,0.08531283265003947,0.5166666666666667
80,603085,天成自控,2026-07-14,2026-07-14,518,0.11904198669015593,1.0,120,0.1,0.045454693420483,0.7333333333333333,0.1571263207910033,1.0,120,1.0,0.05812436183574153,0.8166666666666667
81,002636,金安国纪,2026-07-14,2026-07-14,518,0.11848044602321624,0.9333333333333333,120,10.0,0.1285281986745143,0.7333333333333333,0.5647023509558673,1.0,180,1.0,0.22640335347362836,0.6666666666666666
82,002068,黑猫股份,2026-07-14,2026-07-14,518,0.1176263113689411,0.9,180,0.1,0.09764932153720815,0.7166666666666667,0.1231094944505015,0.9666666666666667,240,0.1,0.1238273794965889,0.6166666666666667
83,600863,内蒙华电,2026-07-14,2026-07-14,510,0.11761688330261971,0.8833333333333333,120,1.0,0.06438564163060459,0.7833333333333333,0.22595651959651164,0.9833333333333333,120,1.0,0.08279739883080413,0.7833333333333333
84,605318,法狮龙,2026-07-14,2026-07-14,517,0.11729263923727806,0.9166666666666666,120,10.0,0.0828174038469384,0.65,0.45881300408866926,1.0,120,0.1,0.10601723767169464,0.6666666666666666
85,600206,有研新材,2026-07-14,2026-07-14,518,0.11683201081981831,0.9166666666666666,120,1.0,0.11304437817701048,0.6666666666666666,0.4417207027999391,1.0,120,1.0,0.16752015798357728,0.8166666666666667
86,605287,德才股份,2026-07-14,2026-07-14,518,0.11600070877699535,0.7333333333333333,120,10.0,0.09731164915491229,0.5666666666666667,0.1490043815063223,0.6833333333333333,120,10.0,0.12855787904878638,0.6166666666666667
87,002910,庄园牧场,2026-07-14,2026-07-14,518,0.11579141008254944,0.9666666666666667,120,10.0,0.050606929189161196,0.7166666666666667,0.24525761766410073,1.0,120,0.1,0.0642339541702255,0.6833333333333333
88,002446,盛路通信,2026-07-14,2026-07-14,518,0.1156828113965744,0.9333333333333333,180,0.1,0.058669176874403844,0.6333333333333333,0.14296571770304733,0.9666666666666667,240,0.1,0.06452953446974068,0.5833333333333334
89,605009,豪悦护理,2026-07-14,2026-07-14,518,0.11479715553971113,1.0,120,0.1,0.028586286844264217,0.7,0.2190000496935385,1.0,120,0.1,0.031239239168512525,0.8166666666666667
90,000551,创元科技,2026-07-14,2026-07-14,518,0.11443890854956058,0.9333333333333333,180,10.0,0.06873392761906344,0.6166666666666667,0.18766070401494298,0.9666666666666667,180,10.0,0.10042709636504445,0.6833333333333333
91,002913,奥士康,2026-07-14,2026-07-14,518,0.11392493989864531,0.95,120,0.1,0.0682748853173333,0.6166666666666667,0.2891245628065533,1.0,120,1.0,0.07112983636180442,0.7666666666666667
92,603713,密尔克卫,2026-07-14,2026-07-14,518,0.11306560141186128,0.9333333333333333,120,0.1,0.06098496570416011,0.5166666666666667,0.2228099557649664,1.0,120,0.1,0.060656746601000316,0.75
93,000600,建投能源,2026-07-14,2026-07-14,518,0.1130402206719264,0.9166666666666666,120,0.1,0.05890586766275383,0.6666666666666666,0.1672366943731189,0.9166666666666666,120,0.1,0.07421441289151183,0.75
94,600601,方正科技,2026-07-14,2026-07-14,518,0.11226798525117296,0.9,180,10.0,0.07612855313276211,0.65,0.05743298110308079,0.7333333333333333,240,10.0,0.0823389488246913,0.6666666666666666
95,002137,实益达,2026-07-14,2026-07-14,518,0.11203474160033261,1.0,240,0.1,0.05246243714017999,0.6,0.12369542092136787,0.9833333333333333,240,0.1,0.06693402453035281,0.6666666666666666
96,601066,中信建投,2026-07-14,2026-07-14,518,0.11092759193350886,0.9333333333333333,120,0.1,0.04506829308877637,0.6666666666666666,0.2543055532492295,1.0,120,0.1,0.050864311256602006,0.5333333333333333
97,600505,西昌电力,2026-07-14,2026-07-14,518,0.11089862371361822,0.9833333333333333,120,10.0,0.05277750067964337,0.5833333333333334,0.20045847121409405,1.0,120,10.0,0.05962616139753697,0.7666666666666667
98,603353,和顺石油,2026-07-14,2026-07-14,518,0.11004018766412543,0.7666666666666667,120,0.1,0.09029945206565901,0.5833333333333334,0.2561890964651711,0.9,120,0.1,0.12476382892190366,0.5333333333333333
99,600343,航天动力,2026-07-14,2026-07-14,518,0.1063260627671358,0.7333333333333333,120,0.1,0.09130216782053918,0.5833333333333334,0.1522985364260614,0.7333333333333333,120,0.1,0.11910333366948168,0.6833333333333333
100,002733,雄韬股份,2026-07-14,2026-07-14,518,0.106040776574099,0.7166666666666667,180,10.0,0.10309595860432669,0.45,0.41824688263804904,1.0,240,0.1,0.11240306585772392,0.5833333333333334
101,603002,宏昌电子,2026-07-14,2026-07-14,518,0.10539131181388209,0.8166666666666667,120,10.0,0.09568176746180526,0.7,0.46499006450363367,1.0,120,10.0,0.12515438931142378,0.8833333333333333
102,601133,柏诚股份,2026-07-14,2026-07-14,515,0.1052019003661469,0.8,240,10.0,0.1056094767364653,0.5666666666666667,0.19060712139236785,1.0,240,10.0,0.12791528174128472,0.6833333333333333
103,603687,大胜达,2026-07-14,2026-07-14,518,0.10518676244443373,0.7833333333333333,180,10.0,0.08364158869317187,0.6166666666666667,0.1373911195334333,0.8,180,10.0,0.10082283066745862,0.5333333333333333
104,600843,上工申贝,2026-07-14,2026-07-14,517,0.10510617557802826,0.9333333333333333,180,0.1,0.04902989522818088,0.8166666666666667,0.13541425832425624,1.0,180,0.1,0.050199832838089035,0.8833333333333333
105,002072,凯瑞德,2026-07-14,2026-07-14,518,0.10461253092608108,0.8833333333333333,120,0.1,0.06332969441599039,0.55,0.20113881539457468,0.9833333333333333,120,10.0,0.06758807529868775,0.6166666666666667
106,000017,深中华A,2026-07-14,2026-07-14,518,0.10345617653926656,1.0,120,10.0,0.04397651014437064,0.7,0.1549535763760905,1.0,120,10.0,0.06038981748579358,0.7666666666666667
107,601126,四方股份,2026-07-14,2026-07-14,518,0.10319847450784284,0.85,180,1.0,0.08204627430325151,0.75,0.39265669681068666,1.0,180,0.1,0.09899270478414368,0.85
108,002642,荣联科技,2026-07-14,2026-07-14,518,0.10314618149907687,0.95,120,1.0,0.05541945816011769,0.6333333333333333,0.180598733431387,1.0,120,0.1,0.0622204739445147,0.7333333333333333
109,002422,科伦药业,2026-07-14,2026-07-14,518,0.10237047788800553,1.0,120,1.0,0.04583528570544681,0.6333333333333333,0.3145260275616036,1.0,120,0.1,0.05805242137291402,0.6833333333333333
110,603779,威龙股份,2026-07-14,2026-07-14,513,0.10163225968646147,0.7833333333333333,180,10.0,0.11622016313580959,0.6166666666666667,0.17411032455763592,0.9166666666666666,180,10.0,0.17977544883361612,0.7666666666666667
111,603328,依顿电子,2026-07-14,2026-07-14,518,0.09997965447423053,0.9166666666666666,240,1.0,0.05864201674190153,0.7,0.23531726765328873,1.0,120,10.0,0.06560925603445478,0.75
112,002718,友邦吊顶,2026-07-14,2026-07-14,508,0.09970483498807485,0.85,240,10.0,0.06881861685631577,0.65,0.1710581822563183,0.8833333333333333,240,10.0,0.11025577163404796,0.7333333333333333
113,600027,华电国际,2026-07-14,2026-07-14,508,0.09964953339137392,1.0,120,0.1,0.02982450336412887,0.8,0.11559075836679629,1.0,240,0.1,0.03884985154907269,0.8166666666666667
114,603977,国泰集团,2026-07-14,2026-07-14,518,0.09942343349882223,0.8166666666666667,240,0.1,0.06874750623426724,0.65,0.10042987845923741,0.8,240,10.0,0.07666244904284716,0.6166666666666667
115,600184,光电股份,2026-07-14,2026-07-14,518,0.09897676162573175,0.8166666666666667,180,10.0,0.10328594570991625,0.65,0.7107430197280734,1.0,120,1.0,0.11947169833185887,0.6666666666666666
116,600180,瑞茂通,2026-07-14,2026-07-14,517,0.09816818928142806,0.8,240,0.1,0.1016017758704574,0.7333333333333333,0.18181007289713508,0.8166666666666667,180,0.1,0.14205358716646435,0.8166666666666667
117,002617,露笑科技,2026-07-14,2026-07-14,518,0.09812110910620833,0.9166666666666666,180,0.1,0.0701867990163198,0.6333333333333333,0.3385712752778724,1.0,120,0.1,0.07577498013798506,0.7166666666666667
118,600545,卓郎智能,2026-07-14,2026-07-14,518,0.09734287927630117,0.7,240,10.0,0.12931191254916438,0.5833333333333334,0.3225303166973,0.9333333333333333,240,0.1,0.15617383372122057,0.7
119,002962,五方光电,2026-07-14,2026-07-14,518,0.09662664653966915,0.7833333333333333,120,10.0,0.08888844052117288,0.45,0.18804705074720507,0.8833333333333333,120,10.0,0.11122116428698264,0.6333333333333333
120,002876,三利谱,2026-07-14,2026-07-14,518,0.09596453557483053,0.95,120,1.0,0.04081643368838879,0.7166666666666667,0.13841240661849694,1.0,120,10.0,0.042306678920578177,0.8
121,603929,亚翔集成,2026-07-14,2026-07-14,518,0.09510253952232842,0.55,240,10.0,0.1297712397689224,0.45,0.18800515510362756,0.6833333333333333,240,10.0,0.18211111974715968,0.5833333333333334
122,603928,兴业股份,2026-07-14,2026-07-14,518,0.0949589047264987,0.85,120,1.0,0.0685522609232459,0.6166666666666667,0.5732495005873328,1.0,120,1.0,0.07084751511601195,0.85
123,002669,康达新材,2026-07-14,2026-07-14,518,0.09486464673128427,0.8666666666666667,180,0.1,0.062691373408944,0.7,0.2575978983063379,1.0,120,0.1,0.06809110996500609,0.7666666666666667
124,600301,华锡有色,2026-07-14,2026-07-14,518,0.09447012922012092,0.7166666666666667,120,10.0,0.10072985395223825,0.6333333333333333,0.14776760135427378,0.9166666666666666,120,1.0,0.07777768590590435,0.75
125,002297,博云新材,2026-07-14,2026-07-14,518,0.09414333182828442,0.8166666666666667,120,1.0,0.1573287450611824,0.6666666666666666,0.329765650072224,0.9333333333333333,180,10.0,0.27875759429429675,0.7
126,600302,标准股份,2026-07-14,2026-07-14,512,0.09383234174722424,0.6166666666666667,240,1.0,0.08939744515660238,0.4,0.25910033457960596,0.8833333333333333,120,0.1,0.11012265367829352,0.6166666666666667
127,605011,杭州热电,2026-07-14,2026-07-14,518,0.09381642719568922,0.9333333333333333,120,1.0,0.04535449157381577,0.6333333333333333,0.23291810857097017,1.0,180,0.1,0.060582523837623185,0.75
128,600759,洲际油气,2026-07-14,2026-07-14,516,0.09376202867562373,0.7166666666666667,180,10.0,0.11186096060051691,0.6333333333333333,0.09108135804105458,0.45,180,10.0,0.16481218069419412,0.6166666666666667
129,002824,和胜股份,2026-07-14,2026-07-14,518,0.09347855262029063,0.8666666666666667,180,10.0,0.08191054719375407,0.7333333333333333,0.3151986028880443,1.0,120,10.0,0.12162627487591135,0.85
130,600857,宁波中百,2026-07-14,2026-07-14,518,0.0932095462893669,0.9333333333333333,120,0.1,0.07930057997547532,0.5666666666666667,0.25484828040854784,1.0,120,1.0,0.09478807093502271,0.6333333333333333
131,603706,东方环宇,2026-07-14,2026-07-14,518,0.093064458162987,1.0,120,0.1,0.03602172743705283,0.7166666666666667,0.18984870892581163,1.0,120,0.1,0.044360722039778394,0.85
132,000810,创维数字,2026-07-14,2026-07-14,518,0.0924971601218727,0.9166666666666666,240,10.0,0.05889641178216852,0.5166666666666667,0.44992057547697195,1.0,120,0.1,0.06069590880117863,0.7666666666666667
133,002125,湘潭电化,2026-07-14,2026-07-14,518,0.09200438458210777,0.8666666666666667,180,0.1,0.06876555806768946,0.65,0.21287116859773395,1.0,180,10.0,0.08768935727290444,0.8666666666666667
134,603119,浙江荣泰,2026-07-14,2026-07-14,518,0.09136561990275338,0.7333333333333333,120,1.0,0.08102735890430171,0.65,-0.01680006272110416,0.38333333333333336,120,10.0,0.07644688188507494,0.5833333333333334
135,603305,旭升集团,2026-07-14,2026-07-14,511,0.0902661337535288,0.85,120,0.1,0.05005720314368223,0.6666666666666666,0.13930968249636094,0.9166666666666666,120,0.1,0.07091902830609766,0.8166666666666667
136,603725,天安新材,2026-07-14,2026-07-14,518,0.0895505328595427,0.9,120,10.0,0.07222319693251221,0.6333333333333333,0.10168153577884745,0.9666666666666667,120,1.0,0.0801312607835897,0.7666666666666667
137,002354,天娱数科,2026-07-14,2026-07-14,518,0.08933466077221625,0.9333333333333333,180,1.0,0.08737480675757481,0.6166666666666667,0.06940521834868771,0.9166666666666666,180,10.0,0.11713869385798006,0.6
138,605111,新洁能,2026-07-14,2026-07-14,518,0.08932230842071791,0.8333333333333334,180,1.0,0.11174567019874113,0.6166666666666667,0.5169481839899082,1.0,120,1.0,0.13632267401582013,0.7166666666666667
139,600378,昊华科技,2026-07-14,2026-07-14,518,0.08910167520650172,0.7833333333333333,120,0.1,0.10106299215624806,0.65,0.5556249252453143,1.0,120,10.0,0.1351252882295131,0.8166666666666667
140,601958,金钼股份,2026-07-14,2026-07-14,518,0.08873921183461303,0.85,120,10.0,0.08608830387953842,0.6833333333333333,0.109575423527991,0.85,240,10.0,0.09981758228916048,0.65
141,603933,睿能科技,2026-07-14,2026-07-14,508,0.08869674405710812,0.8166666666666667,240,10.0,0.06694470177003328,0.6166666666666667,0.10505103247570276,0.9333333333333333,120,10.0,0.07455135703179015,0.75
142,002705,新宝股份,2026-07-14,2026-07-14,518,0.08847639338507443,0.7333333333333333,120,0.1,0.05960071225857823,0.6333333333333333,0.0876294344567785,0.6833333333333333,120,1.0,0.07750614051967343,0.6833333333333333
143,000672,上峰水泥,2026-07-14,2026-07-14,518,0.08792849348043817,0.9166666666666666,120,0.1,0.06989632713587304,0.75,0.24982841857127872,1.0,120,0.1,0.10825777774961437,0.8333333333333334
144,600641,先导基电,2026-07-14,2026-07-14,517,0.08770913930981808,0.9,120,1.0,0.08289972356631017,0.7166666666666667,0.19471154896731935,0.9833333333333333,120,1.0,0.11667515644696973,0.9333333333333333
145,603222,济民健康,2026-07-14,2026-07-14,518,0.0876239211035327,0.9166666666666666,120,1.0,0.05000132290257274,0.7,0.12711225085580044,1.0,120,10.0,0.06581089041053856,0.8333333333333334
146,600630,龙头股份,2026-07-14,2026-07-14,518,0.08674962964548186,0.9166666666666666,120,0.1,0.05775237562478307,0.5333333333333333,0.1412746684209968,0.9333333333333333,240,10.0,0.06983888397480416,0.7333333333333333
147,002025,航天电器,2026-07-14,2026-07-14,518,0.08637663873257215,0.7833333333333333,180,1.0,0.07609604715079478,0.6333333333333333,0.19873750731791434,0.9666666666666667,120,1.0,0.07956957073177384,0.8166666666666667
148,600540,新赛股份,2026-07-14,2026-07-14,518,0.08599931469860728,0.7833333333333333,240,0.1,0.049665454119423844,0.7833333333333333,0.14650337500359623,0.9333333333333333,120,0.1,0.07025980147015763,0.8333333333333334
149,002951,金时科技,2026-07-14,2026-07-14,517,0.0858628374506567,0.7833333333333333,120,1.0,0.08967243806328888,0.65,0.043443769247923036,0.85,120,10.0,0.08548364723978961,0.7
150,600236,桂冠电力,2026-07-14,2026-07-14,518,0.08584104148555297,0.8,180,0.1,0.061703476135318715,0.65,0.09454323610882967,0.8166666666666667,180,0.1,0.06263419061099672,0.8166666666666667
151,002449,国星光电,2026-07-14,2026-07-14,518,0.08562257717598028,0.9333333333333333,240,0.1,0.03597620912093288,0.75,0.09807163647350281,0.95,240,0.1,0.029614520970800962,0.85
152,002023,海特高新,2026-07-14,2026-07-14,518,0.0855444698051258,0.8333333333333334,120,10.0,0.07161610460141724,0.65,0.25873261563952166,1.0,120,1.0,0.08059543897875797,0.8166666666666667
153,603335,迪生力,2026-07-14,2026-07-14,518,0.08392664777878436,0.85,120,10.0,0.07177225157603048,0.6666666666666666,0.26023177326290786,0.95,120,10.0,0.08866800221700905,0.7
154,600539,狮头股份,2026-07-14,2026-07-14,508,0.0837711511601926,0.75,240,10.0,0.08783818751003511,0.48333333333333334,0.1306299206525799,0.7333333333333333,120,10.0,0.10067296219403275,0.6
155,002081,金 螳 螂,2026-07-14,2026-07-14,518,0.08303181083021108,0.6,240,1.0,0.1505370672895712,0.5333333333333333,0.07736332061723708,0.55,120,10.0,0.24876202149497884,0.6
156,600403,大有能源,2026-07-14,2026-07-14,518,0.08267921728866305,0.9,120,10.0,0.09497718904682058,0.6666666666666666,0.040253402315477624,0.6833333333333333,120,10.0,0.10896653509663198,0.75
157,600629,华建集团,2026-07-14,2026-07-14,518,0.08239049605724628,0.7666666666666667,120,0.1,0.07753627944649996,0.5666666666666667,0.16903508445919363,0.8666666666666667,120,1.0,0.09722714430119166,0.7
158,603203,快克智能,2026-07-14,2026-07-14,518,0.08143708218119432,0.7166666666666667,180,10.0,0.11233282084647045,0.65,0.19566699660209835,0.8333333333333334,120,10.0,0.14306791234617802,0.7666666666666667
159,002413,雷科防务,2026-07-14,2026-07-14,518,0.08134880619840733,0.8,120,0.1,0.058207293489437276,0.6166666666666667,0.15887172686200354,0.8833333333333333,120,0.1,0.07515215007099511,0.55
160,002442,龙星科技,2026-07-14,2026-07-14,518,0.08122791898774248,0.8666666666666667,120,10.0,0.06353243340905466,0.7166666666666667,0.1836827168595401,1.0,120,1.0,0.06275467076934488,0.7833333333333333
161,000733,振华科技,2026-07-14,2026-07-14,518,0.08079453048161193,0.8166666666666667,180,0.1,0.07529037750120202,0.5,0.19792844438082108,1.0,180,0.1,0.07006277408337852,0.6833333333333333
162,001389,广合科技,2026-07-14,2026-07-14,518,0.08061466882268772,0.8,240,10.0,0.09605752999856877,0.48333333333333334,0.18829043136013085,0.9166666666666666,120,10.0,0.12744261025073653,0.65
163,600999,招商证券,2026-07-14,2026-07-14,518,0.07986525062698681,0.9666666666666667,180,0.1,0.04066182067848818,0.6666666666666666,0.14892325597202932,1.0,240,0.1,0.058819485035215786,0.7333333333333333
164,603110,东方材料,2026-07-14,2026-07-14,518,0.07984862782801602,0.8,120,1.0,0.08644490087278062,0.65,0.04720246680624894,0.7666666666666667,180,10.0,0.1249332251436678,0.6666666666666666
165,603077,和邦生物,2026-07-14,2026-07-14,518,0.07969964258490116,0.6833333333333333,120,0.1,0.059610996241224345,0.31666666666666665,0.06779113263614144,0.4666666666666667,120,10.0,0.0791360964351773,0.3
166,001287,中电港,2026-07-14,2026-07-14,518,0.07959890868054038,0.9166666666666666,180,10.0,0.05311237656247181,0.6666666666666666,0.14048488641830056,0.9833333333333333,180,1.0,0.060696675677450296,0.7
167,002782,可立克,2026-07-14,2026-07-14,518,0.07895971255917453,0.7166666666666667,120,1.0,0.09087334859322937,0.7166666666666667,0.19683314748521913,0.9333333333333333,180,10.0,0.12363199786215082,0.7166666666666667
168,000703,恒逸石化,2026-07-14,2026-07-14,518,0.07884845235019979,0.6666666666666666,180,10.0,0.08084571279365275,0.45,0.12403623137063349,0.75,180,10.0,0.11140634234695532,0.55
169,600322,津投城开,2026-07-14,2026-07-14,508,0.07821297717005092,0.9,120,0.1,0.05488373247277363,0.6666666666666666,0.1295872061947724,0.9833333333333333,120,10.0,0.06306157434246001,0.7333333333333333
170,600078,澄星股份,2026-07-14,2026-07-14,517,0.07801565150082139,0.75,120,10.0,0.08199535524292814,0.7,0.19278513660837432,0.95,120,0.1,0.08577203313625834,0.6666666666666666
171,600990,四创电子,2026-07-14,2026-07-14,518,0.07780018012847982,0.9166666666666666,120,1.0,0.04650297222217668,0.6833333333333333,0.13111642451134298,0.9666666666666667,120,0.1,0.06677662953357112,0.6333333333333333
172,603051,鹿山新材,2026-07-14,2026-07-14,518,0.07775838528174277,0.85,120,0.1,0.0531999770169046,0.6166666666666667,0.1315865935456352,0.9833333333333333,120,0.1,0.06123704398925059,0.7833333333333333
173,600198,大唐电信,2026-07-14,2026-07-14,518,0.07748543855810312,0.8,240,1.0,0.06604875623028215,0.6166666666666667,0.1825564508042718,1.0,240,0.1,0.07312895395463248,0.6666666666666666
174,601872,招商轮船,2026-07-14,2026-07-14,518,0.07701498400973633,0.7166666666666667,120,1.0,0.08843767983293792,0.6333333333333333,0.11829020097889895,0.8666666666666667,180,0.1,0.10004012257231687,0.6333333333333333
175,002629,仁智股份,2026-07-14,2026-07-14,513,0.0763300561840603,0.9,120,1.0,0.04758355387647352,0.6833333333333333,0.03612166914981613,0.5833333333333334,120,10.0,0.07702543185156537,0.6333333333333333
176,003036,泰坦股份,2026-07-14,2026-07-14,518,0.07632728758521805,0.6,120,10.0,0.1372473596778925,0.7,-0.05014295926377105,0.16666666666666666,120,0.1,0.174959888790834,0.85
177,603270,金帝股份,2026-07-14,2026-07-14,518,0.07580389687868144,0.8666666666666667,120,10.0,0.06291501047789984,0.6333333333333333,0.14915848442207305,0.9833333333333333,180,0.1,0.05248867109859134,0.8
178,002828,贝肯能源,2026-07-14,2026-07-14,513,0.07572030149310721,0.8666666666666667,240,0.1,0.06534883241620121,0.38333333333333336,0.15630253303462677,0.9,120,10.0,0.1135118660655158,0.26666666666666666
179,002957,科瑞技术,2026-07-14,2026-07-14,518,0.07528705586625659,0.7,120,10.0,0.12155697368263163,0.4666666666666667,0.14593529489674736,0.7166666666666667,180,10.0,0.21247541661111077,0.5166666666666667
180,000012,南  玻Ａ,2026-07-14,2026-07-14,518,0.07503638328358746,0.7666666666666667,240,10.0,0.07942902417051065,0.55,0.234392083616789,1.0,180,1.0,0.07287649895422858,0.75
181,603290,斯达半导,2026-07-14,2026-07-14,518,0.07499536119393409,0.9333333333333333,120,10.0,0.07748530576962084,0.6833333333333333,0.22656773681272574,1.0,120,1.0,0.09849353582297361,0.6833333333333333
182,000823,超声电子,2026-07-14,2026-07-14,518,0.07429791805714109,0.8333333333333334,120,10.0,0.10127046512592622,0.5833333333333334,0.4344254182950294,1.0,120,10.0,0.13277286008988373,0.6666666666666666
183,002975,博杰股份,2026-07-14,2026-07-14,518,0.07409357502228744,0.7333333333333333,120,10.0,0.10713707988739528,0.6166666666666667,0.1549061837801722,0.8166666666666667,120,1.0,0.15493702617975266,0.6833333333333333
184,002587,奥拓电子,2026-07-14,2026-07-14,518,0.07401004536646358,0.8833333333333333,120,10.0,0.04660936464133584,0.65,0.1444386994406759,0.9833333333333333,120,1.0,0.044112732631625566,0.7333333333333333
185,603727,博迈科,2026-07-14,2026-07-14,518,0.0737369590608008,0.75,180,1.0,0.07819148533624995,0.55,0.1360123676491224,0.8833333333333333,180,1.0,0.11245647589236278,0.36666666666666664
186,000062,深圳华强,2026-07-14,2026-07-14,518,0.07330661028855205,0.7166666666666667,240,10.0,0.07786405915765339,0.6,0.04976331865935545,0.5333333333333333,240,10.0,0.10145984088058481,0.55
187,002428,云南锗业,2026-07-14,2026-07-14,518,0.07318045774656701,0.6,120,10.0,0.13438069337505396,0.5666666666666667,0.30870667860562245,0.9333333333333333,120,10.0,0.17743399187746015,0.6833333333333333
188,600743,华远控股,2026-07-14,2026-07-14,518,0.073164934669423,0.55,180,10.0,0.07223014103489357,0.4666666666666667,0.1519548776691997,0.9,180,1.0,0.09050686340831618,0.7
189,002990,盛视科技,2026-07-14,2026-07-14,518,0.07303257597036884,0.7333333333333333,240,1.0,0.12950190043300389,0.7333333333333333,0.5285788616377393,0.9666666666666667,120,1.0,0.22460513917836358,0.8
190,002203,海亮股份,2026-07-14,2026-07-14,518,0.07214349721228222,0.7333333333333333,120,10.0,0.09948500365175887,0.6,0.22854752662260838,0.9166666666666666,120,1.0,0.1319218787517515,0.7166666666666667
191,002767,先锋电子,2026-07-14,2026-07-14,518,0.07209577662381499,0.8666666666666667,120,10.0,0.04789431171913813,0.4666666666666667,0.21691984326027614,1.0,120,10.0,0.05834705324073835,0.48333333333333334
192,603267,鸿远电子,2026-07-14,2026-07-14,518,0.07209427493970735,0.8,120,10.0,0.08504586314745914,0.5333333333333333,0.3755899041623923,1.0,120,1.0,0.08508988620855355,0.7166666666666667
193,002409,雅克科技,2026-07-14,2026-07-14,518,0.0718042026680504,0.85,240,10.0,0.10333950885660116,0.6666666666666666,0.5375600561375264,1.0,120,1.0,0.15766491701648488,0.8333333333333334
194,603318,水发燃气,2026-07-14,2026-07-14,518,0.07166910956857003,0.6833333333333333,120,10.0,0.13197340268360355,0.7666666666666667,0.006643474715660826,0.4,120,10.0,0.17105311694985376,0.8166666666666667
195,601858,中国科传,2026-07-14,2026-07-14,518,0.07136276526745426,0.8166666666666667,120,0.1,0.06300268650987735,0.6833333333333333,-0.02196088771057773,0.3333333333333333,240,0.1,0.10010208506230486,0.7166666666666667
196,002482,广田集团,2026-07-14,2026-07-14,517,0.07131023703186312,0.95,120,0.1,0.03261978816128203,0.6166666666666667,0.1392982530297362,1.0,120,0.1,0.04229776461242813,0.7833333333333333
197,002685,华东重机,2026-07-14,2026-07-14,518,0.07117151251492124,0.7666666666666667,240,0.1,0.06547148586406906,0.6333333333333333,0.1456378885594982,0.85,240,0.1,0.08188973740060504,0.7333333333333333
198,605376,博迁新材,2026-07-14,2026-07-14,518,0.07031367860906039,0.75,120,1.0,0.11322679033274832,0.6166666666666667,0.33497919530885406,0.9833333333333333,120,10.0,0.14719385580870284,0.8166666666666667
199,600026,中远海能,2026-07-14,2026-07-14,518,0.070169495393999,0.7833333333333333,120,1.0,0.07913586411052093,0.6166666666666667,-0.07110663363536834,0.23333333333333334,180,1.0,0.10312829500144974,0.5166666666666667
200,002729,好利科技,2026-07-14,2026-07-14,513,0.06997198425422588,0.6,180,0.1,0.0754454311167998,0.6833333333333333,0.052199704100064234,0.55,180,0.1,0.07700069641398795,0.7333333333333333
201,002213,大为股份,2026-07-14,2026-07-14,518,0.06938639974454125,0.6666666666666666,120,10.0,0.07813375052557789,0.6333333333333333,0.16635195320949808,0.85,120,10.0,0.11240420993761825,0.7166666666666667
202,002652,扬子新材,2026-07-14,2026-07-14,518,0.06928513860834008,0.7,120,0.1,0.08273358882136422,0.6166666666666667,0.10884277687619795,0.6833333333333333,120,0.1,0.12066908697994637,0.5666666666666667
203,603690,至纯科技,2026-07-14,2026-07-14,509,0.06916531215446745,0.8833333333333333,180,0.1,0.06693341366785992,0.6833333333333333,0.17550746120055163,0.9333333333333333,180,0.1,0.09038033142123,0.7
204,002674,兴业科技,2026-07-14,2026-07-14,518,0.06886161065623245,0.9666666666666667,240,10.0,0.10051840379540443,0.5666666666666667,1.3033759547811277,1.0,120,0.1,0.13920022726000406,0.6833333333333333
205,001269,欧晶科技,2026-07-14,2026-07-14,518,0.0686481245482889,0.85,180,0.1,0.061316112798564366,0.65,0.1226465143309091,0.95,180,0.1,0.07315882295829505,0.75
206,002443,金洲管道,2026-07-14,2026-07-14,518,0.06838109622295874,0.8333333333333334,180,10.0,0.06768298131866282,0.55,0.17010966031748534,1.0,180,10.0,0.09934109165448869,0.5333333333333333
207,603636,南威软件,2026-07-14,2026-07-14,518,0.06833382695369625,0.9166666666666666,240,0.1,0.055121883827593636,0.7166666666666667,0.07341110812778257,0.95,240,1.0,0.07245963745306194,0.7833333333333333
208,001256,炜冈科技,2026-07-14,2026-07-14,518,0.06787064113120278,0.9,180,10.0,0.05157187291219065,0.6333333333333333,0.04483942680551185,0.8,120,0.1,0.05596086832269156,0.6333333333333333
209,603586,金麒麟,2026-07-14,2026-07-14,518,0.0678243025885818,0.7,240,10.0,0.0649860591792269,0.5666666666666667,0.16268286709098048,0.85,120,10.0,0.07676442924454692,0.65
210,002046,国机精工,2026-07-14,2026-07-14,518,0.06746832018045198,0.7333333333333333,180,10.0,0.0863526249065537,0.6166666666666667,0.15698454425540834,0.9,120,0.1,0.0908451057022884,0.7833333333333333
211,603286,日盈电子,2026-07-14,2026-07-14,518,0.06741836408241762,0.65,120,10.0,0.08388906565014322,0.6166666666666667,0.043087381252377585,0.43333333333333335,120,10.0,0.11431904088489017,0.5666666666666667
212,605122,四方新材,2026-07-14,2026-07-14,518,0.06720892906823399,0.95,180,0.1,0.031080421395972425,0.8666666666666667,0.14868554924737218,1.0,120,0.1,0.05385206771526451,0.7
213,600233,圆通速递,2026-07-14,2026-07-14,518,0.06705538421113591,0.9166666666666666,120,0.1,0.03814008411300032,0.75,0.22278899734697596,1.0,120,0.1,0.05567841245197513,0.8166666666666667
214,002522,浙江众成,2026-07-14,2026-07-14,518,0.0670296980754284,0.8333333333333334,240,10.0,0.08334993530882971,0.5666666666666667,0.2530372353437594,0.9666666666666667,240,10.0,0.0955914875401079,0.6333333333333333
215,002864,盘龙药业,2026-07-14,2026-07-14,518,0.06649976296859894,0.9,120,10.0,0.040101649763219734,0.5333333333333333,-0.04674622685579827,0.16666666666666666,120,0.1,0.06485326948812295,0.5166666666666667
216,002960,青鸟消防,2026-07-14,2026-07-14,518,0.06644063935280513,0.7833333333333333,120,10.0,0.0442684225424301,0.7333333333333333,0.09963386792772504,0.7833333333333333,120,10.0,0.060693391438625274,0.8333333333333334
217,603256,宏和科技,2026-07-14,2026-07-14,518,0.06617224436080528,0.7,240,0.1,0.12180077777484968,0.7166666666666667,0.1594551029972488,0.85,240,0.1,0.16756908775106097,0.85
218,002831,裕同科技,2026-07-14,2026-07-14,518,0.06547407832359334,0.65,240,10.0,0.08913030665274004,0.6166666666666667,0.244877893432779,0.8,120,10.0,0.12511477245927236,0.7333333333333333
219,002837,英维克,2026-07-14,2026-07-14,518,0.06529699876288882,0.6833333333333333,180,0.1,0.09049035618997679,0.6166666666666667,-0.0013729671684033669,0.5333333333333333,120,10.0,0.15253513943189326,0.65
220,002887,绿茵生态,2026-07-14,2026-07-14,518,0.06514311594222667,0.8166666666666667,120,1.0,0.05579310481465637,0.6333333333333333,0.08606123636866007,0.75,120,0.1,0.07103725318795803,0.7
221,603226,菲林格尔,2026-07-14,2026-07-14,514,0.06507946869940061,0.85,120,0.1,0.06269438317205463,0.6166666666666667,0.07120731799238961,0.8166666666666667,120,1.0,0.09067487554882886,0.6833333333333333
222,603777,来伊份,2026-07-14,2026-07-14,518,0.06489711326267131,0.7333333333333333,240,10.0,0.07267289723554003,0.6166666666666667,0.14431822637193056,0.9166666666666666,180,10.0,0.09133426750377603,0.7
223,002515,金字火腿,2026-07-14,2026-07-14,513,0.06479360105487766,0.7833333333333333,120,10.0,0.08976956860869567,0.6666666666666666,0.29851565108751194,1.0,120,1.0,0.12575197192984544,0.6
224,000876,新 希 望,2026-07-14,2026-07-14,518,0.06470860967699882,0.8166666666666667,120,0.1,0.04403270031773531,0.8333333333333334,0.530447197769521,1.0,120,0.1,0.05426838680102024,0.9666666666666667
225,601199,江南水务,2026-07-14,2026-07-14,518,0.06432278923442346,0.9833333333333333,120,1.0,0.03590389454802918,0.7166666666666667,0.005477330915875305,0.7666666666666667,120,1.0,0.03829811836424969,0.7833333333333333
226,000010,美丽生态,2026-07-14,2026-07-14,517,0.06414116664033029,0.6333333333333333,120,0.1,0.09091027006120789,0.5666666666666667,0.08493578919283484,0.65,120,1.0,0.10716034057641191,0.7
227,002584,西陇科学,2026-07-14,2026-07-14,518,0.06401463284632884,0.8666666666666667,240,10.0,0.05796598780579431,0.4666666666666667,0.39704769753745633,1.0,120,10.0,0.07538042986727336,0.65
228,603330,天洋新材,2026-07-14,2026-07-14,514,0.06398396226732897,0.85,120,1.0,0.06254367823957686,0.65,0.19728516962667608,0.9833333333333333,120,1.0,0.07455536692435369,0.6833333333333333
229,601519,大智慧,2026-07-14,2026-07-14,508,0.06379419325928457,0.85,120,0.1,0.04991251351493382,0.7,0.10556000036636845,0.9833333333333333,120,0.1,0.05219934030536919,0.75
230,002489,浙江永强,2026-07-14,2026-07-14,518,0.06346128818807868,0.7833333333333333,120,0.1,0.049065229367562975,0.7166666666666667,0.12807194376552397,1.0,120,0.1,0.05989598566592992,0.8
231,002205,国统股份,2026-07-14,2026-07-14,518,0.06342028612307722,0.9166666666666666,180,0.1,0.03371250915247139,0.65,0.05671915088669055,0.8,120,0.1,0.03906199156423698,0.75
232,600460,士兰微,2026-07-14,2026-07-14,518,0.06340547522648281,0.9,120,1.0,0.07565464981197996,0.6666666666666666,0.30560640000830575,1.0,120,1.0,0.1102706147699804,0.8
233,002752,昇兴股份,2026-07-14,2026-07-14,518,0.06331538528647068,0.75,240,10.0,0.055373246206039554,0.5333333333333333,0.04191037036204277,0.6166666666666667,120,10.0,0.05892476336741114,0.7333333333333333
234,002906,华阳集团,2026-07-14,2026-07-14,518,0.06311201570378056,0.9166666666666666,120,1.0,0.04499218084611609,0.6333333333333333,0.1709562504156534,1.0,120,1.0,0.042617144837908995,0.8666666666666667
235,603668,天马科技,2026-07-14,2026-07-14,518,0.0627871124974647,0.8166666666666667,180,10.0,0.04883133948008588,0.5666666666666667,0.11850701361306688,0.95,120,10.0,0.06488240909248691,0.55
236,002207,准油股份,2026-07-14,2026-07-14,517,0.06270562758815504,0.5333333333333333,120,10.0,0.11137180883626432,0.5166666666666667,0.055403182669572795,0.35,120,10.0,0.16942072549348577,0.4166666666666667
237,603118,共进股份,2026-07-14,2026-07-14,513,0.06246744974433385,0.7666666666666667,120,1.0,0.06849792034805997,0.6,0.19079933866572546,0.95,120,1.0,0.06237154812434001,0.8
238,601718,际华集团,2026-07-14,2026-07-14,517,0.062267546560928415,0.7333333333333333,120,10.0,0.0700974008751302,0.65,-0.15035180769294987,0.13333333333333333,120,1.0,0.08993446763989549,0.6333333333333333
239,001210,金房能源,2026-07-14,2026-07-14,518,0.06225294366831066,0.7333333333333333,120,1.0,0.0843831881200403,0.65,0.11562819944002169,0.8833333333333333,180,1.0,0.1111979105232413,0.7833333333333333
240,603014,威高血净,2026-07-14,2026-07-14,272,0.06211893657613064,0.85,120,10.0,0.03985296839840243,0.7,0.05088405476888828,0.7833333333333333,120,10.0,0.04005765777938227,0.7666666666666667
241,002993,奥海科技,2026-07-14,2026-07-14,518,0.06208656456022235,0.8333333333333334,180,0.1,0.07956660189851704,0.6333333333333333,0.2358155637034493,0.9833333333333333,120,10.0,0.09649811154745638,0.7
242,002779,中坚科技,2026-07-14,2026-07-14,518,0.06117737263099252,0.6833333333333333,180,10.0,0.07564651585410122,0.6166666666666667,-0.012498436397737882,0.4,120,10.0,0.08976763683465207,0.65
243,603150,万朗磁塑,2026-07-14,2026-07-14,518,0.060558593082078185,0.7166666666666667,240,10.0,0.07871666537086212,0.5333333333333333,0.20256805133481426,0.9666666666666667,240,0.1,0.10492776933637736,0.6
244,603986,兆易创新,2026-07-14,2026-07-14,518,0.060359023848600125,0.8333333333333334,180,0.1,0.10814921792657552,0.7833333333333333,0.4224853298245781,1.0,180,0.1,0.150243660628799,0.8833333333333333
245,002062,宏润建设,2026-07-14,2026-07-14,518,0.0600345606996088,0.8166666666666667,120,10.0,0.06798000868354051,0.55,0.12549243944741806,1.0,120,10.0,0.08310931263009519,0.7333333333333333
246,000404,长虹华意,2026-07-14,2026-07-14,518,0.06003215238885662,0.8166666666666667,120,1.0,0.062092963340494786,0.65,0.2831669650648033,1.0,120,0.1,0.07231043600276074,0.8
247,605099,共创草坪,2026-07-14,2026-07-14,518,0.05974313429196014,0.55,240,10.0,0.08168046280150908,0.43333333333333335,0.15630632500385,0.8166666666666667,120,10.0,0.11555841254794089,0.5
248,603355,莱克电气,2026-07-14,2026-07-14,518,0.05941330796436006,0.7666666666666667,120,1.0,0.0641308737395059,0.6666666666666666,0.05534383882582137,0.7166666666666667,120,0.1,0.08687214830628252,0.6666666666666666
249,600847,万里股份,2026-07-14,2026-07-14,517,0.058811944100701286,0.8666666666666667,180,1.0,0.04481927474435731,0.6833333333333333,0.14304969472779264,0.9666666666666667,120,0.1,0.05693274919523343,0.7666666666666667
250,603819,神力股份,2026-07-14,2026-07-14,516,0.05846856399605441,0.7833333333333333,240,0.1,0.054798627736832126,0.5333333333333333,0.21776924501895603,1.0,120,0.1,0.0651696721669348,0.6833333333333333
251,000688,国城矿业,2026-07-14,2026-07-14,518,0.05836587342576861,0.4166666666666667,120,0.1,0.10384739430788233,0.5833333333333334,-0.11984185190084759,0.016666666666666666,120,0.1,0.12291763510324397,0.5333333333333333
252,601177,杭齿前进,2026-07-14,2026-07-14,518,0.058273745908884116,0.8,120,10.0,0.05907935196719401,0.7,0.18235517091101064,1.0,120,1.0,0.06288441438486381,0.8666666666666667
253,600497,驰宏锌锗,2026-07-14,2026-07-14,518,0.058092773510827665,0.7666666666666667,180,1.0,0.08892294091767503,0.6,0.17851684057482442,0.9166666666666666,180,10.0,0.11660549773551723,0.65
254,600449,宁夏建材,2026-07-14,2026-07-14,518,0.05796513576349515,0.8333333333333334,180,10.0,0.04622799316014296,0.8333333333333334,0.1443592961862635,1.0,180,1.0,0.04860203173156863,0.8333333333333334
255,002439,启明星辰,2026-07-14,2026-07-14,518,0.057650684583085865,0.95,180,1.0,0.035810350600884965,0.7666666666666667,0.14248440188625794,1.0,120,0.1,0.046124108626195606,0.8166666666666667
256,000402,金 融 街,2026-07-14,2026-07-14,518,0.05709074281166999,0.65,120,10.0,0.056687505956513576,0.55,0.08969984050033511,0.8333333333333334,120,10.0,0.06768118461375915,0.7333333333333333
257,603768,常青股份,2026-07-14,2026-07-14,518,0.05705916599887064,0.9166666666666666,120,0.1,0.026843983169996928,0.8166666666666667,0.09682487992722397,1.0,180,0.1,0.029689169105035957,0.8833333333333333
258,600459,贵研铂业,2026-07-14,2026-07-14,518,0.056934838870139684,0.8,180,10.0,0.07733510668562095,0.5833333333333334,0.24995546619292616,0.9833333333333333,120,10.0,0.089731964848743,0.6333333333333333
259,603728,鸣志电器,2026-07-14,2026-07-14,518,0.056915173155658916,0.85,120,10.0,0.053897480274443986,0.6166666666666667,0.03303687143497538,0.8,120,10.0,0.05059315323530798,0.7333333333333333
260,000417,合百集团,2026-07-14,2026-07-14,518,0.056748935846709606,0.7333333333333333,240,10.0,0.0926076721016244,0.6333333333333333,0.12933336627295014,0.8333333333333334,180,10.0,0.11567262667077133,0.6666666666666666
261,002051,中工国际,2026-07-14,2026-07-14,518,0.055843590456960794,0.55,180,10.0,0.09263390440047621,0.5166666666666667,0.35676121184352255,0.9833333333333333,120,0.1,0.09720872532494801,0.6333333333333333
262,000582,北部湾港,2026-07-14,2026-07-14,518,0.05553032849462633,0.85,120,10.0,0.04597714819920586,0.75,0.26214209163220903,1.0,120,0.1,0.046517620851575,0.8833333333333333
263,600330,天通股份,2026-07-14,2026-07-14,518,0.055401521290190825,0.65,180,0.1,0.11813222511464971,0.6,0.17263519190913312,0.8,120,10.0,0.17193058486421864,0.45
264,603163,圣晖集成,2026-07-14,2026-07-14,518,0.05535487687982764,0.5833333333333334,240,10.0,0.09245601360037628,0.48333333333333334,0.11826588253852173,0.65,180,10.0,0.10126526192960453,0.6666666666666666
265,600992,贵绳股份,2026-07-14,2026-07-14,518,0.05512418625596691,0.85,180,10.0,0.04948119885860239,0.7166666666666667,-0.09683088871848655,0.1,120,10.0,0.057035910673214535,0.7666666666666667
266,600885,宏发股份,2026-07-14,2026-07-14,518,0.055106304833565975,0.9166666666666666,120,0.1,0.05038440792829225,0.6666666666666666,0.06844258981750208,0.9666666666666667,180,10.0,0.06281963766254867,0.7166666666666667
267,605058,澳弘电子,2026-07-14,2026-07-14,518,0.05495338345494093,0.6166666666666667,180,10.0,0.07746256156016537,0.4666666666666667,0.1250298326386008,0.8,240,10.0,0.08435014706844031,0.6333333333333333
268,000779,甘咨询,2026-07-14,2026-07-14,518,0.05492401833684449,0.8833333333333333,120,10.0,0.039025712460572744,0.7833333333333333,-0.16794025488195774,0.05,180,1.0,0.059006269233118136,0.7333333333333333
269,000630,铜陵有色,2026-07-14,2026-07-14,518,0.054884060755305816,0.65,240,10.0,0.07809513492217197,0.5666666666666667,0.025956029273198327,0.5333333333333333,240,0.1,0.07095617078676644,0.6833333333333333
270,002149,西部材料,2026-07-14,2026-07-14,518,0.05488002283356127,0.43333333333333335,120,10.0,0.12139187548713519,0.36666666666666664,0.003778499936437343,0.3333333333333333,120,10.0,0.15467791641634243,0.4166666666666667
271,600730,中国高科,2026-07-14,2026-07-14,512,0.05462540239493788,0.6166666666666667,240,0.1,0.09781063344246599,0.48333333333333334,0.009030032313876779,0.5166666666666667,120,10.0,0.12082362198359321,0.6333333333333333
272,600470,六国化工,2026-07-14,2026-07-14,518,0.054471019200388285,0.6333333333333333,180,10.0,0.06770924215455827,0.43333333333333335,0.013991080910067306,0.38333333333333336,240,10.0,0.08758830029046953,0.38333333333333336
273,001223,欧克科技,2026-07-14,2026-07-14,518,0.05441258369885417,0.6666666666666666,240,1.0,0.11387428524861068,0.6166666666666667,0.322747647929505,0.95,120,10.0,0.11750393562389091,0.7666666666666667
274,001368,通达创智,2026-07-14,2026-07-14,518,0.05432478237295044,0.65,240,10.0,0.04164905591517623,0.6,0.054392213665601825,0.6333333333333333,120,10.0,0.05553578457867011,0.8666666666666667
275,000007,全新好,2026-07-14,2026-07-14,517,0.05390023496550163,0.5666666666666667,120,10.0,0.07285436452696863,0.5833333333333334,0.10291259216264949,0.6,120,1.0,0.09586976381045617,0.75
276,003020,立方制药,2026-07-14,2026-07-14,518,0.05384935160610964,0.7166666666666667,240,1.0,0.05860377664327576,0.65,0.12406629136883995,0.8833333333333333,120,10.0,0.08757436314772113,0.6666666666666666
277,002328,新朋股份,2026-07-14,2026-07-14,518,0.05379411509618265,0.4166666666666667,120,10.0,0.09413596723264127,0.4166666666666667,0.19436485302013246,0.7166666666666667,240,10.0,0.18010511366994159,0.38333333333333336
278,603124,江南新材,2026-07-14,2026-07-14,320,0.0537709775736452,0.7166666666666667,120,0.1,0.07145083373580027,0.6833333333333333,0.23034855574992646,1.0,120,1.0,0.10559857284534965,0.8666666666666667
279,002404,嘉欣丝绸,2026-07-14,2026-07-14,518,0.05370528672733166,0.7666666666666667,120,0.1,0.045725969633199054,0.5833333333333334,0.0551606612821814,0.8166666666666667,120,10.0,0.04376601705678646,0.85
280,603380,易德龙,2026-07-14,2026-07-14,518,0.053544019904013265,0.85,120,10.0,0.06835530033316357,0.5166666666666667,0.2139728032376497,1.0,120,1.0,0.0725989262246844,0.7
281,002273,水晶光电,2026-07-14,2026-07-14,518,0.053412391915994034,0.7,180,10.0,0.07685751860393607,0.48333333333333334,0.28823469252477996,1.0,120,1.0,0.0903435712143612,0.6833333333333333
282,603165,荣晟环保,2026-07-14,2026-07-14,518,0.05335682292152021,0.7666666666666667,120,0.1,0.05292714148385858,0.5833333333333334,0.15488985678661535,1.0,120,0.1,0.06315496430506438,0.75
283,605289,罗曼股份,2026-07-14,2026-07-14,518,0.05329511774742389,0.4,240,10.0,0.12654181016619756,0.5333333333333333,0.11027830245385173,0.5,240,0.1,0.16858445684644127,0.6333333333333333
284,600851,海欣股份,2026-07-14,2026-07-14,518,0.053286443406779474,0.8166666666666667,240,0.1,0.057599141536543025,0.6,0.045798536714299884,0.6333333333333333,120,0.1,0.07481954296922799,0.6333333333333333
285,600182,S佳通,2026-07-14,2026-07-14,518,0.05325228116391144,0.9,120,0.1,0.02992721036323753,0.75,0.015989509688320563,0.6333333333333333,120,10.0,0.02925383882740059,0.7333333333333333
286,002345,潮宏基,2026-07-14,2026-07-14,518,0.05322466152119579,0.7333333333333333,120,0.1,0.05026161497562499,0.6,0.015453924822430073,0.4666666666666667,120,0.1,0.058351669701621825,0.6833333333333333
287,603890,春秋电子,2026-07-14,2026-07-14,518,0.053140343517091404,0.65,240,10.0,0.11823237630150434,0.5,-0.006241783764978394,0.55,120,10.0,0.17031632538798167,0.6
288,603688,石英股份,2026-07-14,2026-07-14,518,0.05289842593934064,0.6833333333333333,240,10.0,0.09462359293542925,0.5833333333333334,0.2265377702158146,0.8833333333333333,120,10.0,0.13432127756703222,0.6833333333333333
289,603836,海程邦达,2026-07-14,2026-07-14,518,0.05266847443932346,0.7666666666666667,180,10.0,0.05860385696768304,0.43333333333333335,0.41494209798969034,1.0,120,1.0,0.08374245821938482,0.7666666666666667
290,002472,双环传动,2026-07-14,2026-07-14,518,0.05249493393511405,0.8333333333333334,120,0.1,0.04945807575185151,0.7166666666666667,0.12544617645652392,0.9833333333333333,120,1.0,0.04869982198775879,0.75
291,600480,凌云股份,2026-07-14,2026-07-14,518,0.05231141281836265,0.6333333333333333,120,10.0,0.06731551509019582,0.6833333333333333,0.2747776438162686,1.0,120,0.1,0.07029141099624965,0.8166666666666667
292,000702,正虹科技,2026-07-14,2026-07-14,518,0.05211068954491416,0.8333333333333334,120,0.1,0.03136345056414057,0.8,0.09221743616060193,0.95,120,0.1,0.03937101700137199,0.8166666666666667
293,600986,浙文互联,2026-07-14,2026-07-14,518,0.052054516598328826,0.3,240,10.0,0.08154259369326713,0.4,0.09356462014933364,0.18333333333333332,240,10.0,0.14410678680441738,0.3
294,001203,大中矿业,2026-07-14,2026-07-14,518,0.051911014744395294,0.35,120,10.0,0.09697938502425253,0.5166666666666667,0.11250583223416316,0.5333333333333333,120,0.1,0.11388894570181698,0.5833333333333334
295,001337,四川黄金,2026-07-14,2026-07-14,518,0.05181061392901759,0.5,240,10.0,0.0892345996288358,0.48333333333333334,0.023107020367851786,0.4166666666666667,240,0.1,0.123416204154724,0.5
296,000951,中国重汽,2026-07-14,2026-07-14,518,0.05147820871732186,0.7666666666666667,240,1.0,0.050606872917215905,0.6166666666666667,-0.004768973486369321,0.3333333333333333,240,10.0,0.06564601174127303,0.4666666666666667
297,600288,大恒科技,2026-07-14,2026-07-14,518,0.05141964534905329,0.7833333333333333,120,10.0,0.060422390144750183,0.5666666666666667,-0.19700764138357102,0.03333333333333333,120,0.1,0.06632924104684859,0.6
298,600566,济川药业,2026-07-14,2026-07-14,517,0.050867890782392976,0.9333333333333333,120,0.1,0.03720479350668615,0.7,-0.003736359367537461,0.4166666666666667,120,1.0,0.04258564387580112,0.85
299,002997,瑞鹄模具,2026-07-14,2026-07-14,518,0.05055426251984874,0.7833333333333333,180,1.0,0.05371559044459573,0.7166666666666667,0.0651210392412884,0.9,180,1.0,0.05577208213557338,0.85
300,000848,承德露露,2026-07-14,2026-07-14,518,0.05014995542082454,0.9666666666666667,120,0.1,0.021997440251623278,0.7833333333333333,0.093506597186386,1.0,120,0.1,0.02500145150212105,0.9
301,603013,亚普股份,2026-07-14,2026-07-14,518,0.04988156676243437,0.7,120,10.0,0.0503033968967398,0.6333333333333333,0.039403056232515096,0.55,120,10.0,0.06598925091253764,0.6333333333333333
302,002760,凤形股份,2026-07-14,2026-07-14,518,0.049843637419886413,0.8166666666666667,120,1.0,0.038983391823827915,0.75,0.11124383003835425,0.9,120,0.1,0.05186509095209998,0.7666666666666667
303,002471,中超控股,2026-07-14,2026-07-14,518,0.04961270765963472,0.2833333333333333,120,10.0,0.09164589562828733,0.3,0.02350492708016752,0.06666666666666667,180,10.0,0.13087844553777708,0.35
304,600996,贵广网络,2026-07-14,2026-07-14,518,0.04945124326742471,0.75,120,10.0,0.05940294950037779,0.7,-0.2352291934863131,0.0,180,10.0,0.07840583756739192,0.7666666666666667
305,600060,海信视像,2026-07-14,2026-07-14,518,0.049202319032226265,0.9333333333333333,180,0.1,0.03839490871024436,0.6333333333333333,0.024627055888737343,0.9166666666666666,240,0.1,0.04279430608663788,0.75
306,002871,伟隆股份,2026-07-14,2026-07-14,518,0.04914368164703508,0.7833333333333333,120,10.0,0.06577945412863143,0.5666666666666667,0.05204016257820178,0.75,180,10.0,0.07814437182738242,0.6666666666666666
307,002983,芯瑞达,2026-07-14,2026-07-14,518,0.048926734429031456,0.8,240,0.1,0.045064580116873525,0.6833333333333333,0.1355022994500762,1.0,180,0.1,0.041859628831604455,0.8666666666666667
308,002943,宇晶股份,2026-07-14,2026-07-14,518,0.0488324955002679,0.5833333333333334,240,10.0,0.10289949956310938,0.6833333333333333,0.1011354774256209,0.5333333333333333,240,10.0,0.16163231996316438,0.7333333333333333
309,000426,兴业银锡,2026-07-14,2026-07-14,518,0.048772103531163014,0.5,240,10.0,0.09212715158514166,0.5,0.05192676688137715,0.2833333333333333,240,10.0,0.11729812797121446,0.48333333333333334
310,600094,大名城,2026-07-14,2026-07-14,518,0.0487381003184657,0.6333333333333333,120,10.0,0.050239767935806506,0.6333333333333333,0.09168949004986623,0.8333333333333334,120,10.0,0.06502362494658083,0.6833333333333333
311,603886,元祖股份,2026-07-14,2026-07-14,518,0.04835401107902464,0.6666666666666666,180,10.0,0.052511420961507446,0.55,0.07045288507206937,0.6833333333333333,180,10.0,0.06579105232389257,0.6833333333333333
312,001208,华菱线缆,2026-07-14,2026-07-14,518,0.0482975310991906,0.5,240,10.0,0.07738271378811515,0.36666666666666664,0.057169766184692425,0.35,240,10.0,0.11676187802561372,0.3333333333333333
313,002772,众兴菌业,2026-07-14,2026-07-14,518,0.048266731746601725,0.5666666666666667,120,10.0,0.06671752640418624,0.5166666666666667,0.07496116038826496,0.5,120,10.0,0.10628299430255447,0.5333333333333333
314,002129,TCL中环,2026-07-14,2026-07-14,518,0.04818617334156658,0.8333333333333334,240,10.0,0.055271830687821454,0.6333333333333333,0.09078590563904679,0.9666666666666667,120,10.0,0.058402346074153066,0.65
315,600984,建设机械,2026-07-14,2026-07-14,518,0.04814602561526575,0.6666666666666666,180,10.0,0.05019370556223656,0.6333333333333333,0.14772095927178902,0.9833333333333333,180,0.1,0.07255963353063866,0.6833333333333333
316,600433,冠豪高新,2026-07-14,2026-07-14,518,0.04792644786293971,0.6333333333333333,120,10.0,0.07741925340883425,0.55,0.22605496493271054,1.0,120,0.1,0.07935761612920628,0.7833333333333333
317,603004,鼎龙科技,2026-07-14,2026-07-14,518,0.04792577271685432,0.75,120,0.1,0.048628519372661584,0.6333333333333333,0.13149255328744885,0.9833333333333333,180,0.1,0.06235401472218734,0.7333333333333333
318,601996,丰林集团,2026-07-14,2026-07-14,518,0.04789841236036743,0.7666666666666667,240,0.1,0.05426052013376657,0.6333333333333333,0.09432166682142328,0.8,120,0.1,0.0834247129183184,0.6666666666666666
319,601677,明泰铝业,2026-07-14,2026-07-14,518,0.04786878032852382,0.7833333333333333,240,1.0,0.0388056877230882,0.5833333333333334,0.09669584556309439,0.85,180,10.0,0.06779957154872615,0.55
320,002701,奥瑞金,2026-07-14,2026-07-14,518,0.047803817029872825,0.8833333333333333,120,10.0,0.02665742567916378,0.65,0.09731322460435952,1.0,120,1.0,0.030823289033012916,0.8166666666666667
321,605305,中际联合,2026-07-14,2026-07-14,518,0.0477913239173819,0.8333333333333334,120,0.1,0.043128476996221445,0.75,0.0500399490714852,0.7833333333333333,120,0.1,0.052753098953316147,0.8333333333333334
322,605060,联德股份,2026-07-14,2026-07-14,518,0.04778616801555148,0.38333333333333336,120,10.0,0.08616688785976229,0.4166666666666667,0.07080029539522634,0.45,120,10.0,0.11535702098229754,0.55
323,002124,天邦食品,2026-07-14,2026-07-14,517,0.047461198614999214,0.55,240,10.0,0.07209270942225501,0.5,0.32343955201351093,1.0,120,0.1,0.0864702847088359,0.75
324,000958,电投产融,2026-07-14,2026-07-14,508,0.04735858150562278,0.9166666666666666,120,10.0,0.028542459122117166,0.7333333333333333,0.03359533639583738,0.75,180,10.0,0.030582222583716973,0.6333333333333333
325,001359,平安电工,2026-07-14,2026-07-14,518,0.04719773813998651,0.85,120,10.0,0.07892600856318224,0.6166666666666667,0.03646179700590478,0.8666666666666667,120,10.0,0.10946182927787512,0.7666666666666667
326,001211,双枪科技,2026-07-14,2026-07-14,518,0.04714661293353474,0.5333333333333333,120,1.0,0.13688359891274246,0.6,0.3161068178105781,0.9333333333333333,120,0.1,0.17238983807241978,0.8833333333333333
327,002348,高乐股份,2026-07-14,2026-07-14,513,0.04713403435156058,0.7833333333333333,240,1.0,0.08474418835510307,0.6166666666666667,0.1533356590330881,0.95,120,10.0,0.11754367196542122,0.75
328,603260,合盛硅业,2026-07-14,2026-07-14,518,0.04706122041489953,0.7,180,10.0,0.05366624262365426,0.7166666666666667,0.2161695729394574,1.0,120,10.0,0.06645951298232321,0.8
329,002986,宇新股份,2026-07-14,2026-07-14,518,0.04703704754201956,0.85,120,10.0,0.04136529206636155,0.7166666666666667,0.09937503110542388,0.95,120,1.0,0.05873081362467127,0.6833333333333333
330,603682,锦和商管,2026-07-14,2026-07-14,518,0.04700790550454726,0.8333333333333334,180,1.0,0.0538248765757035,0.75,0.14465915311990885,1.0,180,1.0,0.07147315449203175,0.8166666666666667
331,603638,艾迪精密,2026-07-14,2026-07-14,518,0.046807377550018285,0.7,180,0.1,0.06333074939698631,0.6666666666666666,0.25395548619309316,1.0,180,1.0,0.05672000507746747,0.7333333333333333
332,002916,深南电路,2026-07-14,2026-07-14,518,0.046256871210678466,0.7833333333333333,180,10.0,0.07018196734218439,0.5833333333333334,0.25948846372630613,1.0,180,1.0,0.09754048012550982,0.65
333,002266,浙富控股,2026-07-14,2026-07-14,518,0.04608885266937609,0.7333333333333333,120,10.0,0.05513609416247715,0.5666666666666667,0.08517536287421235,0.8,120,1.0,0.0633842930474383,0.6833333333333333
334,001206,依依股份,2026-07-14,2026-07-14,509,0.046052475234221665,0.9333333333333333,120,10.0,0.03727185603609719,0.8,0.0947024115527455,1.0,180,0.1,0.05137985419959426,0.8333333333333334
335,600151,航天机电,2026-07-14,2026-07-14,518,0.04591186035402757,0.55,240,10.0,0.07001002451173642,0.4666666666666667,0.09005362366382043,0.6,240,10.0,0.10302233494963106,0.5333333333333333
336,002716,湖南白银,2026-07-14,2026-07-14,518,0.0455149613677954,0.45,120,10.0,0.09800448408444683,0.4166666666666667,0.08801591337306014,0.2833333333333333,240,10.0,0.1575227161612516,0.3
337,002600,领益智造,2026-07-14,2026-07-14,518,0.045512902628533636,0.8333333333333334,120,1.0,0.07115559992233696,0.55,0.34363238860554673,1.0,120,0.1,0.08451657301421098,0.6166666666666667
338,000901,航天科技,2026-07-14,2026-07-14,518,0.045341685003634974,0.55,120,10.0,0.05627902153648563,0.4666666666666667,0.11502044968642686,0.8166666666666667,120,10.0,0.07545743893969073,0.4666666666666667
339,002715,登云股份,2026-07-14,2026-07-14,518,0.04530209586428736,0.8666666666666667,120,10.0,0.0474545969688857,0.6833333333333333,0.08122862600389086,0.95,120,10.0,0.07046176453114342,0.5666666666666667
340,002977,天箭科技,2026-07-14,2026-07-14,517,0.04530058747813089,0.7,120,0.1,0.059189644114996505,0.7166666666666667,0.12383614757095772,0.9666666666666667,120,0.1,0.06200808742579688,0.85
341,603955,大千生态,2026-07-14,2026-07-14,517,0.045256130937089606,0.7666666666666667,120,10.0,0.04378526605876095,0.65,0.06507412614172975,0.85,180,10.0,0.043405526889531504,0.7
342,601698,中国卫通,2026-07-14,2026-07-14,518,0.04523696192724633,0.4666666666666667,240,10.0,0.07919533996147612,0.5,0.12778755922246188,0.65,240,10.0,0.11355170480807181,0.5
343,600845,宝信软件,2026-07-14,2026-07-14,518,0.04499057548400705,0.7166666666666667,240,0.1,0.04185120312947972,0.8,-0.018732507312707633,0.21666666666666667,120,0.1,0.059703220318538676,0.8166666666666667
344,605123,派克新材,2026-07-14,2026-07-14,518,0.04474971601766059,0.6,240,10.0,0.07279329433739917,0.4166666666666667,0.029469115365296922,0.5333333333333333,240,0.1,0.08505533290792758,0.5333333333333333
345,601212,白银有色,2026-07-14,2026-07-14,518,0.044742768709023426,0.43333333333333335,120,10.0,0.08501239779448667,0.4,0.026399620050196703,0.13333333333333333,120,10.0,0.15507503989483645,0.31666666666666665
346,603399,永杉锂业,2026-07-14,2026-07-14,518,0.04461431916556263,0.5666666666666667,180,10.0,0.15567356662658985,0.5166666666666667,0.2043657002969901,0.7833333333333333,180,10.0,0.23695934478492608,0.6666666666666666
347,000700,模塑科技,2026-07-14,2026-07-14,518,0.04459799045261441,0.65,120,1.0,0.07961190055536259,0.6666666666666666,-0.055685271777644,0.36666666666666664,120,10.0,0.07783486272919678,0.7
348,603681,永冠新材,2026-07-14,2026-07-14,518,0.04456571552241864,0.6666666666666666,240,10.0,0.07685558846763198,0.6666666666666666,0.043963600288158544,0.7666666666666667,180,0.1,0.0702266598445804,0.8833333333333333
349,002853,皮阿诺,2026-07-14,2026-07-14,513,0.04446847313591473,0.6166666666666667,240,10.0,0.06798409602270192,0.4666666666666667,0.05786877730180724,0.5,240,10.0,0.1002038718311975,0.5166666666666667
350,603773,沃格光电,2026-07-14,2026-07-14,518,0.04444151970372756,0.65,180,1.0,0.16090363202902153,0.6333333333333333,0.20134740460724904,0.8333333333333334,180,1.0,0.2763375507225938,0.8
351,002135,东南网架,2026-07-14,2026-07-14,518,0.04427980614881264,0.4,120,10.0,0.08930450787568496,0.38333333333333336,0.028873411696252776,0.31666666666666665,120,1.0,0.11384302779159024,0.48333333333333334
352,605077,华康股份,2026-07-14,2026-07-14,513,0.04425591330157267,0.7333333333333333,120,10.0,0.05745694677649811,0.7,0.1698053649804988,0.9666666666666667,120,1.0,0.08362831883417951,0.7
353,000833,粤桂股份,2026-07-14,2026-07-14,518,0.044247076770919616,0.5,180,0.1,0.07271763158589889,0.5666666666666667,0.07391741969452242,0.5333333333333333,180,10.0,0.0934162003871885,0.5
354,002567,唐人神,2026-07-14,2026-07-14,518,0.04421444450453986,0.7833333333333333,120,1.0,0.03702887870333294,0.6666666666666666,0.10122684975161272,0.95,120,0.1,0.04559589528648581,0.7833333333333333
355,603196,日播时尚,2026-07-14,2026-07-14,508,0.04388822028451608,0.38333333333333336,120,10.0,0.08300087325782454,0.43333333333333335,0.22216656664631537,1.0,120,1.0,0.09380365975005593,0.5666666666666667
356,600237,铜峰电子,2026-07-14,2026-07-14,518,0.04331543571382541,0.7833333333333333,240,10.0,0.08240715268267294,0.4166666666666667,0.12687054592141062,0.95,240,10.0,0.09155842713759696,0.5666666666666667
357,600477,杭萧钢构,2026-07-14,2026-07-14,518,0.04328818987675326,0.4,120,10.0,0.04700172584026492,0.23333333333333334,-0.002874989570301893,0.05,240,10.0,0.08066543390132533,0.13333333333333333
358,600732,爱旭股份,2026-07-14,2026-07-14,518,0.04301687140816385,0.5,120,10.0,0.06315054582095543,0.5166666666666667,0.06800393631374135,0.5833333333333334,120,10.0,0.09145895846831885,0.6666666666666666
359,002734,利民股份,2026-07-14,2026-07-14,518,0.042942922263667076,0.65,120,10.0,0.05374770981559241,0.5833333333333334,0.02908675043936685,0.5666666666666667,180,10.0,0.06767463313913881,0.5666666666666667
360,002402,和而泰,2026-07-14,2026-07-14,518,0.04287629395364681,0.7833333333333333,120,1.0,0.05514713141608051,0.5833333333333334,0.09752678208746099,0.9333333333333333,120,0.1,0.0673513944339029,0.65
361,002406,远东传动,2026-07-14,2026-07-14,518,0.04282948101797669,0.8333333333333334,180,0.1,0.039087870664663245,0.85,0.09280202969678429,0.95,180,0.1,0.04539063017456711,0.7833333333333333
362,000887,中鼎股份,2026-07-14,2026-07-14,518,0.042826959326041296,0.7833333333333333,120,0.1,0.0483923263405169,0.6666666666666666,0.08371319457083318,0.8666666666666667,120,10.0,0.07101902728301406,0.7
363,002678,珠江钢琴,2026-07-14,2026-07-14,518,0.04273369073979538,0.7666666666666667,120,1.0,0.04146274356465071,0.7,0.18122931201126097,0.9666666666666667,120,0.1,0.05733004924452601,0.6666666666666666
364,002420,毅昌科技,2026-07-14,2026-07-14,515,0.042663745721732274,0.55,120,10.0,0.043408583410727335,0.5666666666666667,0.05764060145946369,0.4166666666666667,120,10.0,0.06991926757430204,0.5166666666666667
365,002888,惠威科技,2026-07-14,2026-07-14,518,0.04265002762742588,0.7833333333333333,120,10.0,0.06406755676084196,0.7166666666666667,0.14963239615052248,0.9833333333333333,180,1.0,0.07831627241435261,0.7166666666666667
366,605388,均瑶健康,2026-07-14,2026-07-14,518,0.04252390638910156,0.45,120,10.0,0.07004263819399022,0.5333333333333333,0.046683278941886064,0.6,120,10.0,0.07096820301886564,0.8
367,000060,中金岭南,2026-07-14,2026-07-14,518,0.04233509366633577,0.6666666666666666,120,10.0,0.07540469493954335,0.6,0.08357846450370586,0.8,180,10.0,0.06974681442228346,0.75
368,603278,大业股份,2026-07-14,2026-07-14,518,0.04228897785667041,0.5333333333333333,120,1.0,0.09999051828981415,0.6333333333333333,0.16553166957677323,0.8666666666666667,120,1.0,0.11624052616900035,0.6833333333333333
369,000403,派林生物,2026-07-14,2026-07-14,516,0.04220959189319661,0.6166666666666667,180,10.0,0.0505115179111533,0.7333333333333333,0.027152026380907874,0.38333333333333336,120,0.1,0.06558653052607076,0.7166666666666667
370,002338,奥普光电,2026-07-14,2026-07-14,518,0.042185194298517796,0.7666666666666667,120,1.0,0.05887089750928709,0.6166666666666667,0.21356125061590672,0.9833333333333333,120,1.0,0.07391202997649861,0.7166666666666667
371,002606,大连电瓷,2026-07-14,2026-07-14,518,0.04177303640650506,0.6,180,10.0,0.07030887448447491,0.6333333333333333,0.12102060535680123,0.7833333333333333,120,10.0,0.10793855012963256,0.5833333333333334
372,603790,雅运股份,2026-07-14,2026-07-14,518,0.04159966552083528,0.7,240,10.0,0.07777423231533079,0.43333333333333335,0.11084145436900442,0.95,240,0.1,0.08331405016435406,0.9
373,600671,天目药业,2026-07-14,2026-07-14,516,0.04125272949744105,0.6833333333333333,180,10.0,0.04813021227689378,0.43333333333333335,0.07383928836898931,0.6666666666666666,180,0.1,0.07291694313104159,0.38333333333333336
374,002375,亚厦股份,2026-07-14,2026-07-14,518,0.04122118024471145,0.9,120,1.0,0.03149337731275026,0.7833333333333333,0.11014767494169107,1.0,120,1.0,0.03179859237220773,0.9166666666666666
375,000889,中嘉博创,2026-07-14,2026-07-14,517,0.04118408228097148,0.36666666666666664,240,10.0,0.11516598958186781,0.36666666666666664,0.12212002963192219,0.5833333333333334,180,10.0,0.15234572267891933,0.5333333333333333
376,605151,西上海,2026-07-14,2026-07-14,518,0.04108671385849325,0.85,120,1.0,0.026748011615729657,0.7666666666666667,0.1882589031719812,1.0,180,0.1,0.030083567169350886,0.85
377,600975,新五丰,2026-07-14,2026-07-14,518,0.040963584340270615,0.7666666666666667,120,1.0,0.03610890893046927,0.7,0.22517287274182865,1.0,120,0.1,0.04840067367036325,0.8
378,002012,凯恩股份,2026-07-14,2026-07-14,518,0.04074239593574556,0.6,120,10.0,0.05629984821559295,0.6333333333333333,0.22548223157197475,1.0,120,1.0,0.05026185951952178,0.75
379,605089,味知香,2026-07-14,2026-07-14,518,0.04061353465717643,0.6833333333333333,120,10.0,0.043234056268734604,0.65,0.0724286775191548,0.7,120,10.0,0.06003134991902102,0.6333333333333333
380,000576,甘化科工,2026-07-14,2026-07-14,518,0.04045917628334138,0.7,120,0.1,0.049703698141979766,0.7166666666666667,0.058296931581557423,0.6333333333333333,120,10.0,0.0618085982072522,0.6333333333333333
381,600499,科达制造,2026-07-14,2026-07-14,508,0.04045100162890802,0.4,180,10.0,0.06668363055895896,0.4166666666666667,0.0319146784853937,0.36666666666666664,180,10.0,0.08137899413833109,0.43333333333333335
382,002115,三维通信,2026-07-14,2026-07-14,518,0.04028950812054784,0.5333333333333333,120,10.0,0.06202624360734479,0.5333333333333333,0.07806893446845269,0.48333333333333334,120,10.0,0.10130953683237917,0.5666666666666667
383,002152,广电运通,2026-07-14,2026-07-14,518,0.040287431517947704,0.8333333333333334,120,0.1,0.03684889706853585,0.6333333333333333,-0.02970010343988483,0.2,120,10.0,0.0521838675275289,0.5666666666666667
384,002151,北斗星通,2026-07-14,2026-07-14,518,0.03981607815640593,0.6166666666666667,240,0.1,0.04665411663461472,0.5833333333333334,0.06946088704379585,0.55,240,0.1,0.07781822719480136,0.6
385,600831,广电网络,2026-07-14,2026-07-14,516,0.03975279756227871,0.9,120,1.0,0.03384935704404255,0.75,0.08213626740216542,0.9166666666666666,120,0.1,0.048849189171801505,0.7833333333333333
386,002657,中科金财,2026-07-14,2026-07-14,518,0.0396323780644027,0.5833333333333334,120,1.0,0.05596445915639476,0.75,0.16779632847661424,0.9333333333333333,120,10.0,0.07594855209001845,0.5666666666666667
387,600543,莫高股份,2026-07-14,2026-07-14,516,0.03955980040770954,0.85,120,10.0,0.02752038825605583,0.8,0.04501084262179906,0.8,120,10.0,0.03334450454275041,0.8666666666666667
388,600658,电子城,2026-07-14,2026-07-14,518,0.03943704534033379,0.7,180,1.0,0.04125256016885353,0.7,0.2511108936158836,1.0,120,0.1,0.05209152808277862,0.7833333333333333
389,002334,英威腾,2026-07-14,2026-07-14,518,0.039168014747296226,0.75,120,1.0,0.05146457473091678,0.6333333333333333,0.07108522205329114,0.8166666666666667,120,1.0,0.06612974462763864,0.65
390,600699,均胜电子,2026-07-14,2026-07-14,518,0.03904493200065995,0.6666666666666666,120,0.1,0.05530029089884013,0.65,0.13617026680379488,0.9666666666666667,120,0.1,0.06420841841198327,0.7166666666666667
391,001306,夏厦精密,2026-07-14,2026-07-14,518,0.03890459694909548,0.65,120,10.0,0.04621977458137493,0.6666666666666666,-0.02286250012948326,0.2833333333333333,120,10.0,0.04662527748318819,0.75
392,000988,华工科技,2026-07-14,2026-07-14,518,0.03886542560078256,0.6666666666666666,240,10.0,0.07649415762509455,0.6,0.13695403669077874,0.8833333333333333,180,10.0,0.10240759123674545,0.6333333333333333
393,605178,时空科技,2026-07-14,2026-07-14,504,0.03868434231980143,0.55,240,10.0,0.11134293460445405,0.45,-0.22123732763413662,0.18333333333333332,120,0.1,0.17593476079129292,0.5666666666666667
394,002541,鸿路钢构,2026-07-14,2026-07-14,518,0.038624319313158,0.7,180,10.0,0.05031304406689249,0.48333333333333334,0.1768134003074661,1.0,180,0.1,0.0580703472546067,0.6666666666666666
395,600561,江西长运,2026-07-14,2026-07-14,518,0.038388509224389605,0.7166666666666667,120,1.0,0.0320837900346831,0.7833333333333333,0.07592410610874548,0.8166666666666667,120,0.1,0.04399799547401543,0.8
396,603958,哈森股份,2026-07-14,2026-07-14,503,0.03819255528613689,0.5,180,0.1,0.06034786124971576,0.5166666666666667,0.051217895733374985,0.36666666666666664,180,0.1,0.10871890000903897,0.5166666666666667
397,603276,恒兴新材,2026-07-14,2026-07-14,518,0.03818867766281464,0.85,180,0.1,0.029611241456235265,0.8666666666666667,0.08794702596714479,1.0,120,1.0,0.03482206383865429,0.7666666666666667
398,002658,雪迪龙,2026-07-14,2026-07-14,518,0.03808018523921004,0.6666666666666666,180,1.0,0.0558395607026532,0.6333333333333333,0.05255277220732006,0.65,240,10.0,0.08347175121166718,0.65
399,603050,科林电气,2026-07-14,2026-07-14,517,0.03807167590334774,0.7666666666666667,180,10.0,0.054916497514576536,0.6833333333333333,0.09863931770926676,0.95,120,10.0,0.06440494662509617,0.7666666666666667
400,603307,扬州金泉,2026-07-14,2026-07-14,518,0.0380240337908904,0.65,120,10.0,0.06448671879617184,0.6833333333333333,0.10804322071805061,0.8833333333333333,120,10.0,0.08147952851091568,0.8333333333333334
401,603066,音飞储存,2026-07-14,2026-07-14,518,0.03800749207385706,0.9,240,1.0,0.03941547580683269,0.6666666666666666,0.05153908450526983,0.95,120,10.0,0.04580012581971189,0.7666666666666667
402,600166,福田汽车,2026-07-14,2026-07-14,518,0.037828376991014476,0.6,120,10.0,0.04435655946608017,0.6166666666666667,0.07705382140960479,0.8166666666666667,120,1.0,0.05638596793103938,0.85
403,605288,凯迪股份,2026-07-14,2026-07-14,518,0.03771528800406348,0.5333333333333333,180,10.0,0.14714065327904727,0.5,-0.011434153018099667,0.35,120,10.0,0.1555113128695725,0.5666666666666667
404,002106,莱宝高科,2026-07-14,2026-07-14,518,0.03722856936315348,0.8333333333333334,180,1.0,0.08005289772202447,0.6,0.1943125734948484,0.9833333333333333,180,0.1,0.07548411669009356,0.7166666666666667
405,000509,华塑控股,2026-07-14,2026-07-14,518,0.03707779000053323,0.6333333333333333,180,10.0,0.0705860951768619,0.7666666666666667,0.07519993912381932,0.8833333333333333,180,10.0,0.08652937543452416,0.8666666666666667
406,603669,灵康药业,2026-07-14,2026-07-14,518,0.03697775972696285,0.8666666666666667,180,10.0,0.05857781725464515,0.5,-0.05922239886895895,0.4166666666666667,180,0.1,0.10002004602185856,0.5333333333333333
407,603901,永创智能,2026-07-14,2026-07-14,518,0.036594245232836546,0.5833333333333334,120,10.0,0.04877683006607247,0.5166666666666667,0.052835999779052026,0.6333333333333333,120,10.0,0.06073259049161057,0.4
408,601689,拓普集团,2026-07-14,2026-07-14,518,0.036322886249293904,0.6166666666666667,120,1.0,0.05749680758735205,0.6166666666666667,-0.0004379204838035576,0.5,120,10.0,0.0644038195494474,0.6
409,605588,冠石科技,2026-07-14,2026-07-14,518,0.036295621155644574,0.7833333333333333,120,10.0,0.05831567890066914,0.6666666666666666,0.30728991874305905,1.0,120,0.1,0.06613024195076259,0.9
410,600854,春兰股份,2026-07-14,2026-07-14,518,0.036295488157562915,0.8,120,1.0,0.033608318755934105,0.8666666666666667,0.08316038061162812,0.95,120,1.0,0.03227638684094462,0.9333333333333333
411,603072,天和磁材,2026-07-14,2026-07-14,368,0.03628430204260091,0.7833333333333333,120,1.0,0.040042726360626536,0.6833333333333333,0.041340247491622004,0.7666666666666667,120,1.0,0.04811730891686144,0.65
412,603983,丸美生物,2026-07-14,2026-07-14,518,0.036219862174237116,0.75,240,10.0,0.056791425179066754,0.5833333333333334,0.1157356528276936,0.9833333333333333,240,10.0,0.07749127365067968,0.8833333333333333
413,002937,兴瑞科技,2026-07-14,2026-07-14,518,0.036076099383913755,0.7833333333333333,180,10.0,0.05000495516472137,0.65,0.13227127166207767,1.0,120,10.0,0.07101353907136435,0.8
414,600581,八一钢铁,2026-07-14,2026-07-14,517,0.036033681261047,0.6833333333333333,180,0.1,0.04164919568033619,0.6,0.026023811412052372,0.6666666666666666,180,10.0,0.050697997989532784,0.7666666666666667
415,002664,信质集团,2026-07-14,2026-07-14,518,0.03568037252540555,0.6333333333333333,180,1.0,0.06178903194311704,0.6833333333333333,0.07200527841841947,0.6666666666666666,120,10.0,0.07815638414753308,0.65
416,002123,梦网科技,2026-07-14,2026-07-14,508,0.035622481290899524,0.7,180,10.0,0.055553553782294054,0.6333333333333333,0.002586698733446236,0.4666666666666667,180,10.0,0.07146194282393739,0.6333333333333333
417,600736,苏州高新,2026-07-14,2026-07-14,518,0.035520065730972356,0.6,180,0.1,0.08370390654473699,0.6666666666666666,0.12678169603141368,0.8666666666666667,180,0.1,0.1415898080796524,0.6166666666666667
418,603659,璞泰来,2026-07-14,2026-07-14,518,0.035413791805190595,0.48333333333333334,120,10.0,0.06336813048974348,0.38333333333333336,0.015911530748092765,0.3333333333333333,120,1.0,0.08610758105019463,0.48333333333333334
419,000159,国际实业,2026-07-14,2026-07-14,518,0.03540506235709762,0.7,120,10.0,0.04379749908249962,0.5666666666666667,0.03797939801937298,0.5666666666666667,120,10.0,0.05236421848736408,0.7166666666666667
420,600455,博通股份,2026-07-14,2026-07-14,518,0.03526638688114674,0.7833333333333333,180,0.1,0.030531179728643998,0.8,0.07621872092438801,0.9166666666666666,120,0.1,0.04633840491484284,0.8166666666666667
421,603859,能科科技,2026-07-14,2026-07-14,518,0.03472670921900831,0.65,180,10.0,0.07708370519435512,0.6,-0.06205085324927904,0.36666666666666664,240,10.0,0.0801247813983195,0.7
422,000762,西藏矿业,2026-07-14,2026-07-14,518,0.034636587664990684,0.5333333333333333,180,0.1,0.06556072655886015,0.6333333333333333,0.1075659780475119,0.7333333333333333,120,1.0,0.10140352658955283,0.7
423,002132,恒星科技,2026-07-14,2026-07-14,518,0.03454029727111371,0.7333333333333333,240,0.1,0.07329356735900765,0.65,0.23173998729540646,0.9833333333333333,240,1.0,0.10278853581031161,0.5333333333333333
424,000027,深圳能源,2026-07-14,2026-07-14,518,0.03440014493867605,0.6833333333333333,240,0.1,0.040975699565641115,0.6166666666666667,0.07538296863115564,0.8666666666666667,240,0.1,0.04920788656760198,0.8166666666666667
425,600676,交运股份,2026-07-14,2026-07-14,518,0.0342576795134581,0.43333333333333335,240,10.0,0.06184953268811808,0.5166666666666667,0.05657343508482854,0.35,240,10.0,0.09857318006355836,0.5
426,000037,深南电A,2026-07-14,2026-07-14,518,0.034252457304348484,0.5833333333333334,240,1.0,0.07708724586466979,0.6,-0.029399541107580012,0.4166666666666667,240,0.1,0.08492311191423604,0.7333333333333333
427,002407,多氟多,2026-07-14,2026-07-14,518,0.03422853770879727,0.6333333333333333,180,10.0,0.1009440833067802,0.7166666666666667,0.072957380812667,0.7666666666666667,180,10.0,0.1283888769269698,0.6833333333333333
428,600879,航天电子,2026-07-14,2026-07-14,518,0.03415427702864708,0.45,240,10.0,0.08676004239120164,0.43333333333333335,0.052081323131774854,0.5166666666666667,240,10.0,0.10197871175126708,0.6166666666666667
429,603375,盛景微,2026-07-14,2026-07-14,518,0.0341300779520962,0.7666666666666667,180,10.0,0.05941368657555949,0.5666666666666667,0.14360783199318575,0.9666666666666667,180,0.1,0.07470970166159105,0.6166666666666667
430,600712,南宁百货,2026-07-14,2026-07-14,518,0.03404362334570875,0.6666666666666666,120,1.0,0.04061859356873866,0.6833333333333333,0.09327319881022926,0.8666666666666667,120,0.1,0.048136386090874866,0.7166666666666667
431,600562,国睿科技,2026-07-14,2026-07-14,518,0.033761208226723696,0.55,180,10.0,0.05349064245671628,0.6333333333333333,0.04894912774722064,0.4666666666666667,180,0.1,0.06447396905047884,0.5833333333333334
432,600215,派斯林,2026-07-14,2026-07-14,518,0.03347047842169941,0.75,240,1.0,0.029688911286199347,0.6666666666666666,0.0414881768048253,0.85,240,0.1,0.029836073535908312,0.7833333333333333
433,603948,建业股份,2026-07-14,2026-07-14,518,0.03346691288933938,0.6333333333333333,120,10.0,0.042146213813990675,0.7,0.03213108741314264,0.55,120,1.0,0.05189651038571584,0.55
434,603271,永杰新材,2026-07-14,2026-07-14,327,0.0333907877177521,0.6833333333333333,120,1.0,0.04600080038884423,0.6166666666666667,-0.01089852883930376,0.36666666666666664,120,10.0,0.06093242451458644,0.4666666666666667
435,603931,格林达,2026-07-14,2026-07-14,518,0.033328995375569256,0.8166666666666667,120,10.0,0.0885257961152342,0.6333333333333333,0.06533996915444164,0.8666666666666667,120,10.0,0.15492081289532011,0.6333333333333333
436,603206,嘉环科技,2026-07-14,2026-07-14,518,0.03308153262539293,0.65,120,1.0,0.06791373076329274,0.6833333333333333,0.0987478074411896,0.8333333333333334,120,0.1,0.06539417025546614,0.7833333333333333
437,600162,香江控股,2026-07-14,2026-07-14,518,0.032827584102827864,0.6666666666666666,180,10.0,0.11897481444672138,0.7,-0.23318334502835353,0.23333333333333334,180,0.1,0.21375947330505912,0.65
438,603685,晨丰科技,2026-07-14,2026-07-14,518,0.032747026025260695,0.5833333333333334,240,1.0,0.05015549852457714,0.5833333333333334,0.020105226791689943,0.4166666666666667,120,10.0,0.06976364721585643,0.5333333333333333
439,603315,福鞍股份,2026-07-14,2026-07-14,518,0.032541051374793566,0.5833333333333334,120,10.0,0.07745978504225079,0.6166666666666667,0.16463287263227322,0.85,180,0.1,0.09703022312822165,0.5833333333333334
440,600337,美克家居,2026-07-14,2026-07-14,507,0.032493649684453174,0.5333333333333333,240,10.0,0.0732458907711762,0.5666666666666667,0.09073991095189626,0.75,240,10.0,0.08211334906161634,0.7
441,002313,日海智能,2026-07-14,2026-07-14,518,0.032476144117705955,0.8333333333333334,120,0.1,0.04439287208738633,0.7833333333333333,0.13423885126602056,1.0,120,0.1,0.05895833165461754,0.8166666666666667
442,600111,北方稀土,2026-07-14,2026-07-14,518,0.032472029160244095,0.6,180,10.0,0.05848476911287148,0.5333333333333333,0.06118462452293183,0.8333333333333334,180,1.0,0.05134875526309476,0.8
443,603995,甬金股份,2026-07-14,2026-07-14,518,0.032404546637944065,0.6833333333333333,180,10.0,0.058082777769979534,0.6166666666666667,0.07127557611989349,0.8833333333333333,180,10.0,0.06039619331932907,0.6666666666666666
444,603518,锦泓集团,2026-07-14,2026-07-14,518,0.03228922188582225,0.7333333333333333,180,0.1,0.03613152631479412,0.6833333333333333,0.09587917945129075,0.9666666666666667,180,0.1,0.04387710324596816,0.8166666666666667
445,001239,永达股份,2026-07-14,2026-07-14,518,0.03228541231496674,0.5666666666666667,180,10.0,0.043616317545601475,0.48333333333333334,0.05712809896298982,0.75,180,1.0,0.049649505357384896,0.75
446,002748,世龙实业,2026-07-14,2026-07-14,517,0.03222744161310348,0.5833333333333334,180,10.0,0.0360396519732286,0.5666666666666667,-0.06678830030838143,0.016666666666666666,120,10.0,0.044539447967524695,0.6833333333333333
447,600724,宁波富达,2026-07-14,2026-07-14,518,0.03192188508072712,0.5666666666666667,120,0.1,0.058462160345337494,0.55,0.053524784581995256,0.45,120,0.1,0.08237393481794869,0.7
448,600203,福日电子,2026-07-14,2026-07-14,518,0.03189039194650648,0.7333333333333333,180,10.0,0.046352980109471816,0.7666666666666667,0.047828517594457665,0.8333333333333334,180,10.0,0.043949680777826114,0.75
449,603992,松霖科技,2026-07-14,2026-07-14,518,0.03186103502344554,0.6833333333333333,120,1.0,0.05685133765791425,0.5333333333333333,0.06950825804236958,0.7,240,10.0,0.06801182739371456,0.6166666666666667
450,002757,南兴股份,2026-07-14,2026-07-14,518,0.03183675714611996,0.5166666666666667,120,1.0,0.08810521755813708,0.6,0.19503478809335806,0.9333333333333333,180,0.1,0.13566416429313025,0.65
451,000680,山推股份,2026-07-14,2026-07-14,518,0.03182753411215024,0.5666666666666667,120,10.0,0.04394873924578337,0.45,0.012449284813387354,0.3333333333333333,120,10.0,0.05551492602684803,0.45
452,002362,汉王科技,2026-07-14,2026-07-14,518,0.0318090338307777,0.7,180,10.0,0.04258675077612002,0.65,0.016506614562438078,0.65,120,10.0,0.04767973794439659,0.8
453,000719,中原传媒,2026-07-14,2026-07-14,518,0.03176251638440094,0.6833333333333333,120,0.1,0.03397568737751335,0.6166666666666667,0.04098806645081621,0.7166666666666667,180,0.1,0.0424421095528758,0.75
454,603990,麦迪科技,2026-07-14,2026-07-14,518,0.03174696168514966,0.7833333333333333,240,10.0,0.060835456803664624,0.5,0.03889968080867262,0.8333333333333334,240,10.0,0.0856393180365133,0.48333333333333334
455,003006,百亚股份,2026-07-14,2026-07-14,518,0.03156067844587497,0.6833333333333333,120,10.0,0.043468248288053964,0.8333333333333334,-0.02468571126416285,0.38333333333333336,120,10.0,0.04852258534209741,0.7333333333333333
456,600066,宇通客车,2026-07-14,2026-07-14,518,0.03153928536568683,0.55,120,10.0,0.043698984558461086,0.5166666666666667,0.08351349613527681,0.6666666666666666,120,10.0,0.07526078459710829,0.4166666666666667
457,002179,中航光电,2026-07-14,2026-07-14,518,0.031518276323099816,0.75,120,10.0,0.05147115997122098,0.6166666666666667,0.1688356197277543,1.0,240,0.1,0.06603757827670587,0.7
458,002547,春兴精工,2026-07-14,2026-07-14,517,0.03146944746421919,0.5333333333333333,180,10.0,0.07519088963133135,0.65,0.09135135135144937,0.75,120,0.1,0.10226073255888989,0.6166666666666667
459,002798,帝欧水华,2026-07-14,2026-07-14,516,0.03129813357369822,0.6666666666666666,120,10.0,0.06598606257559647,0.7166666666666667,0.29183937909143415,1.0,120,0.1,0.06672043334190107,0.8833333333333333
460,603190,亚通精工,2026-07-14,2026-07-14,518,0.03120291976596217,0.7166666666666667,120,0.1,0.0345332943179778,0.7166666666666667,0.05993807409514786,0.8,120,0.1,0.05218552408369998,0.7833333333333333
461,002387,维信诺,2026-07-14,2026-07-14,513,0.03116492225190317,0.8333333333333334,240,10.0,0.03975246620282465,0.6333333333333333,0.04167508303169365,0.95,120,10.0,0.04250769185120326,0.6666666666666666
462,600159,大龙地产,2026-07-14,2026-07-14,518,0.03115842697640107,0.48333333333333334,120,1.0,0.05012772636367187,0.6,0.07856859550914877,0.5333333333333333,120,0.1,0.07734853301629473,0.55
463,600969,郴电国际,2026-07-14,2026-07-14,518,0.03109839806375313,0.5333333333333333,120,10.0,0.06518890211640858,0.6666666666666666,0.06622333559190588,0.7166666666666667,120,10.0,0.0756541493230776,0.5833333333333334
464,002342,巨力索具,2026-07-14,2026-07-14,518,0.030970803367811432,0.43333333333333335,240,0.1,0.12221903916072023,0.5833333333333334,0.1488647489408749,0.5333333333333333,180,0.1,0.17807798089330673,0.7
465,601225,陕西煤业,2026-07-14,2026-07-14,518,0.03094337158778579,0.6,120,10.0,0.05239675441000514,0.7,-0.08110192058805067,0.016666666666666666,120,0.1,0.06202583839091089,0.7333333333333333
466,605080,浙江自然,2026-07-14,2026-07-14,518,0.03082618401691515,0.7333333333333333,240,10.0,0.0393768630903874,0.7833333333333333,0.16787584879580753,1.0,120,0.1,0.04350893580229075,0.85
467,002552,宝鼎科技,2026-07-14,2026-07-14,518,0.030776959032146826,0.5666666666666667,180,1.0,0.14655842644787728,0.6833333333333333,-0.005413233999930767,0.5833333333333334,120,1.0,0.20689225324461136,0.8833333333333333
468,605218,伟时电子,2026-07-14,2026-07-14,518,0.030707346274840373,0.65,240,1.0,0.05818193288191923,0.6666666666666666,0.07130553159167938,0.9166666666666666,240,0.1,0.05571200280245135,0.75
469,603993,洛阳钼业,2026-07-14,2026-07-14,518,0.0307072962962448,0.6,240,10.0,0.07055633337107413,0.5666666666666667,0.018927747377469578,0.6666666666666666,240,10.0,0.06549546334986539,0.6
470,000422,湖北宜化,2026-07-14,2026-07-14,518,0.030633431534903846,0.6,240,0.1,0.04412196767438048,0.5166666666666667,0.052524107865400606,0.6166666666666667,240,0.1,0.05710802814129813,0.55
471,603663,三祥新材,2026-07-14,2026-07-14,518,0.030563712682715443,0.6,240,0.1,0.1091403958150858,0.6333333333333333,0.19579645358215375,0.8833333333333333,120,0.1,0.14543985774478374,0.8166666666666667
472,001289,龙源电力,2026-07-14,2026-07-14,518,0.0305482919353007,0.8333333333333334,240,0.1,0.03286757905564253,0.7166666666666667,0.06912535917932623,0.8833333333333333,240,10.0,0.047783579460038667,0.7833333333333333
473,600698,湖南天雁,2026-07-14,2026-07-14,518,0.03044311334447722,0.5,180,10.0,0.04138240928036269,0.6833333333333333,-0.005382506351474248,0.35,120,10.0,0.04295902777474676,0.7333333333333333
474,600602,云赛智联,2026-07-14,2026-07-14,518,0.03041594265195333,0.4666666666666667,240,10.0,0.06320915672730108,0.4166666666666667,0.13948639491470127,0.85,240,0.1,0.07460660097258456,0.6833333333333333
475,603063,禾望电气,2026-07-14,2026-07-14,518,0.030337903976938585,0.6,180,10.0,0.104621712361765,0.4,0.4088851410931427,0.9833333333333333,120,0.1,0.17123077984226315,0.6
476,002361,神剑股份,2026-07-14,2026-07-14,518,0.030133646553299965,0.3333333333333333,180,1.0,0.12493682913508672,0.6,0.08474532535444151,0.4166666666666667,180,10.0,0.17478153531148166,0.5666666666666667
477,603360,百傲化学,2026-07-14,2026-07-14,518,0.030046396384796774,0.45,120,1.0,0.07689673355717748,0.7166666666666667,-0.015293621873982755,0.21666666666666667,240,0.1,0.08365899580417897,0.85
478,002947,恒铭达,2026-07-14,2026-07-14,518,0.029965779595537343,0.5833333333333334,120,10.0,0.05405204404216943,0.8,0.1323674329450984,0.9166666666666666,120,1.0,0.07839744154254041,0.85
479,603339,四方科技,2026-07-14,2026-07-14,518,0.029831779415873096,0.9,120,0.1,0.03560144405706556,0.8,0.118126003490008,1.0,120,10.0,0.04547004436321782,0.7333333333333333
480,603701,德宏股份,2026-07-14,2026-07-14,518,0.02972975642450669,0.65,240,10.0,0.03878430560067781,0.48333333333333334,0.10535488496561433,0.9333333333333333,120,1.0,0.04531360338370396,0.6333333333333333
481,601002,晋亿实业,2026-07-14,2026-07-14,518,0.029666513944211527,0.38333333333333336,120,10.0,0.050381315740781626,0.48333333333333334,0.05815122180864507,0.6,120,0.1,0.06131980890272422,0.7333333333333333
482,002896,中大力德,2026-07-14,2026-07-14,518,0.02961399228663776,0.7333333333333333,180,0.1,0.060464113332802785,0.6833333333333333,-0.0036662412598091644,0.65,120,10.0,0.06549166777054276,0.6666666666666666
483,600703,三安光电,2026-07-14,2026-07-14,518,0.02943871208792606,0.65,240,10.0,0.10496677046366702,0.6,0.20066206129617875,1.0,240,0.1,0.12018394828571366,0.7333333333333333
484,601882,海天精工,2026-07-14,2026-07-14,518,0.02937238596542795,0.7333333333333333,180,10.0,0.05463212072715378,0.65,0.0029441736521012988,0.6666666666666666,120,10.0,0.06444271029173052,0.65
485,302132,中航成飞,2026-07-14,2026-07-14,518,0.029030834251007973,0.7833333333333333,120,0.1,0.029272957825883707,0.7833333333333333,0.004197873806144128,0.3,120,10.0,0.03954316344253675,0.7333333333333333
486,603906,龙蟠科技,2026-07-14,2026-07-14,518,0.028993098337539353,0.6333333333333333,120,1.0,0.0909382780607424,0.6666666666666666,0.12057917428573169,0.8666666666666667,120,1.0,0.08769257553792419,0.8
487,002039,黔源电力,2026-07-14,2026-07-14,518,0.028864834003349386,0.5833333333333334,240,10.0,0.04512720846449056,0.5833333333333334,0.029383876593707527,0.5,240,10.0,0.05320850504779983,0.55
488,002577,雷柏科技,2026-07-14,2026-07-14,518,0.0288441790672394,0.7833333333333333,120,10.0,0.04459305443522046,0.6166666666666667,0.03712386701623529,0.9166666666666666,120,10.0,0.05748762418218055,0.5666666666666667
489,000429,粤高速Ａ,2026-07-14,2026-07-14,518,0.02883700509218028,0.8666666666666667,240,10.0,0.02319647529694379,0.6333333333333333,0.009015029746293358,0.8166666666666667,120,10.0,0.03050527317736441,0.65
490,000837,秦川机床,2026-07-14,2026-07-14,518,0.02875324763516468,0.8166666666666667,120,10.0,0.0537480478343946,0.65,-0.018035225666709905,0.6166666666666667,120,10.0,0.05384498183363228,0.5833333333333334
491,600575,淮河能源,2026-07-14,2026-07-14,508,0.028710193611340525,0.7333333333333333,120,10.0,0.038999286032929334,0.6333333333333333,0.05635259451644695,0.7166666666666667,120,10.0,0.050372767321431845,0.8333333333333334
492,603895,天永智能,2026-07-14,2026-07-14,518,0.02860614851529155,0.7333333333333333,240,10.0,0.0744425201918105,0.6166666666666667,0.1925666293015075,1.0,120,0.1,0.08266883079243752,0.85
493,601058,赛轮轮胎,2026-07-14,2026-07-14,518,0.028582955470459394,0.7,120,10.0,0.03428462961981395,0.5666666666666667,0.06365399160857423,0.9,120,10.0,0.0472615858547623,0.5666666666666667
494,002301,齐心集团,2026-07-14,2026-07-14,518,0.028581281994591746,0.7,120,10.0,0.05576063103037671,0.5833333333333334,-0.00023744869788005964,0.6333333333333333,120,10.0,0.060241764212375155,0.7
495,002456,欧菲光,2026-07-14,2026-07-14,508,0.028270468338313648,0.85,120,10.0,0.0380583730268041,0.6666666666666666,0.015171180635962428,0.75,180,1.0,0.040424551729897326,0.6333333333333333
496,002634,棒杰股份,2026-07-14,2026-07-14,517,0.028227507973080733,0.2833333333333333,180,10.0,0.11512360367700634,0.45,0.12818378491796703,0.4666666666666667,120,10.0,0.14897278547876297,0.55
497,603726,朗迪集团,2026-07-14,2026-07-14,518,0.02819084980984412,0.6833333333333333,240,10.0,0.06483672110225831,0.6666666666666666,0.10345532527078602,0.9166666666666666,240,0.1,0.09431980002841431,0.7166666666666667
498,601009,南京银行,2026-07-14,2026-07-14,518,0.028052818441883155,0.8166666666666667,120,1.0,0.024288383988424762,0.7833333333333333,0.010614457119777375,0.6333333333333333,120,10.0,0.033541459679899036,0.7666666666666667
499,603012,创力集团,2026-07-14,2026-07-14,518,0.027816294977944363,0.6,240,10.0,0.061273640711345,0.55,0.10367137501152975,0.8,240,0.1,0.07257983319876082,0.65
500,603709,中源家居,2026-07-14,2026-07-14,518,0.0277827228673491,0.5166666666666667,120,0.1,0.05062432485876246,0.5166666666666667,0.08991617990287884,0.6833333333333333,120,0.1,0.09557044122815192,0.5666666666666667
501,000970,中科三环,2026-07-14,2026-07-14,518,0.027756913452882392,0.6666666666666666,180,10.0,0.06708393394718788,0.5166666666666667,0.06102833431990851,0.8833333333333333,240,10.0,0.08991282930679655,0.5166666666666667
502,002723,小崧股份,2026-07-14,2026-07-14,518,0.027661151205381873,0.48333333333333334,240,10.0,0.05143752055385405,0.48333333333333334,0.04392632136538762,0.48333333333333334,240,10.0,0.0732632137580193,0.55
503,603976,正川股份,2026-07-14,2026-07-14,518,0.027525147734525815,0.75,240,10.0,0.05848194124642,0.6,0.06947067872174947,0.9333333333333333,240,10.0,0.06984825339514383,0.7166666666666667
504,600865,百大集团,2026-07-14,2026-07-14,518,0.027519143125233417,0.4166666666666667,240,10.0,0.06275734207381532,0.36666666666666664,0.0471990638827833,0.4666666666666667,240,10.0,0.10242360319462604,0.4166666666666667
505,001896,豫能控股,2026-07-14,2026-07-14,518,0.027443946026467124,0.4166666666666667,240,0.1,0.12036611856856134,0.5833333333333334,0.02304508131332183,0.38333333333333336,240,10.0,0.20404398078649838,0.4666666666666667
506,002878,元隆雅图,2026-07-14,2026-07-14,518,0.027384765748125164,0.48333333333333334,180,10.0,0.06151418292392519,0.7333333333333333,0.10315030698791533,0.65,180,10.0,0.07610813590991186,0.8833333333333333
507,002202,金风科技,2026-07-14,2026-07-14,518,0.027359039035682736,0.4,240,10.0,0.07045457522339824,0.5,0.08754222110478568,0.5,240,10.0,0.10178467426875662,0.48333333333333334
508,600798,宁波海运,2026-07-14,2026-07-14,518,0.027356041549932257,0.8,120,1.0,0.031833342206360866,0.7,0.023856582571112762,0.5833333333333334,120,10.0,0.03770700271805609,0.75
509,000925,众合科技,2026-07-14,2026-07-14,518,0.027339086657882802,0.7,240,10.0,0.09803949068928876,0.5833333333333334,0.07550593653307412,0.8,120,10.0,0.12785618347360744,0.65
510,002761,浙江建投,2026-07-14,2026-07-14,508,0.027326294410931772,0.6666666666666666,120,0.1,0.03540196139182498,0.5833333333333334,0.032051037232991644,0.6333333333333333,120,0.1,0.0332670476796293,0.7166666666666667
511,002277,友阿股份,2026-07-14,2026-07-14,508,0.027198801448120258,0.5833333333333334,240,1.0,0.047151403692487,0.7333333333333333,0.0017850918471859355,0.5166666666666667,240,10.0,0.05540861653889274,0.65
512,605055,迎丰股份,2026-07-14,2026-07-14,518,0.027092618993836567,0.65,180,10.0,0.07878186772373352,0.4166666666666667,0.04383322872912752,0.6166666666666667,180,10.0,0.09375749308757048,0.4666666666666667
513,002807,江阴银行,2026-07-14,2026-07-14,518,0.02705383268578465,0.65,240,1.0,0.02782487556617472,0.48333333333333334,0.011649842694261935,0.36666666666666664,120,10.0,0.0343118395115976,0.6833333333333333
514,002232,启明信息,2026-07-14,2026-07-14,518,0.027002408089736234,0.6166666666666667,120,10.0,0.039384396651591394,0.5833333333333334,0.11380063443819673,1.0,120,0.1,0.039224749556231765,0.7166666666666667
515,600688,上海石化,2026-07-14,2026-07-14,518,0.026986894424627927,0.7666666666666667,120,10.0,0.04562050110316007,0.7166666666666667,0.02540797528227856,0.75,120,10.0,0.05080565396602199,0.7666666666666667
516,605277,新亚电子,2026-07-14,2026-07-14,518,0.02697027560392746,0.5666666666666667,120,0.1,0.05771619151788664,0.6833333333333333,0.034843402172285175,0.5166666666666667,120,10.0,0.06310372392453988,0.6666666666666666
517,600338,西藏珠峰,2026-07-14,2026-07-14,518,0.026860358271242068,0.5333333333333333,120,1.0,0.08511856609165444,0.65,0.19363284113993198,0.7833333333333333,120,0.1,0.12395578503806108,0.7
518,003026,中晶科技,2026-07-14,2026-07-14,518,0.026694015441100526,0.5666666666666667,120,10.0,0.10632108635983377,0.5833333333333334,0.11188004118978497,0.5666666666666667,120,1.0,0.1552535883861971,0.7333333333333333
519,002056,横店东磁,2026-07-14,2026-07-14,518,0.026669151344520473,0.7833333333333333,180,10.0,0.081940936517101,0.5333333333333333,0.08714823445361644,0.9666666666666667,180,1.0,0.11000655045272241,0.65
520,002815,崇达技术,2026-07-14,2026-07-14,518,0.02659628654021245,0.7666666666666667,120,10.0,0.0718657575886974,0.55,0.01715028936541351,0.7833333333333333,180,10.0,0.07857226445933467,0.5666666666666667
521,601001,晋控煤业,2026-07-14,2026-07-14,518,0.026578133571412837,0.5,180,10.0,0.06825052235711233,0.45,0.1291895134882763,0.9166666666666666,120,0.1,0.09353438328148703,0.55
522,603298,杭叉集团,2026-07-14,2026-07-14,518,0.026375414575954506,0.7,120,1.0,0.039389670804259945,0.6333333333333333,-0.002358531141154127,0.5,120,10.0,0.04896097209414339,0.7166666666666667
523,603082,北自科技,2026-07-14,2026-07-14,513,0.026327926615589397,0.8,120,10.0,0.08579695801931829,0.7833333333333333,0.08818334533611565,0.9333333333333333,240,1.0,0.09079252250250762,0.85
524,002745,木林森,2026-07-14,2026-07-14,518,0.026271102628653238,0.9666666666666667,180,10.0,0.06502017912392326,0.4666666666666667,0.053113189520652526,0.9833333333333333,120,10.0,0.0909104315274854,0.5666666666666667
525,002806,华锋股份,2026-07-14,2026-07-14,513,0.02625786377017187,0.6333333333333333,240,0.1,0.06726304661331009,0.6333333333333333,0.05523975274968958,0.8,120,10.0,0.07991532277485179,0.7333333333333333
526,600361,创新新材,2026-07-14,2026-07-14,518,0.026253021533657408,0.6,180,0.1,0.03569116855206177,0.8,0.012294025571113623,0.35,120,0.1,0.03858271038476135,0.8333333333333334
527,600603,广汇物流,2026-07-14,2026-07-14,516,0.026217493262452065,0.8333333333333334,180,10.0,0.03884938259675428,0.8166666666666667,0.03696671742233005,0.8333333333333334,180,10.0,0.04961577580477274,0.8
528,002826,易明医药,2026-07-14,2026-07-14,513,0.026115531503462866,0.43333333333333335,180,10.0,0.057510057728891444,0.6666666666666666,0.09661430645883877,0.85,180,0.1,0.05902629959671279,0.5166666666666667
529,603038,华立股份,2026-07-14,2026-07-14,518,0.026100166145852227,0.8333333333333334,120,10.0,0.03439125453761494,0.7166666666666667,0.03089612557618416,0.7166666666666667,240,0.1,0.04232275091675729,0.6
530,603511,爱慕股份,2026-07-14,2026-07-14,518,0.026038741091944026,0.8,120,0.1,0.024276608699560498,0.7166666666666667,0.05708484495730123,0.8666666666666667,120,0.1,0.03383295025213351,0.9
531,002034,旺能环境,2026-07-14,2026-07-14,518,0.025911974936109968,0.45,180,10.0,0.07293172249392427,0.6166666666666667,0.10252789282002549,0.6666666666666666,120,1.0,0.09717044138942169,0.6666666666666666
532,600173,卧龙新能,2026-07-14,2026-07-14,518,0.025540382156191768,0.4,120,0.1,0.049431382220612094,0.4666666666666667,0.024542971960212594,0.4666666666666667,120,0.1,0.05177900370009866,0.7833333333333333
533,600985,淮北矿业,2026-07-14,2026-07-14,518,0.025513963031071125,0.55,180,1.0,0.04581643028170165,0.6,0.031561414129706644,0.5166666666666667,180,0.1,0.07423844304607413,0.6
534,000338,潍柴动力,2026-07-14,2026-07-14,518,0.02545044303820131,0.5333333333333333,120,10.0,0.06329929396566303,0.55,0.09688865716840964,0.7666666666666667,180,10.0,0.07426688193099132,0.6333333333333333
535,601699,潞安环能,2026-07-14,2026-07-14,518,0.025440306331527322,0.7,120,0.1,0.06381954480580447,0.7333333333333333,0.05029310092098762,0.7333333333333333,120,0.1,0.10088567534274352,0.7333333333333333
536,002820,桂发祥,2026-07-14,2026-07-14,518,0.02530237752875803,0.5166666666666667,120,10.0,0.038603665324833655,0.65,0.043604245673689895,0.6333333333333333,120,10.0,0.0546227994154441,0.7333333333333333
537,600284,浦东建设,2026-07-14,2026-07-14,518,0.02523916532106281,0.6666666666666666,120,1.0,0.0424241121092095,0.8666666666666667,0.09668759896180382,0.8333333333333334,120,1.0,0.05012201428207492,0.8833333333333333
538,603392,万泰生物,2026-07-14,2026-07-14,518,0.025202376862125227,0.6666666666666666,240,0.1,0.045868557399720726,0.6666666666666666,0.026473837102702714,0.6166666666666667,180,0.1,0.06352511900345477,0.65
539,601512,中新集团,2026-07-14,2026-07-14,518,0.02519375221616111,0.6833333333333333,180,10.0,0.044846630986332944,0.5666666666666667,0.0631261106710206,0.8,120,10.0,0.06999788297213053,0.6833333333333333
540,000795,英洛华,2026-07-14,2026-07-14,518,0.0250815847748853,0.7166666666666667,120,0.1,0.043025766237056486,0.5833333333333334,0.031383145835222524,0.75,240,10.0,0.041784104245283935,0.75
541,002594,比亚迪,2026-07-14,2026-07-14,518,0.025029605819963895,0.6666666666666666,240,10.0,0.03459816057475321,0.5833333333333334,0.006145377527838667,0.5333333333333333,180,10.0,0.045086801381177745,0.6
542,002222,福晶科技,2026-07-14,2026-07-14,518,0.02483168541320048,0.5,180,0.1,0.08954310965181494,0.5333333333333333,0.23860785025531184,0.9833333333333333,180,0.1,0.10370232978850359,0.6833333333333333
543,002380,科远智慧,2026-07-14,2026-07-14,518,0.02478231833569053,0.6166666666666667,180,10.0,0.07243673695884481,0.6,0.10368454293777624,0.85,180,1.0,0.09394512939433523,0.6333333333333333
544,000543,皖能电力,2026-07-14,2026-07-14,518,0.024770348259087267,0.75,180,1.0,0.03274405046942673,0.65,0.09424514467686515,1.0,120,1.0,0.03275561501725457,0.75
545,002583,海能达,2026-07-14,2026-07-14,518,0.024543880894874668,0.55,120,10.0,0.04478178372374044,0.55,0.0599089483590019,0.6666666666666666,120,1.0,0.057725943460612904,0.7
546,603266,天龙股份,2026-07-14,2026-07-14,518,0.024541475368215285,0.7166666666666667,120,0.1,0.028551640698152934,0.6666666666666666,0.05870102315641346,0.9333333333333333,120,0.1,0.027997743039367008,0.8166666666666667
547,603803,瑞斯康达,2026-07-14,2026-07-14,518,0.02454141567688288,0.45,240,10.0,0.07890796855217799,0.55,0.049098086689359444,0.5333333333333333,240,10.0,0.09702008438620223,0.5833333333333334
548,002111,威海广泰,2026-07-14,2026-07-14,518,0.024516803149848974,0.48333333333333334,240,10.0,0.042911431682288496,0.48333333333333334,0.07775538487502952,0.7833333333333333,120,1.0,0.05964553560362808,0.7333333333333333
549,603786,科博达,2026-07-14,2026-07-14,518,0.02441636712634927,0.5333333333333333,120,10.0,0.0538673249545882,0.6166666666666667,-0.007970923897242736,0.35,120,10.0,0.05323653198243426,0.65
550,600071,凤凰光学,2026-07-14,2026-07-14,518,0.024346812352041183,0.6333333333333333,120,0.1,0.030315066609068426,0.8166666666666667,0.06146723185256988,0.8,120,1.0,0.04340186383816487,0.6333333333333333
551,000935,四川双马,2026-07-14,2026-07-14,518,0.02434554352913344,0.7,240,1.0,0.05210517359541446,0.6166666666666667,0.04708329438910898,0.7166666666666667,240,10.0,0.07393600929831466,0.6666666666666666
552,603155,新亚强,2026-07-14,2026-07-14,518,0.024341463947760735,0.7333333333333333,120,10.0,0.08427936183766963,0.6833333333333333,0.1825829996789946,0.9666666666666667,120,1.0,0.09660200639306592,0.7333333333333333
553,002963,豪尔赛,2026-07-14,2026-07-14,518,0.024305710971866342,0.6333333333333333,240,10.0,0.08929492937949772,0.6166666666666667,0.2190984002853814,0.9833333333333333,120,10.0,0.11818763981172592,0.7
554,002821,凯莱英,2026-07-14,2026-07-14,518,0.024211814543160865,0.6166666666666667,120,10.0,0.07519037599116192,0.6166666666666667,0.034943196943577975,0.5,120,1.0,0.09334078399678354,0.5833333333333334
555,003001,中岩大地,2026-07-14,2026-07-14,518,0.024196430556746595,0.6666666666666666,180,10.0,0.07025929401220085,0.7,-0.031900762663127115,0.3,180,10.0,0.07890257923133372,0.7833333333333333
556,603167,渤海轮渡,2026-07-14,2026-07-14,518,0.02413724255728103,0.8166666666666667,120,0.1,0.013794825868544603,0.7333333333333333,0.020454643998306203,0.6833333333333333,120,10.0,0.016957024993364163,0.6
557,000531,穗恒运Ａ,2026-07-14,2026-07-14,518,0.024057751240672727,0.5666666666666667,120,10.0,0.04816402631411997,0.5333333333333333,0.10914693539848444,0.7833333333333333,180,10.0,0.06717379024929016,0.5833333333333334
558,603578,三星新材,2026-07-14,2026-07-14,518,0.023955484605282976,0.6333333333333333,240,10.0,0.05258378714391953,0.7166666666666667,0.11002988564670259,0.9,240,0.1,0.051666796064222975,0.8666666666666667
559,603680,今创集团,2026-07-14,2026-07-14,518,0.023813277959020877,0.48333333333333334,180,10.0,0.05652129353598973,0.5833333333333334,0.06485756999454795,0.55,120,1.0,0.08391583169212757,0.7333333333333333
560,600052,东望时代,2026-07-14,2026-07-14,518,0.023798862534841238,0.75,120,10.0,0.04973755077634124,0.8166666666666667,0.034777636258217066,0.8,120,10.0,0.06309843647105544,0.7833333333333333
561,600580,卧龙电驱,2026-07-14,2026-07-14,518,0.023693677802599157,0.6333333333333333,120,10.0,0.04993588810124037,0.5666666666666667,-0.016201486063560006,0.38333333333333336,120,10.0,0.043924687879276704,0.7333333333333333
562,001330,博纳影业,2026-07-14,2026-07-14,518,0.023627334371098815,0.4166666666666667,240,10.0,0.10491432074218322,0.2833333333333333,0.06551715122821991,0.5,120,10.0,0.1483127226871893,0.5333333333333333
563,601588,北辰实业,2026-07-14,2026-07-14,518,0.023517600886197875,0.5166666666666667,240,10.0,0.06342130082949037,0.5833333333333334,0.036324439044135556,0.65,120,1.0,0.06993874851482601,0.6666666666666666
564,601799,星宇股份,2026-07-14,2026-07-14,518,0.023322811076807552,0.4666666666666667,180,0.1,0.05892480388034234,0.55,0.003305653117119365,0.3333333333333333,180,1.0,0.06144873393852153,0.7666666666666667
565,002895,川恒股份,2026-07-14,2026-07-14,518,0.023249875784025122,0.5166666666666667,240,0.1,0.04689144702500767,0.48333333333333334,0.015951504616629503,0.4,240,0.1,0.0504865842572267,0.5833333333333334
566,601666,平煤股份,2026-07-14,2026-07-14,518,0.023226046521792335,0.5833333333333334,120,0.1,0.05479951292496457,0.7,0.028482886535600802,0.6,120,10.0,0.06837667422638795,0.7166666666666667
567,603220,中贝通信,2026-07-14,2026-07-14,518,0.023209481082828186,0.45,180,10.0,0.08020229153606032,0.5666666666666667,0.041955816854772086,0.4,180,10.0,0.12926863182187814,0.55
568,000573,粤宏远Ａ,2026-07-14,2026-07-14,518,0.023198130096548628,0.5333333333333333,120,10.0,0.049332898678345685,0.45,0.014473784721542093,0.5,120,10.0,0.06818422635383427,0.6
569,603856,东宏股份,2026-07-14,2026-07-14,518,0.023041296419587975,0.65,240,10.0,0.039404735205084515,0.4666666666666667,0.038287944030895645,0.7333333333333333,240,10.0,0.049287552945761696,0.5
570,600356,恒丰纸业,2026-07-14,2026-07-14,509,0.023013429386185256,0.6333333333333333,120,1.0,0.029447724436516148,0.7666666666666667,0.05553748603592078,0.8,120,0.1,0.04267670471670227,0.7666666666666667
571,001360,南矿集团,2026-07-14,2026-07-14,518,0.022959788424812347,0.4666666666666667,240,0.1,0.07951405316337437,0.5166666666666667,0.03074675104055065,0.5166666666666667,240,0.1,0.07264513171913871,0.6166666666666667
572,001391,国货航,2026-07-14,2026-07-14,371,0.022919981916786347,0.6166666666666667,120,1.0,0.02320280194532209,0.7166666666666667,0.07456071849104004,0.9333333333333333,120,1.0,0.027837593821450804,0.7666666666666667
573,600099,林海股份,2026-07-14,2026-07-14,518,0.022869783998535044,0.5333333333333333,120,1.0,0.03413081120722021,0.7166666666666667,0.044703036511670395,0.7,120,0.1,0.04534455799483144,0.7833333333333333
574,002832,比音勒芬,2026-07-14,2026-07-14,518,0.02278286527449805,0.6,120,10.0,0.03680313633690622,0.6333333333333333,0.05451081646869065,0.7166666666666667,120,10.0,0.05049103751358687,0.7333333333333333
575,002582,好想你,2026-07-14,2026-07-14,518,0.022625770605283743,0.4666666666666667,120,10.0,0.040857026461408805,0.65,0.05190607543345961,0.4,240,10.0,0.07489557240783919,0.5166666666666667
576,603356,华菱精工,2026-07-14,2026-07-14,513,0.02251633662055021,0.4666666666666667,240,10.0,0.05008159118440582,0.5,-0.04975627237171331,0.16666666666666666,120,10.0,0.07130856288194123,0.55
577,002069,獐子岛,2026-07-14,2026-07-14,518,0.0222920959006675,0.5333333333333333,120,0.1,0.029132082520714163,0.5333333333333333,0.028347727957625028,0.4666666666666667,120,0.1,0.04028872285842755,0.6833333333333333
578,002741,光华科技,2026-07-14,2026-07-14,518,0.02227923930267721,0.6166666666666667,240,10.0,0.10629040758828996,0.6166666666666667,0.08196404112401667,0.85,240,10.0,0.1574735442893678,0.7333333333333333
579,603052,可川科技,2026-07-14,2026-07-14,518,0.02225967262169224,0.36666666666666664,180,10.0,0.11225361672484231,0.4166666666666667,0.11763149429982439,0.5833333333333334,180,1.0,0.15115512791056876,0.5166666666666667
580,600482,中国动力,2026-07-14,2026-07-14,508,0.022183503324758134,0.4666666666666667,120,10.0,0.07042867561974415,0.5166666666666667,-0.00669869984828992,0.2833333333333333,120,10.0,0.08869826163695874,0.4666666666666667
581,605228,神通科技,2026-07-14,2026-07-14,518,0.022129976457073836,0.6166666666666667,120,10.0,0.03481933756644927,0.5833333333333334,0.008989753719802825,0.65,120,1.0,0.037409135561847065,0.8833333333333333
582,600262,北方股份,2026-07-14,2026-07-14,518,0.022124759067506196,0.45,120,10.0,0.05303411611457708,0.4666666666666667,0.03345573180000659,0.35,120,10.0,0.06970383917400476,0.4666666666666667
583,601061,中信金属,2026-07-14,2026-07-14,518,0.02208857750923084,0.4666666666666667,120,10.0,0.055899402478942414,0.6166666666666667,0.04886390370888792,0.6,120,1.0,0.06706976577750132,0.7333333333333333
584,002635,安洁科技,2026-07-14,2026-07-14,518,0.022083700962610753,0.7,120,1.0,0.06624648679681228,0.6833333333333333,0.18059835783783418,1.0,120,1.0,0.06656614460097611,0.6833333333333333
585,603429,集友股份,2026-07-14,2026-07-14,517,0.022066797913891628,0.4166666666666667,240,10.0,0.06759534712762426,0.4,0.14665132248713328,0.8,120,10.0,0.08142467717280051,0.5833333333333334
586,001209,洪兴股份,2026-07-14,2026-07-14,518,0.022058408178008453,0.31666666666666665,240,10.0,0.05460309174450731,0.4166666666666667,0.034661381298183476,0.21666666666666667,120,10.0,0.09157921943211027,0.45
587,600011,华能国际,2026-07-14,2026-07-14,518,0.022034523715666145,0.6666666666666666,240,0.1,0.04703786832369709,0.7166666666666667,0.03495769322457994,0.7166666666666667,180,10.0,0.0600915922163413,0.8
588,002856,美芝股份,2026-07-14,2026-07-14,517,0.02196990465253154,0.6666666666666666,180,0.1,0.07957339295757417,0.8666666666666667,-0.009139010373900656,0.6166666666666667,180,0.1,0.10879895657429246,0.9333333333333333
589,002408,齐翔腾达,2026-07-14,2026-07-14,518,0.02196865188250909,0.4,240,0.1,0.04680590363865689,0.5333333333333333,-0.005630264173945007,0.08333333333333333,120,1.0,0.05712329817527029,0.5666666666666667
590,002465,海格通信,2026-07-14,2026-07-14,518,0.021920315030747244,0.5166666666666667,240,10.0,0.07237334850808273,0.4666666666666667,-0.01882683371399141,0.2833333333333333,240,10.0,0.08775650775955773,0.5166666666666667
591,002142,宁波银行,2026-07-14,2026-07-14,518,0.021912547881435818,0.7,180,0.1,0.023345532882806226,0.6333333333333333,0.04945365322032587,0.85,180,0.1,0.032900097042695385,0.5833333333333334
592,600178,东安动力,2026-07-14,2026-07-14,518,0.02186306960369066,0.48333333333333334,120,10.0,0.05459777582024793,0.6166666666666667,0.006015244511316863,0.36666666666666664,120,10.0,0.05939345949022828,0.6833333333333333
593,000100,TCL科技,2026-07-14,2026-07-14,518,0.021810799183740896,0.7833333333333333,240,10.0,0.05730669168068679,0.45,0.026777882397870816,0.7833333333333333,240,0.1,0.06215292448707884,0.5166666666666667
594,002602,世纪华通,2026-07-14,2026-07-14,516,0.021775215307281923,0.5,120,10.0,0.044567665636244064,0.4666666666666667,0.03882996688564701,0.48333333333333334,120,10.0,0.06580769365989776,0.4166666666666667
595,600520,三佳科技,2026-07-14,2026-07-14,513,0.021758788325009375,0.8,180,1.0,0.07435182619466357,0.6166666666666667,0.1810934212001898,1.0,180,0.1,0.09742413062243747,0.7833333333333333
596,002763,汇洁股份,2026-07-14,2026-07-14,518,0.02170762706229338,0.5,120,10.0,0.0462614254575552,0.6333333333333333,0.11261441498749741,0.8666666666666667,120,1.0,0.055246925117962656,0.6833333333333333
597,603885,吉祥航空,2026-07-14,2026-07-14,518,0.02164724981821679,0.4666666666666667,180,10.0,0.0439600575482335,0.65,0.00775801952830904,0.35,180,10.0,0.05138015883902499,0.5833333333333334
598,600448,华纺股份,2026-07-14,2026-07-14,518,0.021612145536418055,0.7,120,0.1,0.030157435407880785,0.7666666666666667,0.03771852567530937,0.7166666666666667,120,0.1,0.039833843220825275,0.8666666666666667
599,601069,西部黄金,2026-07-14,2026-07-14,518,0.021577546210806958,0.36666666666666664,120,0.1,0.07726499724413452,0.55,0.027995988106891235,0.4166666666666667,120,0.1,0.09435640347490311,0.5
600,002459,晶澳科技,2026-07-14,2026-07-14,518,0.021557735950609204,0.43333333333333335,120,10.0,0.052787289891454724,0.6,-0.03097298857534091,0.11666666666666667,180,10.0,0.06371165762200735,0.5666666666666667
601,605020,永和股份,2026-07-14,2026-07-14,518,0.02150679802422508,0.8333333333333334,120,10.0,0.07655151170777402,0.6166666666666667,0.2861739548677335,1.0,120,0.1,0.09505316119837873,0.7166666666666667
602,002891,中宠股份,2026-07-14,2026-07-14,518,0.021503517909051723,0.5333333333333333,120,1.0,0.04734586023291561,0.6166666666666667,0.02630662908674255,0.6333333333333333,120,0.1,0.04682541862816455,0.8666666666666667
603,002608,江苏国信,2026-07-14,2026-07-14,518,0.021452299373733174,0.5333333333333333,240,10.0,0.06559153465001669,0.6166666666666667,0.0961862582989873,0.8,120,10.0,0.07450812685686156,0.75
604,603122,合富中国,2026-07-14,2026-07-14,515,0.0213955811970975,0.5166666666666667,240,0.1,0.05122487853453634,0.6333333333333333,0.046193656368661455,0.36666666666666664,240,10.0,0.13134612034395193,0.43333333333333335
605,002157,正邦科技,2026-07-14,2026-07-14,517,0.021381789770445758,0.4666666666666667,120,10.0,0.04545819379341596,0.5166666666666667,-0.029162891622532675,0.18333333333333332,180,0.1,0.04693638340086766,0.5666666666666667
606,000570,苏常柴Ａ,2026-07-14,2026-07-14,518,0.021351839209066414,0.55,120,10.0,0.047608746719384656,0.4666666666666667,0.14747772807029275,0.9666666666666667,120,1.0,0.06969808358595322,0.5333333333333333
607,001317,三羊马,2026-07-14,2026-07-14,518,0.02133732509193001,0.65,240,10.0,0.06558586955370978,0.6333333333333333,0.09649564269398056,0.8333333333333334,180,10.0,0.08207472993624416,0.8
608,605365,立达信,2026-07-14,2026-07-14,518,0.02130090498099624,0.43333333333333335,120,10.0,0.07692374043643511,0.65,0.19076649516755007,0.9,120,0.1,0.11603710135782519,0.65
609,603585,苏利股份,2026-07-14,2026-07-14,518,0.0212412312242005,0.23333333333333334,240,0.1,0.09410373958506674,0.4666666666666667,-0.06681757489650662,0.03333333333333333,240,0.1,0.13293789862188846,0.5
610,600711,盛屯矿业,2026-07-14,2026-07-14,516,0.02116764319564743,0.43333333333333335,120,10.0,0.06776660176572216,0.6,0.015886739979101776,0.2833333333333333,120,10.0,0.10075074687248661,0.4666666666666667
611,603383,顶点软件,2026-07-14,2026-07-14,518,0.02110858856355005,0.6666666666666666,120,10.0,0.03144455404707437,0.6833333333333333,0.08499295749129637,0.9833333333333333,180,10.0,0.0473551528184299,0.6666666666666666
612,002242,九阳股份,2026-07-14,2026-07-14,518,0.021050867876322515,0.4166666666666667,240,10.0,0.053445142635052734,0.48333333333333334,0.03625582328021866,0.5333333333333333,240,10.0,0.07858145350787263,0.65
613,603329,上海雅仕,2026-07-14,2026-07-14,518,0.021004716986584668,0.7333333333333333,120,10.0,0.026657001068690588,0.8333333333333334,0.060168459045633,1.0,120,0.1,0.035540575704296654,0.8666666666666667
614,000959,首钢股份,2026-07-14,2026-07-14,508,0.02096150176942057,0.55,180,10.0,0.051787967484021376,0.6166666666666667,0.11350607621621966,0.8666666666666667,120,10.0,0.06445558601384786,0.6666666666666666
615,603409,汇通控股,2026-07-14,2026-07-14,332,0.020837174456594134,0.6333333333333333,180,1.0,0.08668955656395536,0.7166666666666667,0.5664311634063782,1.0,120,0.1,0.11831598673730834,0.8
616,002314,南山控股,2026-07-14,2026-07-14,518,0.02055907998539592,0.48333333333333334,120,10.0,0.04769870127158294,0.6,0.044506635643494524,0.7166666666666667,120,10.0,0.046940636289613855,0.7
617,603153,上海建科,2026-07-14,2026-07-14,518,0.020541119212594366,0.65,120,0.1,0.025692541131528062,0.6666666666666666,0.03360770058434155,0.6166666666666667,120,0.1,0.03496180191169767,0.6666666666666666
618,603666,亿嘉和,2026-07-14,2026-07-14,518,0.020462255199745833,0.7666666666666667,120,1.0,0.044389548951321786,0.7333333333333333,0.05862346298626284,0.9,180,0.1,0.050061797288592544,0.8166666666666667
619,601118,海南橡胶,2026-07-14,2026-07-14,518,0.020420645311757545,0.5,240,10.0,0.0620463450754488,0.6166666666666667,0.02266201656611276,0.26666666666666666,120,10.0,0.0818273635764411,0.6
620,600678,四川金顶,2026-07-14,2026-07-14,517,0.020305143720606968,0.5666666666666667,180,10.0,0.09186265124686893,0.6166666666666667,0.013467089342123671,0.55,120,10.0,0.12385446350178286,0.6
621,000099,中信海直,2026-07-14,2026-07-14,518,0.020299850187695832,0.55,240,0.1,0.03433134348870314,0.8,0.023052725099243353,0.5,240,0.1,0.04594747304131966,0.7666666666666667
622,600241,时代万恒,2026-07-14,2026-07-14,518,0.020289925617448728,0.6166666666666667,120,1.0,0.03736664871831043,0.6833333333333333,-0.015582250732115109,0.36666666666666664,180,0.1,0.0520693119077273,0.7666666666666667
623,002527,新时达,2026-07-14,2026-07-14,513,0.020230316369424864,0.5,120,10.0,0.05094676452053976,0.55,-0.020462678905105246,0.38333333333333336,120,10.0,0.053254421708251905,0.6833333333333333
624,002793,罗欣药业,2026-07-14,2026-07-14,518,0.02009759638364744,0.5833333333333334,120,10.0,0.052123185018232425,0.5833333333333334,0.15565053227917922,1.0,120,1.0,0.07460016304800439,0.65
625,002164,宁波东力,2026-07-14,2026-07-14,518,0.020011902727205603,0.43333333333333335,120,10.0,0.06641113067078273,0.6,-0.05761240496465476,0.1,240,10.0,0.07481054604276197,0.5833333333333334
626,002085,万丰奥威,2026-07-14,2026-07-14,518,0.01998975681544508,0.43333333333333335,240,0.1,0.04826109104578456,0.7,-0.010988420214086431,0.3,240,0.1,0.05716617729681337,0.7166666666666667
627,600366,宁波韵升,2026-07-14,2026-07-14,518,0.0199879760044467,0.7166666666666667,120,10.0,0.05318364080911681,0.6,-0.06349697686692696,0.26666666666666666,120,0.1,0.0637257575614254,0.65
628,600115,中国东航,2026-07-14,2026-07-14,518,0.01994843147059672,0.5666666666666667,180,10.0,0.0432702075575522,0.7166666666666667,-0.005327278237529407,0.4666666666666667,240,10.0,0.04519000102225563,0.6333333333333333
629,000514,渝 开 发,2026-07-14,2026-07-14,518,0.01994267505261885,0.5833333333333334,120,1.0,0.029934757006410257,0.8166666666666667,0.07281195933895734,0.9166666666666666,120,0.1,0.03509912586755873,0.9166666666666666
630,603809,豪能股份,2026-07-14,2026-07-14,518,0.019918001899278077,0.6166666666666667,120,0.1,0.03474291406026764,0.7166666666666667,0.06606762977651133,0.9666666666666667,120,0.1,0.03195178040973055,0.7833333333333333
631,000826,启迪环境,2026-07-14,2026-07-14,517,0.0198743295565246,0.6333333333333333,120,1.0,0.0526374385994338,0.6166666666666667,0.03516654750412236,0.7166666666666667,120,0.1,0.05430899580770572,0.7166666666666667
632,600756,浪潮软件,2026-07-14,2026-07-14,518,0.01980255084714646,0.48333333333333334,240,10.0,0.05151051517260014,0.4666666666666667,-0.037653727832764716,0.15,240,0.1,0.06916018783735182,0.5333333333333333
633,002534,西子洁能,2026-07-14,2026-07-14,518,0.019723579369347977,0.5333333333333333,240,10.0,0.06034782974620294,0.6666666666666666,0.01609667318935138,0.5,120,10.0,0.07578636078258996,0.65
634,603650,彤程新材,2026-07-14,2026-07-14,518,0.019667228392574673,0.6166666666666667,180,1.0,0.0675752716520766,0.7333333333333333,0.22473160034484868,1.0,180,10.0,0.1008289313497719,0.85
635,002333,罗普斯金,2026-07-14,2026-07-14,518,0.01955163200732595,0.38333333333333336,120,10.0,0.041122310308470286,0.4666666666666667,0.018787134467315142,0.3,120,10.0,0.046339185492214635,0.55
636,002948,青岛银行,2026-07-14,2026-07-14,518,0.019551104505693605,0.6,240,10.0,0.03874570475698953,0.55,0.03034715156066326,0.7,240,10.0,0.04853581460672713,0.6833333333333333
637,002558,巨人网络,2026-07-14,2026-07-14,518,0.01954530453702646,0.65,120,10.0,0.05246591663311287,0.5833333333333334,0.06951292803485373,0.85,120,0.1,0.07568533847488992,0.6666666666666666
638,603120,肯特催化,2026-07-14,2026-07-14,302,0.019515496210354533,0.7,120,1.0,0.07199116578078338,0.6666666666666666,0.030908341199333816,0.8833333333333333,120,10.0,0.09973808129964645,0.6833333333333333
639,001202,炬申股份,2026-07-14,2026-07-14,518,0.0194441961711771,0.4,120,10.0,0.03590089788338094,0.35,0.03049589721319907,0.3333333333333333,120,10.0,0.057303846984431,0.55
640,600633,浙数文化,2026-07-14,2026-07-14,518,0.019440907884982896,0.55,180,10.0,0.03456573169827592,0.7166666666666667,0.05457344086774703,0.7,180,10.0,0.05052820918386498,0.8166666666666667
641,603966,法兰泰克,2026-07-14,2026-07-14,515,0.019396395782218325,0.36666666666666664,180,10.0,0.0724204531204565,0.55,0.07950546330323088,0.5166666666666667,180,10.0,0.11486390147406213,0.5333333333333333
642,000553,安道麦A,2026-07-14,2026-07-14,518,0.019391564201625952,0.5333333333333333,180,10.0,0.05175187097042646,0.5166666666666667,0.024532409355401193,0.4666666666666667,180,10.0,0.06762288187062679,0.5666666666666667
643,603285,键邦股份,2026-07-14,2026-07-14,490,0.019347506431791513,0.6333333333333333,120,10.0,0.08787189348287462,0.6333333333333333,0.3525109941836775,0.9833333333333333,120,0.1,0.11393518947815513,0.7666666666666667
644,603379,三美股份,2026-07-14,2026-07-14,518,0.019293516557924974,0.6,240,10.0,0.07097716895376911,0.5,0.08246901835514367,0.85,120,10.0,0.07902637831570876,0.5666666666666667
645,002886,沃特股份,2026-07-14,2026-07-14,518,0.01928575273307908,0.6666666666666666,240,0.1,0.07169958444452212,0.5833333333333334,0.10125146112029443,0.9166666666666666,240,0.1,0.08186998453484112,0.8
646,605016,百龙创园,2026-07-14,2026-07-14,518,0.0192418130338579,0.5333333333333333,180,10.0,0.039010559570129534,0.6,0.07138428516995288,0.7833333333333333,180,10.0,0.057011421182442894,0.5666666666666667
647,002107,沃华医药,2026-07-14,2026-07-14,518,0.019178833136621394,0.2833333333333333,120,10.0,0.045526345034342906,0.55,0.0627578253862312,0.45,120,10.0,0.0756009724271693,0.4666666666666667
648,000026,飞亚达,2026-07-14,2026-07-14,518,0.01903574865668802,0.5166666666666667,120,10.0,0.08723756682303883,0.4,0.17696399523398285,0.9666666666666667,120,0.1,0.10054658372242348,0.7333333333333333
649,000737,北方铜业,2026-07-14,2026-07-14,518,0.01894987867018584,0.5166666666666667,120,10.0,0.06112260627179235,0.5666666666666667,0.006753699164188116,0.4,120,10.0,0.05695556246146287,0.6666666666666666
650,603637,镇海股份,2026-07-14,2026-07-14,518,0.018882347093460712,0.4666666666666667,120,10.0,0.09166691859604989,0.6333333333333333,0.0476565899955859,0.55,120,10.0,0.12237694984713503,0.7333333333333333
651,002771,真视通,2026-07-14,2026-07-14,518,0.018875559558367578,0.4666666666666667,240,10.0,0.07497836076696626,0.75,-0.06998892364769127,0.11666666666666667,120,0.1,0.06739084978631225,0.75
652,000158,常山北明,2026-07-14,2026-07-14,518,0.018864236802996207,0.5666666666666667,120,10.0,0.033578199245402965,0.75,0.010138127662256358,0.36666666666666664,120,10.0,0.037882629723057115,0.7833333333333333
653,002042,华孚时尚,2026-07-14,2026-07-14,518,0.01878835511318786,0.5333333333333333,120,10.0,0.05739740047094746,0.6166666666666667,0.07633721815964495,0.65,120,1.0,0.0856428866939006,0.5333333333333333
654,601963,重庆银行,2026-07-14,2026-07-14,518,0.018680160193630398,0.6666666666666666,180,0.1,0.03328654927765339,0.7166666666666667,0.022438795822415272,0.6333333333333333,180,0.1,0.05569097297414531,0.7166666666666667
655,000425,徐工机械,2026-07-14,2026-07-14,518,0.018673156619472317,0.6166666666666667,120,10.0,0.04477280475406328,0.5333333333333333,0.004392360136577542,0.5,120,10.0,0.04856711714324356,0.7333333333333333
656,603228,景旺电子,2026-07-14,2026-07-14,518,0.018656040016463774,0.5666666666666667,240,0.1,0.0719013811068837,0.5833333333333334,0.030062658099802707,0.5333333333333333,240,10.0,0.09166536643379541,0.65
657,000987,越秀资本,2026-07-14,2026-07-14,518,0.018638271232502286,0.45,180,10.0,0.04344233014405597,0.6,0.014005842700855807,0.3333333333333333,240,10.0,0.07197582212887511,0.43333333333333335
658,603139,康惠股份,2026-07-14,2026-07-14,516,0.01852333458035648,0.5333333333333333,120,10.0,0.06395737732896775,0.6666666666666666,0.11314591493013967,0.85,120,10.0,0.08967224264169579,0.7333333333333333
659,600973,宝胜股份,2026-07-14,2026-07-14,518,0.018434665184349486,0.5,180,10.0,0.05286396584115199,0.5333333333333333,0.040626169882765135,0.43333333333333335,180,10.0,0.07490243564568949,0.4666666666666667
660,000631,顺发恒能,2026-07-14,2026-07-14,518,0.018416489305818934,0.43333333333333335,240,10.0,0.03336708752498127,0.6666666666666666,-0.003006773348678416,0.31666666666666665,180,0.1,0.03643001954712128,0.7833333333333333
661,002136,安 纳 达,2026-07-14,2026-07-14,518,0.01837052049227751,0.5166666666666667,120,10.0,0.04435651272575543,0.8333333333333334,0.042309910323083164,0.55,120,10.0,0.06061299844073788,0.9
662,600770,综艺股份,2026-07-14,2026-07-14,518,0.018333990051410027,0.6166666666666667,240,10.0,0.06718017721991794,0.8,0.04150870257505496,0.7166666666666667,240,0.1,0.08093627654988199,0.8666666666666667
663,601881,中国银河,2026-07-14,2026-07-14,518,0.018324334857161204,0.7833333333333333,240,0.1,0.023702829276958947,0.6,0.04980250499349013,1.0,240,10.0,0.024831411750403775,0.7
664,605303,园林股份,2026-07-14,2026-07-14,518,0.018112045364716237,0.5166666666666667,180,1.0,0.0951955292113949,0.7166666666666667,0.21922377229306847,0.9833333333333333,120,1.0,0.11929769849675562,0.6833333333333333
665,000629,钒钛股份,2026-07-14,2026-07-14,518,0.018004610518908594,0.5166666666666667,120,10.0,0.04969730546550651,0.6,0.03327776019844569,0.5166666666666667,120,10.0,0.06608625516759231,0.5
666,002141,贤丰控股,2026-07-14,2026-07-14,517,0.017980158353120564,0.4166666666666667,120,10.0,0.07941491582851419,0.5666666666666667,0.015126982645263628,0.48333333333333334,120,0.1,0.11100187337873574,0.5333333333333333
667,002580,圣阳股份,2026-07-14,2026-07-14,518,0.017951594395162442,0.25,180,10.0,0.16601286814218924,0.48333333333333334,0.061483911422065995,0.48333333333333334,180,0.1,0.17679684101915916,0.7
668,600319,亚星化学,2026-07-14,2026-07-14,508,0.017793215054974495,0.5666666666666667,120,10.0,0.036346512408156326,0.6666666666666666,0.034081310217892846,0.6166666666666667,120,0.1,0.042486115592078516,0.85
669,002335,科华数据,2026-07-14,2026-07-14,518,0.017702449400313906,0.48333333333333334,180,10.0,0.09609349677736594,0.55,0.13531700181283055,0.7333333333333333,180,10.0,0.13595393941187928,0.55
670,603030,全筑股份,2026-07-14,2026-07-14,517,0.017695593867533988,0.5,120,10.0,0.04884986567184619,0.65,0.11772335541378094,0.95,120,1.0,0.05845570301588634,0.8666666666666667
671,603322,超讯通信,2026-07-14,2026-07-14,518,0.01741957832711654,0.5,180,10.0,0.07427529182375571,0.4666666666666667,0.19577013364200951,1.0,120,10.0,0.10270716965635315,0.6666666666666666
672,600108,亚盛集团,2026-07-14,2026-07-14,518,0.017395786964107714,0.3,120,10.0,0.07253024059966148,0.5833333333333334,0.08937675180938519,0.48333333333333334,240,10.0,0.1196554361342598,0.35
673,600143,金发科技,2026-07-14,2026-07-14,518,0.01735037163945253,0.5833333333333334,120,10.0,0.03757724557811797,0.6,0.0428374923909387,0.8166666666666667,120,0.1,0.03000721853431302,0.7
674,002475,立讯精密,2026-07-14,2026-07-14,518,0.017342291893549733,0.5,240,10.0,0.06894340788966094,0.55,0.20610308021686502,0.95,120,0.1,0.08642381077602519,0.6833333333333333
675,000990,诚志股份,2026-07-14,2026-07-14,518,0.01719906899185253,0.35,120,10.0,0.07290328758598948,0.3333333333333333,0.2755889382175974,1.0,120,0.1,0.09839010150360283,0.55
676,000166,申万宏源,2026-07-14,2026-07-14,518,0.017173741879113014,0.7333333333333333,240,0.1,0.021086833763896192,0.5833333333333334,0.045397086924871224,1.0,180,10.0,0.0203745299377612,0.7166666666666667
677,600179,安通控股,2026-07-14,2026-07-14,508,0.017092683354285196,0.7,120,10.0,0.030909766894616744,0.75,0.0632561256839875,0.8166666666666667,240,10.0,0.04337147136338713,0.5333333333333333
678,000966,长源电力,2026-07-14,2026-07-14,518,0.017071950484554205,0.6833333333333333,120,1.0,0.05153958793023702,0.65,0.044661226122350905,0.7166666666666667,120,1.0,0.06792450105818068,0.8
679,601811,新华文轩,2026-07-14,2026-07-14,518,0.01706973386593015,0.4,240,10.0,0.029679804078399142,0.5333333333333333,0.026786779254044372,0.5333333333333333,180,10.0,0.04275319953829857,0.5166666666666667
680,603130,云中马,2026-07-14,2026-07-14,518,0.016874746467782864,0.4666666666666667,120,0.1,0.06382555896138742,0.6333333333333333,-0.05467780865706899,0.23333333333333334,120,10.0,0.08817958584426032,0.6833333333333333
681,001313,粤海饲料,2026-07-14,2026-07-14,518,0.016833620401546047,0.7166666666666667,120,10.0,0.051374115933814204,0.5,0.15089633963022792,0.9833333333333333,180,0.1,0.07473888135816129,0.6833333333333333
682,000050,深天马Ａ,2026-07-14,2026-07-14,518,0.016819884986441127,0.5,180,10.0,0.07473815608044022,0.55,0.17878499561452357,0.9833333333333333,240,0.1,0.07202386420939404,0.7166666666666667
683,601318,中国平安,2026-07-14,2026-07-14,518,0.01681009129130505,0.6,120,10.0,0.02497138834246614,0.5666666666666667,0.04239861406717706,0.7666666666666667,120,1.0,0.032593272455756724,0.6666666666666666
684,002637,赞宇科技,2026-07-14,2026-07-14,518,0.016778568873048072,0.4666666666666667,240,10.0,0.06661804911161616,0.6333333333333333,0.012274583063978276,0.4,240,10.0,0.07650686929469869,0.5166666666666667
685,600285,羚锐制药,2026-07-14,2026-07-14,518,0.01675755633106423,0.6666666666666666,180,0.1,0.026451830021371355,0.8,-0.05014152082815617,0.13333333333333333,180,0.1,0.034737019594763496,0.8
686,000547,航天发展,2026-07-14,2026-07-14,518,0.016610635156071935,0.4666666666666667,120,0.1,0.07143462088867449,0.5,0.020884893751077355,0.4,120,10.0,0.09412697164208067,0.65
687,601319,中国人保,2026-07-14,2026-07-14,518,0.016607146147802836,0.5833333333333334,240,0.1,0.03071367038477936,0.4666666666666667,0.04093267237738781,0.7833333333333333,180,10.0,0.037106483535414576,0.5
688,603160,汇顶科技,2026-07-14,2026-07-14,508,0.01639818517451706,0.65,180,10.0,0.042618590439260966,0.5,0.05788759810537626,0.7833333333333333,180,10.0,0.055375951136386097,0.6666666666666666
689,601021,春秋航空,2026-07-14,2026-07-14,518,0.016240922742389047,0.6833333333333333,240,10.0,0.031850285594873975,0.6,0.01042772815365288,0.6,240,10.0,0.036286823806045504,0.5166666666666667
690,002988,豪美新材,2026-07-14,2026-07-14,518,0.01621209560712517,0.55,120,10.0,0.050250064972752286,0.7333333333333333,0.13551450332223905,0.9833333333333333,120,1.0,0.052052250916318155,0.8333333333333334
691,600156,华升股份,2026-07-14,2026-07-14,508,0.016133830721163197,0.5,240,10.0,0.1055646906528273,0.6166666666666667,0.05774543284177013,0.55,240,10.0,0.15835544769083115,0.6333333333333333
692,003010,若羽臣,2026-07-14,2026-07-14,518,0.016009816906844464,0.5166666666666667,180,0.1,0.03595276341111034,0.75,-0.00021729749591213252,0.3333333333333333,180,0.1,0.029777642767777533,0.8333333333333334
693,002356,赫美集团,2026-07-14,2026-07-14,518,0.01589099513829831,0.4666666666666667,180,0.1,0.04489980321895839,0.5166666666666667,0.007901480557724334,0.38333333333333336,180,0.1,0.05715126406382831,0.5
694,603116,红蜻蜓,2026-07-14,2026-07-14,518,0.015845666703401835,0.75,180,1.0,0.042872139333779063,0.8333333333333334,0.07351395884124667,0.9666666666666667,180,10.0,0.06914364768736156,0.9166666666666666
695,002889,东方嘉盛,2026-07-14,2026-07-14,518,0.01582081956876825,0.5833333333333334,180,1.0,0.03635717632019062,0.6,0.03570293551311361,0.6166666666666667,180,10.0,0.05570340703135027,0.6166666666666667
696,603358,华达科技,2026-07-14,2026-07-14,518,0.01579895788664873,0.7333333333333333,180,10.0,0.05907094881571352,0.5,0.039808513021048736,0.8166666666666667,240,10.0,0.07818312439972615,0.43333333333333335
697,002565,顺灏股份,2026-07-14,2026-07-14,518,0.01577921246580171,0.31666666666666665,120,1.0,0.09576907448652114,0.5166666666666667,-0.010931794534071879,0.08333333333333333,120,10.0,0.1385170895732453,0.5833333333333334
698,000767,晋控电力,2026-07-14,2026-07-14,518,0.015745898970339955,0.4666666666666667,120,10.0,0.10482239207144668,0.6,0.11685971928774759,0.7166666666666667,120,0.1,0.11735739631070942,0.6666666666666666
699,603788,宁波高发,2026-07-14,2026-07-14,518,0.015725646864194885,0.4,120,10.0,0.04321687586474688,0.6333333333333333,0.17398686215440573,1.0,120,0.1,0.059678571299372644,0.8
700,002385,大北农,2026-07-14,2026-07-14,518,0.015685571473798017,0.7,180,0.1,0.03203391461159805,0.7333333333333333,-0.061772900657278515,0.16666666666666666,180,0.1,0.050096663482585686,0.7666666666666667
701,002861,瀛通通讯,2026-07-14,2026-07-14,518,0.015669599570198065,0.65,180,10.0,0.05244956559432117,0.5333333333333333,-0.025759941912089475,0.4166666666666667,240,0.1,0.07617405563673933,0.6166666666666667
702,600830,香溢融通,2026-07-14,2026-07-14,518,0.01562305931412021,0.7,120,10.0,0.043142858947692146,0.6666666666666666,0.051616168777155386,0.85,120,10.0,0.05856909007500281,0.75
703,002144,宏达高科,2026-07-14,2026-07-14,518,0.015586512938577246,0.5166666666666667,120,10.0,0.0348478700230898,0.75,0.005523737905892206,0.26666666666666666,120,10.0,0.06658794324186205,0.65
704,002918,蒙娜丽莎,2026-07-14,2026-07-14,518,0.015442629629048,0.5166666666666667,180,10.0,0.10078825341000783,0.65,0.05596904643910505,0.8833333333333333,120,10.0,0.10590093005190944,0.8666666666666667
705,002631,德尔未来,2026-07-14,2026-07-14,518,0.015433241341698057,0.7,120,10.0,0.08328656082484115,0.55,0.02973933677841683,0.8333333333333334,240,0.1,0.0905378070196097,0.75
706,000557,西部创业,2026-07-14,2026-07-14,518,0.015415955279314742,0.5166666666666667,120,1.0,0.02343308361404932,0.7,-0.013514324933474917,0.15,120,10.0,0.03877878127980135,0.75
707,600118,中国卫星,2026-07-14,2026-07-14,518,0.01536903982153853,0.4166666666666667,240,0.1,0.08797758313979047,0.5666666666666667,0.011758964423258966,0.35,180,10.0,0.11597923512093165,0.6
708,601100,恒立液压,2026-07-14,2026-07-14,518,0.01531411263483245,0.5833333333333334,120,10.0,0.042894853493883674,0.65,0.005416853147273056,0.4666666666666667,180,10.0,0.04322150428636231,0.6
709,600727,鲁北化工,2026-07-14,2026-07-14,518,0.015288644170105859,0.5,120,10.0,0.0498661112177217,0.5833333333333334,0.06562743619840436,0.65,180,0.1,0.060510829841805454,0.6333333333333333
710,600461,洪城环境,2026-07-14,2026-07-14,518,0.015247670580415823,0.65,240,0.1,0.02271285907160304,0.6,0.019622844614911917,0.5666666666666667,240,0.1,0.03482117577303439,0.5
711,002261,拓维信息,2026-07-14,2026-07-14,518,0.01515569093682152,0.5166666666666667,240,10.0,0.0544555229188616,0.55,-0.040024644339028255,0.26666666666666666,240,10.0,0.07110267946585934,0.6333333333333333
712,600654,中安科,2026-07-14,2026-07-14,517,0.015055824002723995,0.25,240,0.1,0.07055408774094038,0.4166666666666667,0.037312919054100606,0.2833333333333333,240,0.1,0.11716638124546246,0.38333333333333336
713,002480,新筑股份,2026-07-14,2026-07-14,508,0.015050546999368407,0.5333333333333333,180,0.1,0.028307617133209957,0.7833333333333333,-0.014306511152174062,0.16666666666666666,120,0.1,0.03541738202205449,0.8166666666666667
714,002120,韵达股份,2026-07-14,2026-07-14,518,0.014981043526113277,0.4666666666666667,120,1.0,0.04116650545035257,0.6333333333333333,0.08471294318794102,0.9333333333333333,120,1.0,0.05414085116715095,0.7333333333333333
715,601169,北京银行,2026-07-14,2026-07-14,518,0.014964760064014518,0.65,120,1.0,0.016680728703551587,0.6333333333333333,0.016043414737663114,0.65,120,10.0,0.01897119991250327,0.6833333333333333
716,600120,浙江东方,2026-07-14,2026-07-14,518,0.014908085206436368,0.55,120,10.0,0.04448991847630241,0.5166666666666667,-0.03452147367204175,0.21666666666666667,120,10.0,0.06152699298039586,0.55
717,600362,江西铜业,2026-07-14,2026-07-14,518,0.014801611771373723,0.48333333333333334,240,10.0,0.07287081899270281,0.48333333333333334,-0.014923930097124873,0.31666666666666665,240,10.0,0.09255827422623367,0.5
718,003007,直真科技,2026-07-14,2026-07-14,518,0.014790618125396,0.4,120,10.0,0.07307266200507997,0.5833333333333334,0.03809459913012893,0.36666666666666664,240,10.0,0.10023207089982421,0.5666666666666667
719,605299,舒华体育,2026-07-14,2026-07-14,518,0.014748622869245392,0.3333333333333333,240,10.0,0.09365271162534262,0.55,0.04340246067321868,0.5,240,10.0,0.13900581060725353,0.7
720,605090,九丰能源,2026-07-14,2026-07-14,518,0.0146657214636072,0.38333333333333336,180,10.0,0.06316821572300256,0.5666666666666667,0.01750697423579036,0.36666666666666664,180,10.0,0.0967441358884275,0.45
721,002032,苏 泊 尔,2026-07-14,2026-07-14,518,0.01457214845662146,0.7833333333333333,240,10.0,0.03038249763280069,0.5833333333333334,0.04612727685090107,0.8833333333333333,240,1.0,0.040894276639183776,0.6666666666666666
722,002169,智光电气,2026-07-14,2026-07-14,510,0.014490061169484005,0.4666666666666667,120,10.0,0.07168189542908167,0.6666666666666666,0.07032017390834733,0.5333333333333333,120,10.0,0.12529135911152192,0.5666666666666667
723,600298,安琪酵母,2026-07-14,2026-07-14,518,0.014359352440083552,0.5,120,10.0,0.030585542922582157,0.5333333333333333,0.03681457401358606,0.6333333333333333,120,10.0,0.03861401238087591,0.5666666666666667
724,000883,湖北能源,2026-07-14,2026-07-14,518,0.014357722792104162,0.7333333333333333,180,10.0,0.03388748777994798,0.5166666666666667,0.025733197710461186,0.65,180,10.0,0.042590387890130775,0.7
725,600501,航天晨光,2026-07-14,2026-07-14,518,0.014321918549252771,0.25,120,10.0,0.06080940007583931,0.48333333333333334,0.17597592735824819,0.8666666666666667,120,0.1,0.0980679713590054,0.5166666666666667
726,603090,宏盛股份,2026-07-14,2026-07-14,518,0.014319698957195912,0.36666666666666664,120,10.0,0.08649632790761788,0.4666666666666667,0.006025106000776961,0.23333333333333334,120,10.0,0.11692557291853298,0.5833333333333334
727,603159,上海亚虹,2026-07-14,2026-07-14,513,0.014273881123098802,0.6666666666666666,120,10.0,0.06935165948894347,0.6666666666666666,-0.04218540481798708,0.26666666666666666,120,10.0,0.10387211376524029,0.6333333333333333
728,603317,天味食品,2026-07-14,2026-07-14,518,0.014203007399561766,0.7166666666666667,180,10.0,0.04819078777812128,0.7,0.006240298177957649,0.85,120,10.0,0.05707401431315558,0.8833333333333333
729,603068,博通集成,2026-07-14,2026-07-14,518,0.014160765071256616,0.6333333333333333,120,10.0,0.04204494527129209,0.7833333333333333,0.14792644367468108,0.9833333333333333,120,1.0,0.07046535482623568,0.8333333333333334
730,600795,国电电力,2026-07-14,2026-07-14,518,0.014159782919340582,0.6666666666666666,240,10.0,0.02446142504518156,0.5333333333333333,0.020080051603102268,0.6166666666666667,180,10.0,0.029233087567466055,0.5833333333333334
731,002263,大东南,2026-07-14,2026-07-14,518,0.01408152123753148,0.36666666666666664,180,1.0,0.07129488924477766,0.6,-0.0485893359513234,0.15,180,1.0,0.07721338681327722,0.7
732,600801,华新建材,2026-07-14,2026-07-14,518,0.014080846681725722,0.5,120,0.1,0.04663916824706917,0.5666666666666667,0.04264700598165136,0.55,120,10.0,0.06389532433232177,0.5166666666666667
733,603316,诚邦股份,2026-07-14,2026-07-14,518,0.014034118964422079,0.5666666666666667,240,1.0,0.1019508788295685,0.6333333333333333,0.08889345371705647,0.85,240,0.1,0.11842099382128261,0.8166666666666667
734,600784,鲁银投资,2026-07-14,2026-07-14,518,0.013998712937840097,0.5333333333333333,120,1.0,0.04641538957258521,0.5666666666666667,0.09320336301965583,0.9166666666666666,120,0.1,0.05328702157726577,0.7833333333333333
735,603215,比依股份,2026-07-14,2026-07-14,518,0.013996296892729288,0.43333333333333335,120,10.0,0.03975458146916463,0.7,-0.004221853741861379,0.15,120,10.0,0.04222043875196616,0.7
736,603070,万控智造,2026-07-14,2026-07-14,518,0.01395121916986659,0.5166666666666667,120,10.0,0.06268971072959986,0.6333333333333333,0.01669676887107965,0.6,120,10.0,0.08359871877816455,0.6666666666666666
737,000798,中水渔业,2026-07-14,2026-07-14,518,0.013931733222393796,0.5,240,0.1,0.0369804755873345,0.6166666666666667,0.004134756764334974,0.35,180,1.0,0.06978332675512289,0.55
738,002216,三全食品,2026-07-14,2026-07-14,518,0.013847369302836206,0.65,180,10.0,0.036261723965738464,0.6166666666666667,0.10923434980212043,1.0,120,1.0,0.04507116881853132,0.6833333333333333
739,002183,怡 亚 通,2026-07-14,2026-07-14,518,0.013838098326281544,0.5333333333333333,120,10.0,0.0729232602832403,0.6833333333333333,0.0014516466086904435,0.5,120,10.0,0.0935575971036546,0.75
740,002189,中光学,2026-07-14,2026-07-14,518,0.013832282917607361,0.75,180,10.0,0.04985597759824858,0.55,0.06269885970870691,0.9166666666666666,120,10.0,0.05973517689488115,0.7166666666666667
741,600576,祥源文旅,2026-07-14,2026-07-14,518,0.013823659400627648,0.5833333333333334,120,10.0,0.03012668767546773,0.8,0.02433183485409847,0.6333333333333333,120,10.0,0.03168907983910361,0.48333333333333334
742,603109,神驰机电,2026-07-14,2026-07-14,518,0.013785705454546306,0.2833333333333333,180,10.0,0.056837578474301646,0.65,0.11471204040042599,0.9,120,0.1,0.0714256143116132,0.6666666666666666
743,600769,祥龙电业,2026-07-14,2026-07-14,518,0.013758244150272995,0.5166666666666667,240,10.0,0.10917267715224027,0.6,0.08951997554119251,0.8166666666666667,120,10.0,0.1470930905397795,0.7833333333333333
744,002521,齐峰新材,2026-07-14,2026-07-14,518,0.013686142954354826,0.38333333333333336,120,10.0,0.04148030684626038,0.5333333333333333,0.010174194069709907,0.4166666666666667,120,0.1,0.04263945156286128,0.8
745,600201,生物股份,2026-07-14,2026-07-14,518,0.0136177644552304,0.4666666666666667,240,10.0,0.053105944860734326,0.5666666666666667,0.033354827176479515,0.5333333333333333,240,10.0,0.0750605904306229,0.4666666666666667
746,000567,海德股份,2026-07-14,2026-07-14,518,0.01360963773185348,0.5666666666666667,120,0.1,0.05651546765785594,0.6166666666666667,-0.02313679951102834,0.5666666666666667,120,10.0,0.07273341594032345,0.65
747,002893,京能热力,2026-07-14,2026-07-14,518,0.013608899401211759,0.75,240,1.0,0.03716358237624624,0.6166666666666667,-0.024174638991481492,0.43333333333333335,180,0.1,0.05071225415018379,0.7
748,605168,三人行,2026-07-14,2026-07-14,518,0.013603932594169867,0.5666666666666667,180,0.1,0.10364423891417829,0.6833333333333333,0.2423528666814253,0.9,180,0.1,0.1523288922654404,0.6
749,600383,金地集团,2026-07-14,2026-07-14,518,0.013588289526996788,0.5166666666666667,120,10.0,0.039112539826611496,0.7833333333333333,0.019103874398780744,0.4666666666666667,120,1.0,0.0556122354112822,0.7833333333333333
750,600527,江南高纤,2026-07-14,2026-07-14,518,0.01358530026715391,0.5,120,0.1,0.06578375017600181,0.48333333333333334,-0.020230349036748762,0.26666666666666666,120,0.1,0.07777660950801454,0.6166666666666667
751,603677,奇精机械,2026-07-14,2026-07-14,518,0.013464425610891203,0.5333333333333333,240,10.0,0.04138204843594064,0.6,0.1337465601714456,1.0,120,0.1,0.04645993716557436,0.6666666666666666
752,600642,申能股份,2026-07-14,2026-07-14,518,0.013357173064919788,0.45,180,10.0,0.03802068104157082,0.5333333333333333,0.010410703627148438,0.5333333333333333,180,10.0,0.04393900471086856,0.6666666666666666
753,002696,百洋股份,2026-07-14,2026-07-14,518,0.013313746879616933,0.3333333333333333,120,10.0,0.03860918053122444,0.5833333333333334,0.037270826896935595,0.48333333333333334,120,10.0,0.051142200437255696,0.6
754,001332,锡装股份,2026-07-14,2026-07-14,518,0.01328677781355171,0.5,240,10.0,0.07977818410288481,0.5666666666666667,0.22136449910306452,0.8,120,10.0,0.12351295003257357,0.75
755,002651,利君股份,2026-07-14,2026-07-14,518,0.013282831522446201,0.43333333333333335,180,0.1,0.03185944014486819,0.75,0.022600175661773476,0.65,120,1.0,0.033432702338537665,0.8166666666666667
756,600648,外高桥,2026-07-14,2026-07-14,518,0.013183381576215968,0.5833333333333334,240,0.1,0.026097395550659052,0.7,0.020897682720549645,0.5166666666666667,120,10.0,0.040670397973721205,0.6333333333333333
757,000803,山高环能,2026-07-14,2026-07-14,518,0.013156966118793134,0.38333333333333336,240,1.0,0.048779443395308,0.5,0.03535275511972462,0.4166666666666667,240,0.1,0.06599035514524251,0.5333333333333333
758,601997,贵阳银行,2026-07-14,2026-07-14,518,0.013111704948600426,0.65,180,0.1,0.021650736357279803,0.6,0.08841491467275485,1.0,120,0.1,0.025038662687302187,0.7333333333333333
759,601117,中国化学,2026-07-14,2026-07-14,518,0.01308739548452043,0.3333333333333333,180,10.0,0.036147766971760704,0.6166666666666667,0.0019004827819994459,0.38333333333333336,120,1.0,0.05229766831373513,0.5333333333333333
760,600507,方大特钢,2026-07-14,2026-07-14,518,0.013074496061499206,0.4666666666666667,240,10.0,0.04664816973286872,0.6166666666666667,-0.028006851924636856,0.21666666666666667,120,10.0,0.07150104094684016,0.6333333333333333
761,002965,祥鑫科技,2026-07-14,2026-07-14,518,0.012998402354311255,0.7166666666666667,120,10.0,0.0759564867552091,0.6833333333333333,0.02924999885952926,0.75,180,10.0,0.11829182400413596,0.6166666666666667
762,600715,文投控股,2026-07-14,2026-07-14,516,0.012987202384524815,0.5333333333333333,120,10.0,0.03329600329615139,0.6333333333333333,0.03869396279131962,0.6833333333333333,120,10.0,0.043261505456209215,0.7666666666666667
763,600395,盘江股份,2026-07-14,2026-07-14,518,0.012967309840787384,0.45,120,10.0,0.048111811840883915,0.4,-0.009992109511415905,0.35,120,10.0,0.0745108787152147,0.5166666666666667
764,600340,华夏幸福,2026-07-14,2026-07-14,517,0.012950150653232434,0.5,180,10.0,0.05895088407679183,0.4,-0.005209084331476634,0.38333333333333336,180,10.0,0.08166239835575205,0.5666666666666667
765,600016,民生银行,2026-07-14,2026-07-14,518,0.012949397588197274,0.6,120,10.0,0.01939422442395051,0.5833333333333334,-0.01518616798606997,0.23333333333333334,180,0.1,0.0270828283424626,0.5666666666666667
766,002190,成飞集成,2026-07-14,2026-07-14,518,0.01292325828887934,0.4666666666666667,120,10.0,0.03989279698665815,0.8833333333333333,0.05594697519047774,0.6833333333333333,120,1.0,0.04495600958595783,0.8666666666666667
767,000065,北方国际,2026-07-14,2026-07-14,518,0.012861115714289108,0.4,120,10.0,0.052342602570502515,0.7333333333333333,0.02709869683866924,0.5,120,0.1,0.0510429621285178,0.7833333333333333
768,002501,利源股份,2026-07-14,2026-07-14,517,0.012823310744082564,0.48333333333333334,120,10.0,0.07489907800190466,0.6333333333333333,0.004426126789392221,0.5166666666666667,120,10.0,0.08873327216745895,0.6666666666666666
769,600889,南京化纤,2026-07-14,2026-07-14,507,0.012781562050405367,0.65,240,1.0,0.03196476865179169,0.7,0.004792302408508465,0.7166666666666667,240,0.1,0.032328985452464765,0.7666666666666667
770,603101,汇嘉时代,2026-07-14,2026-07-14,518,0.012769581078295676,0.5166666666666667,120,10.0,0.06506136104045908,0.5666666666666667,0.10311773450637003,0.9,120,1.0,0.0911598628672117,0.7833333333333333
771,600303,曙光股份,2026-07-14,2026-07-14,517,0.01272386356556542,0.5333333333333333,120,0.1,0.04562289117316975,0.7,0.07443055097548193,0.85,120,1.0,0.048607887111123065,0.7666666666666667
772,000799,酒鬼酒,2026-07-14,2026-07-14,518,0.012631238161343178,0.6833333333333333,120,10.0,0.04728739395807404,0.6333333333333333,-0.015265306285609303,0.5666666666666667,120,10.0,0.052480934767835,0.7166666666666667
773,002607,中公教育,2026-07-14,2026-07-14,518,0.01261685810322712,0.4666666666666667,120,1.0,0.05691462572605435,0.5666666666666667,0.1291271699259372,0.8166666666666667,180,0.1,0.07558761532073724,0.55
774,600348,华阳股份,2026-07-14,2026-07-14,518,0.012603474196924182,0.45,120,10.0,0.05056505770986767,0.5666666666666667,0.02333163007947919,0.43333333333333335,120,10.0,0.069841149766672,0.55
775,002838,道恩股份,2026-07-14,2026-07-14,508,0.012535668918427908,0.55,120,10.0,0.053148263366085115,0.7333333333333333,0.1350848572267827,1.0,120,1.0,0.07460265145788222,0.8666666666666667
776,603608,天创时尚,2026-07-14,2026-07-14,512,0.01253189869739911,0.7166666666666667,120,0.1,0.08759220300283663,0.8,-0.008153858028533287,0.7333333333333333,120,1.0,0.13043148097219728,0.8166666666666667
777,001308,康冠科技,2026-07-14,2026-07-14,518,0.012531117266720296,0.7166666666666667,240,10.0,0.03128305004215057,0.5666666666666667,0.033231925705550454,0.8833333333333333,240,10.0,0.030962837808795607,0.5333333333333333
778,002945,华林证券,2026-07-14,2026-07-14,518,0.012502407451589707,0.4,240,10.0,0.039320886034558654,0.4,0.006960771665133972,0.21666666666666667,240,10.0,0.05136232724220748,0.4
779,002281,光迅科技,2026-07-14,2026-07-14,518,0.01247025904573125,0.5166666666666667,120,10.0,0.12787333230474004,0.6333333333333333,0.206490460225482,0.7666666666666667,120,0.1,0.21031701757226876,0.6333333333333333
780,002236,大华股份,2026-07-14,2026-07-14,518,0.012447450508378435,0.6333333333333333,120,10.0,0.02603452085011153,0.6166666666666667,0.012172259327461563,0.7,120,10.0,0.02718557042294341,0.8833333333333333
781,600750,华润江中,2026-07-14,2026-07-14,518,0.012413853256490262,0.5666666666666667,240,0.1,0.041661092431517936,0.7166666666666667,-0.04765876893180692,0.15,120,10.0,0.05685649786729565,0.6833333333333333
782,000526,学大教育,2026-07-14,2026-07-14,518,0.012410399393744416,0.43333333333333335,240,10.0,0.04838584480828581,0.6333333333333333,0.028426723860228292,0.5333333333333333,240,1.0,0.05354221993047688,0.7833333333333333
783,002468,申通快递,2026-07-14,2026-07-14,518,0.012327896212042862,0.43333333333333335,180,10.0,0.058917055185489495,0.5333333333333333,0.20665547623052288,0.95,120,0.1,0.07971109921983673,0.65
784,002845,同兴达,2026-07-14,2026-07-14,518,0.012313793343099264,0.8333333333333334,180,10.0,0.046135098797907184,0.5166666666666667,0.04494380811178869,0.9666666666666667,120,10.0,0.05305171331809804,0.5
785,001316,润贝航科,2026-07-14,2026-07-14,518,0.01230319399091501,0.35,120,10.0,0.10334416357327343,0.4,0.0724924778387075,0.5,120,10.0,0.1464021705143425,0.5
786,603032,德新科技,2026-07-14,2026-07-14,518,0.012276464962728374,0.6333333333333333,240,10.0,0.08839673481721956,0.5166666666666667,0.0515652575792926,0.8166666666666667,240,10.0,0.1087252159281416,0.6666666666666666
787,000528,柳    工,2026-07-14,2026-07-14,518,0.012258480254586795,0.65,120,10.0,0.027574267964646557,0.7,-0.013330436625775804,0.4666666666666667,120,10.0,0.04266060672042087,0.6
788,002215,诺 普 信,2026-07-14,2026-07-14,518,0.012225011687824684,0.4166666666666667,180,0.1,0.049828826394898836,0.5333333333333333,0.009115156304917403,0.4666666666666667,180,1.0,0.05912190398995843,0.5833333333333334
789,002830,名雕股份,2026-07-14,2026-07-14,518,0.012192973946831706,0.35,240,10.0,0.07374978206072344,0.5833333333333334,0.012636150585879483,0.25,180,10.0,0.11306605056672019,0.55
790,600189,泉阳泉,2026-07-14,2026-07-14,518,0.012192433591910674,0.6166666666666667,240,10.0,0.031854485307366995,0.7333333333333333,0.0291685699054497,0.6833333333333333,180,1.0,0.034019174324503014,0.8
791,600386,北巴传媒,2026-07-14,2026-07-14,518,0.011990592010167124,0.38333333333333336,120,10.0,0.026788566487097983,0.6666666666666666,0.01953843157360248,0.3333333333333333,120,10.0,0.03904174806827325,0.7666666666666667
792,603156,养元饮品,2026-07-14,2026-07-14,518,0.011985269442425207,0.7333333333333333,240,10.0,0.06346021081044868,0.7833333333333333,0.003987793664160043,0.75,120,1.0,0.09551655194672043,0.85
793,002418,康盛股份,2026-07-14,2026-07-14,518,0.011984400982899424,0.3,240,0.1,0.0906010078190988,0.43333333333333335,0.1014367541861815,0.4666666666666667,240,0.1,0.1574766927195713,0.43333333333333335
794,603938,三孚股份,2026-07-14,2026-07-14,518,0.011980151846042356,0.6,120,10.0,0.14935319463831978,0.5666666666666667,-0.00580210483810549,0.6666666666666666,120,10.0,0.1862959015040549,0.6666666666666666
795,603609,禾丰股份,2026-07-14,2026-07-14,518,0.011802885660537794,0.5333333333333333,120,0.1,0.028686382039446717,0.5666666666666667,0.018605992857108455,0.5333333333333333,240,0.1,0.041899826825019686,0.6833333333333333
796,603500,祥和实业,2026-07-14,2026-07-14,518,0.011728388208554989,0.3,120,10.0,0.061795426710596436,0.6,0.0731778282125633,0.5666666666666667,120,10.0,0.10078884420088796,0.5833333333333334
797,600475,华光环能,2026-07-14,2026-07-14,518,0.011683945769390563,0.36666666666666664,120,10.0,0.05550801770325204,0.65,-0.03192946809312389,0.08333333333333333,120,10.0,0.06335324572535758,0.6666666666666666
798,002773,康弘药业,2026-07-14,2026-07-14,518,0.01166048105160307,0.48333333333333334,240,10.0,0.04245229468870093,0.6333333333333333,-0.23233122259940828,0.0,120,0.1,0.05971233925194242,0.7
799,000681,视觉中国,2026-07-14,2026-07-14,518,0.011580972406407122,0.4166666666666667,180,10.0,0.0620779152213698,0.6166666666666667,0.018325083035378057,0.5166666666666667,180,10.0,0.05742200029933393,0.8
800,002241,歌尔股份,2026-07-14,2026-07-14,518,0.011574997154409678,0.5666666666666667,180,10.0,0.04448852099416011,0.48333333333333334,-0.027509076002757708,0.26666666666666666,240,10.0,0.06078562124975152,0.6166666666666667
801,603444,吉比特,2026-07-14,2026-07-14,518,0.01139277670080516,0.55,120,10.0,0.043406562352396635,0.6166666666666667,0.1029636273644246,0.95,120,1.0,0.05303814708080221,0.8
802,600073,光明肉业,2026-07-14,2026-07-14,518,0.011266197775652576,0.43333333333333335,120,10.0,0.02804461200333229,0.6333333333333333,0.01924861913580889,0.4,120,10.0,0.03852940220696735,0.6166666666666667
803,600439,瑞贝卡,2026-07-14,2026-07-14,518,0.01119114237578852,0.38333333333333336,120,1.0,0.03866369700772329,0.6333333333333333,-0.015536357076095231,0.2833333333333333,120,10.0,0.04429778066645704,0.6833333333333333
804,000021,深科技,2026-07-14,2026-07-14,518,0.011133272997784606,0.7333333333333333,240,0.1,0.08563774261800992,0.7333333333333333,0.08827030892256073,1.0,120,1.0,0.12324652914397553,0.8333333333333334
805,002463,沪电股份,2026-07-14,2026-07-14,518,0.011123714144774824,0.6166666666666667,240,10.0,0.07116638773416102,0.6166666666666667,0.03314537014413458,0.7,240,10.0,0.09480924950167878,0.6833333333333333
806,600674,川投能源,2026-07-14,2026-07-14,518,0.011104412026188974,0.6333333333333333,240,10.0,0.0239577739592527,0.7,0.009548194810589092,0.55,180,10.0,0.03183203480855692,0.5333333333333333
807,002676,顺威股份,2026-07-14,2026-07-14,518,0.01098346893242818,0.5333333333333333,120,1.0,0.05248408602712488,0.75,0.03365704014321582,0.55,120,1.0,0.06677976999684429,0.65
808,600375,汉马科技,2026-07-14,2026-07-14,516,0.010945164296312208,0.55,120,10.0,0.04206360161246078,0.6,0.10716537359556211,0.9166666666666666,120,0.1,0.051861087655658514,0.7
809,601609,金田股份,2026-07-14,2026-07-14,518,0.01090281050246215,0.55,180,10.0,0.07240544400660066,0.6333333333333333,0.004343177408680914,0.6333333333333333,120,10.0,0.08065272497326827,0.7
810,000850,华茂股份,2026-07-14,2026-07-14,518,0.01085321894303284,0.4166666666666667,120,10.0,0.03763014453266084,0.7666666666666667,0.002414892684978815,0.38333333333333336,120,10.0,0.05427183733599309,0.5833333333333334
811,603075,热威股份,2026-07-14,2026-07-14,518,0.01078379918461997,0.7166666666666667,180,10.0,0.03124645445132961,0.7333333333333333,0.028344959508059788,0.8,180,1.0,0.043348699455302855,0.7333333333333333
812,000859,国风新材,2026-07-14,2026-07-14,508,0.010762043895516403,0.4,120,10.0,0.06431698115534298,0.55,-0.03091325717999811,0.23333333333333334,180,0.1,0.08923159762135184,0.5833333333333334
813,002995,天地在线,2026-07-14,2026-07-14,514,0.010698853058816245,0.26666666666666666,120,10.0,0.10021591416271082,0.5,0.009044718470292423,0.21666666666666667,240,10.0,0.13563966563616678,0.5333333333333333
814,601163,三角轮胎,2026-07-14,2026-07-14,518,0.010631224077973168,0.6,120,10.0,0.021432314968818623,0.6333333333333333,0.021780269559517975,0.7333333333333333,240,0.1,0.026131908382936792,0.75
815,603365,水星家纺,2026-07-14,2026-07-14,518,0.010621974560184192,0.48333333333333334,180,0.1,0.039295945503262854,0.65,-0.015213364292567635,0.2833333333333333,180,1.0,0.04900758730185995,0.6666666666666666
816,603903,中持股份,2026-07-14,2026-07-14,518,0.010600612373747166,0.8166666666666667,120,1.0,0.0779387172500384,0.6,0.011605822899409885,0.8,120,0.1,0.1029561530317568,0.4666666666666667
817,002156,通富微电,2026-07-14,2026-07-14,518,0.010572517198517496,0.6333333333333333,240,0.1,0.07300820446520433,0.8,0.06958014492303478,0.7833333333333333,180,0.1,0.07459829799743008,0.9
818,600929,雪天盐业,2026-07-14,2026-07-14,518,0.010459813431341277,0.35,180,10.0,0.05084795216879035,0.4666666666666667,0.017220765838131924,0.35,120,10.0,0.07908508482211525,0.55
819,002735,王子新材,2026-07-14,2026-07-14,518,0.010458767300542984,0.43333333333333335,120,1.0,0.06791870861501298,0.85,0.22676235395308147,0.9833333333333333,120,1.0,0.08562555684641149,0.7833333333333333
820,601198,东兴证券,2026-07-14,2026-07-14,498,0.010394306239900744,0.6166666666666667,240,10.0,0.02402142274954505,0.6333333333333333,0.02038244037548552,0.7,240,1.0,0.02736968963337276,0.7166666666666667
821,600316,洪都航空,2026-07-14,2026-07-14,518,0.010348942209745901,0.31666666666666665,120,10.0,0.050834992102843486,0.55,0.009797803093928546,0.38333333333333336,120,10.0,0.06646653427338321,0.6166666666666667
822,002134,天津普林,2026-07-14,2026-07-14,518,0.010316535068686827,0.6333333333333333,240,10.0,0.06191291069428325,0.6833333333333333,0.03975880131968043,0.8333333333333334,240,0.1,0.08542387313940943,0.6
823,600493,凤竹纺织,2026-07-14,2026-07-14,518,0.010265484199137056,0.2833333333333333,120,10.0,0.04889929014849353,0.38333333333333336,0.009367773030177315,0.31666666666666665,120,0.1,0.06817692304001484,0.48333333333333334
824,600171,上海贝岭,2026-07-14,2026-07-14,518,0.010257998088057378,0.7,240,10.0,0.04406691213967818,0.5166666666666667,0.03268139771395033,0.8666666666666667,120,1.0,0.06139416202575302,0.65
825,605167,利柏特,2026-07-14,2026-07-14,518,0.010207554594015485,0.38333333333333336,240,10.0,0.08099028671049922,0.43333333333333335,0.042422090003806465,0.43333333333333335,240,0.1,0.11379471590628563,0.5166666666666667
826,601156,东航物流,2026-07-14,2026-07-14,518,0.010183187581374278,0.7,120,0.1,0.029391828503359876,0.6166666666666667,0.009054440485808259,0.6,120,0.1,0.031416160089062,0.7333333333333333
827,000586,汇源通信,2026-07-14,2026-07-14,513,0.010171195011207945,0.23333333333333334,240,0.1,0.07922971342257303,0.5833333333333334,0.05419981347106176,0.26666666666666666,240,0.1,0.1105604177854187,0.55
828,601985,中国核电,2026-07-14,2026-07-14,518,0.010125551239951382,0.7166666666666667,180,10.0,0.01881122951086447,0.6666666666666666,0.02563794623206612,0.8833333333333333,120,10.0,0.0227495895892989,0.65
829,600655,豫园股份,2026-07-14,2026-07-14,518,0.010085883910652797,0.6833333333333333,120,10.0,0.022850166148221596,0.6666666666666666,0.007546300496081631,0.5333333333333333,120,10.0,0.03225219324852287,0.7166666666666667
830,600436,片仔癀,2026-07-14,2026-07-14,518,0.01006467098035591,0.48333333333333334,180,1.0,0.031250468423939616,0.7,-0.10239103657370406,0.05,180,1.0,0.039325675579879794,0.8833333333333333
831,001225,和泰机电,2026-07-14,2026-07-14,518,0.010046256388575859,0.36666666666666664,120,10.0,0.06664594651852396,0.65,0.025635786022137143,0.35,120,10.0,0.090550760330551,0.7
832,603959,百利科技,2026-07-14,2026-07-14,516,0.01002888997618761,0.5833333333333334,240,10.0,0.08266330380893389,0.6166666666666667,0.13006699250887255,0.9,120,0.1,0.08029880511370849,0.7833333333333333
833,601187,厦门银行,2026-07-14,2026-07-14,518,0.009978819283306838,0.4,120,10.0,0.03549316091425565,0.5166666666666667,0.09590401721962462,1.0,120,0.1,0.03705379727302227,0.75
834,601990,南京证券,2026-07-14,2026-07-14,518,0.009954767029546195,0.7,180,0.1,0.01688505643254669,0.75,0.023064128935696086,0.75,180,10.0,0.02490638078118917,0.7333333333333333
835,603626,科森科技,2026-07-14,2026-07-14,518,0.00995048605952701,0.25,240,10.0,0.08663765358078164,0.4,0.042592313510858015,0.26666666666666666,240,0.1,0.12173618335819499,0.55
836,600372,中航机载,2026-07-14,2026-07-14,518,0.009915360911226115,0.55,180,10.0,0.03583921344604823,0.45,0.0216903196595634,0.5,240,10.0,0.05457333770531868,0.5166666666666667
837,603655,朗博科技,2026-07-14,2026-07-14,518,0.009816123339494966,0.4,120,10.0,0.05428704342848368,0.65,0.04397958937584115,0.43333333333333335,120,10.0,0.07769835965803615,0.7833333333333333
838,002275,桂林三金,2026-07-14,2026-07-14,518,0.00981508186382179,0.48333333333333334,180,0.1,0.02770063761320277,0.5,0.06435287733025781,0.9333333333333333,120,0.1,0.032480685017798876,0.6
839,600419,天润乳业,2026-07-14,2026-07-14,518,0.009763577382664824,0.55,120,1.0,0.025868463544242534,0.6833333333333333,0.01605485384537879,0.4666666666666667,120,0.1,0.0386939222658207,0.6666666666666666
840,603378,亚士创能,2026-07-14,2026-07-14,517,0.00973478362938165,0.5333333333333333,240,10.0,0.066310168817274,0.7,0.0037636761541147796,0.4666666666666667,240,10.0,0.07932919074781661,0.7166666666666667
841,003023,彩虹集团,2026-07-14,2026-07-14,518,0.0096700098165512,0.43333333333333335,120,10.0,0.06756747450685216,0.6833333333333333,0.07950978307680533,0.7,240,0.1,0.0917180235023827,0.6333333333333333
842,000878,云南铜业,2026-07-14,2026-07-14,509,0.009608991721512302,0.43333333333333335,240,10.0,0.06258999546168914,0.55,-0.020688926411078563,0.18333333333333332,240,10.0,0.08318096243716729,0.6
843,001336,楚环科技,2026-07-14,2026-07-14,518,0.009582279655286595,0.2833333333333333,120,10.0,0.060734442549122865,0.38333333333333336,0.1321650549578974,0.95,120,1.0,0.07572351671544152,0.6666666666666666
844,601328,交通银行,2026-07-14,2026-07-14,518,0.009575178398712806,0.75,120,10.0,0.02062375935799354,0.55,-0.01181074369333631,0.45,120,10.0,0.025005443579792907,0.6833333333333333
845,600098,广州发展,2026-07-14,2026-07-14,518,0.009551530422252182,0.4166666666666667,240,10.0,0.03899786179728083,0.6833333333333333,0.0023004505417579197,0.4,120,10.0,0.04863885644320641,0.75
846,000550,江铃汽车,2026-07-14,2026-07-14,518,0.00951640587657128,0.55,240,10.0,0.0313349114058537,0.6,0.006983974921825668,0.5166666666666667,240,10.0,0.036826530850495635,0.5833333333333334
847,601727,上海电气,2026-07-14,2026-07-14,518,0.009471342917212255,0.6,120,10.0,0.03095144798728045,0.6666666666666666,0.06159701323759603,0.9833333333333333,120,1.0,0.02661916862498587,0.8666666666666667
848,002788,鹭燕医药,2026-07-14,2026-07-14,518,0.00944201200345439,0.3333333333333333,120,10.0,0.06260064639299436,0.5166666666666667,-0.062335128092652445,0.05,120,10.0,0.132976438804557,0.21666666666666667
849,601211,国泰海通,2026-07-14,2026-07-14,499,0.00930611783421403,0.5,120,10.0,0.03752801831310393,0.6,0.018547428988835823,0.6166666666666667,120,10.0,0.048346082470877454,0.75
850,002379,宏桥控股,2026-07-14,2026-07-14,508,0.009288209572885946,0.4166666666666667,120,10.0,0.06959689561249864,0.6333333333333333,-0.006494834849836088,0.26666666666666666,120,10.0,0.10562679605370597,0.6333333333333333
851,603132,金徽股份,2026-07-14,2026-07-14,518,0.009210955682550719,0.4,180,0.1,0.05532819289121279,0.43333333333333335,0.06989104099392293,0.5833333333333334,180,10.0,0.07811626661614415,0.3333333333333333
852,000722,湖南发展,2026-07-14,2026-07-14,508,0.009146691888339695,0.45,240,10.0,0.06990761635978875,0.7166666666666667,0.020937179738488503,0.5166666666666667,240,0.1,0.07918016279082536,0.75
853,003041,真爱美家,2026-07-14,2026-07-14,509,0.009109798135088934,0.25,240,10.0,0.08257539643296473,0.36666666666666664,0.09530926645478854,0.5166666666666667,240,0.1,0.11616053395466269,0.43333333333333335
854,001979,招商蛇口,2026-07-14,2026-07-14,518,0.008918727231972005,0.5166666666666667,180,10.0,0.04728945698747967,0.7166666666666667,-0.0015902983712796498,0.5166666666666667,180,10.0,0.05573991983615673,0.8
855,600617,国新能源,2026-07-14,2026-07-14,518,0.008897845394764868,0.4666666666666667,180,10.0,0.058075197673938206,0.5333333333333333,-0.010529537899377175,0.35,120,10.0,0.08410872452541149,0.45
856,601360,三六零,2026-07-14,2026-07-14,518,0.00887245362270921,0.3,240,10.0,0.047258947246363044,0.3333333333333333,0.023066699983967105,0.3333333333333333,240,10.0,0.08375562005827955,0.3333333333333333
857,600579,中化装备,2026-07-14,2026-07-14,508,0.008872148972293922,0.35,180,10.0,0.04172120758970623,0.5,0.00498127130371089,0.31666666666666665,180,10.0,0.06923705519216158,0.5166666666666667
858,605389,长龄液压,2026-07-14,2026-07-14,510,0.008818973478521756,0.5166666666666667,240,10.0,0.10838848911440295,0.6833333333333333,0.08099739857312213,0.7666666666666667,180,0.1,0.145710231081208,0.8
859,003028,振邦智能,2026-07-14,2026-07-14,518,0.008809589985139341,0.55,120,10.0,0.03680382825676927,0.6166666666666667,0.048552645580349586,0.8833333333333333,120,0.1,0.03262739079608612,0.7166666666666667
860,603391,力聚热能,2026-07-14,2026-07-14,472,0.008783566850234376,0.45,240,0.1,0.05607367214536938,0.5833333333333334,-0.026017677446908992,0.23333333333333334,180,0.1,0.06376029656124511,0.5666666666666667
861,000881,中广核技,2026-07-14,2026-07-14,518,0.008743052195523866,0.5333333333333333,120,10.0,0.03314923817484419,0.7166666666666667,-0.007875462564625561,0.31666666666666665,120,1.0,0.035996456660382016,0.7666666666666667
862,600246,万通发展,2026-07-14,2026-07-14,518,0.008726645840169805,0.7333333333333333,180,0.1,0.07396113853920087,0.75,-0.02675066516218115,0.6333333333333333,180,10.0,0.0888892748483076,0.7833333333333333
863,600906,财达证券,2026-07-14,2026-07-14,518,0.008711766247784157,0.5666666666666667,120,0.1,0.0366957008689598,0.6166666666666667,0.06643781387673099,0.9,240,0.1,0.04010077160989856,0.65
864,002319,乐通股份,2026-07-14,2026-07-14,518,0.008656240067100729,0.2833333333333333,240,10.0,0.052756463142495644,0.43333333333333335,0.03722223531616256,0.43333333333333335,120,10.0,0.06181397868898383,0.5333333333333333
865,600741,华域汽车,2026-07-14,2026-07-14,518,0.008633314187849647,0.35,120,10.0,0.028958323399648298,0.4666666666666667,0.014969464500335684,0.25,120,10.0,0.050151487239273096,0.3333333333333333
866,600745,闻泰科技,2026-07-14,2026-07-14,515,0.008606371861107909,0.38333333333333336,180,0.1,0.09391693718688693,0.7333333333333333,-0.03624844889326401,0.31666666666666665,180,0.1,0.12359580529777289,0.8
867,002494,华斯股份,2026-07-14,2026-07-14,508,0.00851851636389006,0.48333333333333334,120,10.0,0.035705775208149174,0.7333333333333333,0.11087588090725649,1.0,120,1.0,0.049983496285495956,0.8833333333333333
868,601298,青岛港,2026-07-14,2026-07-14,515,0.008476199310893417,0.6166666666666667,240,10.0,0.020808435254165068,0.7333333333333333,-0.008258214751967247,0.3333333333333333,240,10.0,0.02962710010774013,0.8
869,603400,华之杰,2026-07-14,2026-07-14,259,0.008377915640391588,0.43333333333333335,120,1.0,0.06840809805802246,0.6,-0.12547267259280886,0.11666666666666667,120,0.1,0.08197041654219445,0.7166666666666667
870,600095,湘财股份,2026-07-14,2026-07-14,508,0.008337247715714906,0.5166666666666667,120,1.0,0.032794863230246406,0.6333333333333333,0.020981212049223832,0.6666666666666666,120,10.0,0.035177580708783254,0.7166666666666667
871,600025,华能水电,2026-07-14,2026-07-14,518,0.008322104838723374,0.5333333333333333,240,10.0,0.03061152768390563,0.5333333333333333,-0.008364883926082887,0.4166666666666667,240,10.0,0.03624471495967771,0.55
872,603087,甘李药业,2026-07-14,2026-07-14,518,0.0082917336840989,0.43333333333333335,120,10.0,0.03457880369791484,0.7166666666666667,-0.008508582148257064,0.2833333333333333,180,0.1,0.04862546546963642,0.75
873,002173,创新医疗,2026-07-14,2026-07-14,518,0.008268643735040392,0.43333333333333335,120,10.0,0.07172037490116033,0.55,-0.05861747018169865,0.13333333333333333,180,10.0,0.11427973814344354,0.38333333333333336
874,600872,中炬高新,2026-07-14,2026-07-14,518,0.008256823563644367,0.43333333333333335,120,1.0,0.03562273452722286,0.6166666666666667,0.054368827208974804,0.7,120,1.0,0.050915783230813506,0.7
875,603310,巍华新材,2026-07-14,2026-07-14,462,0.008155837288858459,0.6166666666666667,180,0.1,0.02387537729771068,0.75,0.014350008740234396,0.7833333333333333,180,1.0,0.02513983621756033,0.6833333333333333
876,603173,福斯达,2026-07-14,2026-07-14,518,0.007944579315344537,0.4166666666666667,120,10.0,0.043365837560657136,0.4166666666666667,-0.001756262048930429,0.23333333333333334,120,10.0,0.06053184348568282,0.2833333333333333
877,000156,华数传媒,2026-07-14,2026-07-14,518,0.007896128935606657,0.38333333333333336,240,10.0,0.03063071297926302,0.4666666666666667,0.013071155774901663,0.4,240,10.0,0.03643017060262017,0.5333333333333333
878,600549,厦门钨业,2026-07-14,2026-07-14,518,0.00787382539422326,0.6166666666666667,240,10.0,0.09301933581029304,0.75,0.09656933695219949,0.8,180,10.0,0.13033660439130046,0.75
879,600637,东方明珠,2026-07-14,2026-07-14,518,0.007779304829883007,0.3333333333333333,180,10.0,0.04775983891367656,0.5833333333333334,0.048725272293819795,0.5166666666666667,180,10.0,0.06467333561334693,0.6833333333333333
880,600116,三峡水利,2026-07-14,2026-07-14,518,0.007722747855542073,0.5333333333333333,180,10.0,0.031184015469021782,0.7,-0.005146145994557665,0.25,120,10.0,0.03804392242614051,0.6833333333333333
881,002226,江南化工,2026-07-14,2026-07-14,518,0.007693076453798254,0.6333333333333333,120,10.0,0.03365701909208725,0.7833333333333333,0.02289271186229497,0.6833333333333333,120,10.0,0.03384509892310834,0.8
882,002928,华夏航空,2026-07-14,2026-07-14,518,0.00767088237861208,0.5333333333333333,120,10.0,0.050840080327738485,0.6333333333333333,0.006695766576986409,0.45,120,10.0,0.05383890820976848,0.7
883,002812,恩捷股份,2026-07-14,2026-07-14,508,0.00765621902898107,0.3333333333333333,240,0.1,0.06859260840343338,0.5666666666666667,-0.054722582705336476,0.1,240,0.1,0.09546461858340129,0.6666666666666666
884,002077,大港股份,2026-07-14,2026-07-14,518,0.007492702688661108,0.6666666666666666,240,10.0,0.053434132213795116,0.5166666666666667,0.009440917180671216,0.75,120,0.1,0.06609403985653778,0.6
885,002315,焦点科技,2026-07-14,2026-07-14,518,0.0074915069917116574,0.4666666666666667,240,10.0,0.061251905631052955,0.6666666666666666,-0.006249564881083053,0.4666666666666667,240,10.0,0.09411205746082509,0.7166666666666667
886,603198,迎驾贡酒,2026-07-14,2026-07-14,518,0.007463981113984235,0.5333333333333333,120,10.0,0.04021348700649032,0.75,0.01673942847995778,0.6833333333333333,120,10.0,0.05468269043902821,0.8
887,600006,东风股份,2026-07-14,2026-07-14,518,0.007452584243864821,0.7,120,0.1,0.020214638662495114,0.7833333333333333,0.05109946386326524,0.9666666666666667,120,0.1,0.025233846730536285,0.8666666666666667
888,600897,厦门空港,2026-07-14,2026-07-14,518,0.007447929354623891,0.5,120,10.0,0.025539798969387073,0.6,0.0027546990331106976,0.5333333333333333,120,1.0,0.03036590743959986,0.7333333333333333
889,002559,亚威股份,2026-07-14,2026-07-14,518,0.007420556010496073,0.65,180,10.0,0.06913749262981869,0.7,0.07904143201287803,0.9833333333333333,120,10.0,0.08539558327584464,0.7166666666666667
890,003025,思进智能,2026-07-14,2026-07-14,518,0.007373103524462301,0.6166666666666667,180,10.0,0.05612385621823091,0.55,0.01980289178897166,0.7833333333333333,180,1.0,0.05626047903936157,0.7166666666666667
891,600685,中船防务,2026-07-14,2026-07-14,518,0.007369939892526057,0.31666666666666665,120,0.1,0.0400643310409232,0.6,-0.02323557268031243,0.21666666666666667,180,10.0,0.05260398466902374,0.65
892,000989,九芝堂,2026-07-14,2026-07-14,517,0.0073370963104927,0.5333333333333333,120,10.0,0.033315658999143793,0.6666666666666666,0.007387367454398008,0.5666666666666667,120,10.0,0.04489755176716333,0.7333333333333333
893,601111,中国国航,2026-07-14,2026-07-14,518,0.007294307910893085,0.48333333333333334,240,0.1,0.031571632953772084,0.5833333333333334,-0.0017218432313322743,0.35,240,10.0,0.03206937225793533,0.6833333333333333
894,603327,福蓉科技,2026-07-14,2026-07-14,518,0.007290284378018445,0.4666666666666667,240,10.0,0.06355154551050825,0.4666666666666667,-0.00013599455900202063,0.4166666666666667,180,1.0,0.07319989729025142,0.7833333333333333
895,600483,福能股份,2026-07-14,2026-07-14,518,0.007238804383944612,0.65,240,10.0,0.03439984452976231,0.5666666666666667,0.10269591584091715,1.0,120,1.0,0.04164374527756363,0.7
896,002544,普天科技,2026-07-14,2026-07-14,518,0.007055064066619571,0.4,120,10.0,0.05349423938016217,0.6666666666666666,0.006107132310460957,0.35,120,10.0,0.06618955315018486,0.8
897,002597,金禾实业,2026-07-14,2026-07-14,518,0.0070512504788041806,0.6,120,10.0,0.046423667048741166,0.65,-0.01706696278496622,0.36666666666666664,240,1.0,0.056368358527435644,0.6
898,603679,华体科技,2026-07-14,2026-07-14,518,0.006956634344279034,0.6333333333333333,240,0.1,0.06162233415588232,0.6333333333333333,0.0016713994600561846,0.6666666666666666,240,10.0,0.09530985621558119,0.6166666666666667
899,002323,雅博股份,2026-07-14,2026-07-14,517,0.006915162681147648,0.36666666666666664,240,10.0,0.09991293022186896,0.5833333333333334,-0.014050334532009334,0.2833333333333333,240,10.0,0.13712428405272387,0.6833333333333333
900,601233,桐昆股份,2026-07-14,2026-07-14,518,0.006801538100305449,0.5166666666666667,240,1.0,0.05121017406430941,0.7333333333333333,0.013372000663450494,0.6166666666666667,240,0.1,0.06180108763097109,0.7666666666666667
901,605138,盛泰集团,2026-07-14,2026-07-14,518,0.006758058286950672,0.55,120,10.0,0.03522514340942092,0.8333333333333334,0.07229183029411593,1.0,120,1.0,0.04516462949875375,0.8833333333333333
902,000506,招金黄金,2026-07-14,2026-07-14,512,0.006731715433448387,0.36666666666666664,120,10.0,0.09816209213161878,0.4166666666666667,-0.14171193406284427,0.03333333333333333,120,10.0,0.11059377299446788,0.4
903,600202,哈空调,2026-07-14,2026-07-14,518,0.006703651268969322,0.5,120,1.0,0.032701662735012474,0.7,0.0018752355181406583,0.36666666666666664,120,1.0,0.05081297066686138,0.8
904,002154,报 喜 鸟,2026-07-14,2026-07-14,518,0.006689481239778695,0.5,120,10.0,0.036834339883124984,0.85,0.042783484305635,0.8166666666666667,120,10.0,0.049065730932778634,0.8833333333333333
905,603719,良品铺子,2026-07-14,2026-07-14,513,0.006684778910392214,0.6333333333333333,120,1.0,0.02642963122653523,0.8333333333333334,0.030253626657231296,0.6833333333333333,120,1.0,0.03541089715199424,0.7333333333333333
906,603194,中力股份,2026-07-14,2026-07-14,375,0.006681200485523962,0.5833333333333334,240,10.0,0.03506650532846346,0.6166666666666667,0.00028134689594158397,0.4666666666666667,240,10.0,0.04425354420206284,0.7
907,002376,新北洋,2026-07-14,2026-07-14,518,0.0066729374546166936,0.48333333333333334,120,10.0,0.027500057134913672,0.5166666666666667,0.007377179047473946,0.4,120,10.0,0.04402378116141748,0.75
908,002230,科大讯飞,2026-07-14,2026-07-14,518,0.006617154635235684,0.4666666666666667,240,10.0,0.039049755058004405,0.6166666666666667,0.0053973809457091215,0.3,240,10.0,0.05227082473317098,0.6833333333333333
909,601128,常熟银行,2026-07-14,2026-07-14,518,0.006541550482482695,0.6166666666666667,120,10.0,0.028019167319151942,0.5333333333333333,0.20806547046562812,0.9833333333333333,120,0.1,0.037906809796490325,0.7666666666666667
910,600029,南方航空,2026-07-14,2026-07-14,518,0.0065162491251918,0.5333333333333333,180,1.0,0.028217138853115886,0.7333333333333333,-0.009332282705453884,0.4,240,10.0,0.028997639251020082,0.7166666666666667
911,601995,中金公司,2026-07-14,2026-07-14,498,0.006426769458648827,0.6833333333333333,240,10.0,0.022374884581927663,0.6,0.008654669569560621,0.75,240,10.0,0.031534323415618196,0.6333333333333333
912,002668,TCL智家,2026-07-14,2026-07-14,518,0.006377224694291467,0.6,120,10.0,0.03601749194585764,0.6,0.052137645210963354,0.8833333333333333,120,10.0,0.03794586200482102,0.7666666666666667
913,600900,长江电力,2026-07-14,2026-07-14,518,0.006300421644058064,0.75,240,10.0,0.01714764380662438,0.6,-0.011522490310597327,0.4166666666666667,120,10.0,0.02241442972746922,0.43333333333333335
914,000802,北京文化,2026-07-14,2026-07-14,518,0.006239247123534289,0.6333333333333333,120,10.0,0.05968742384129552,0.5666666666666667,0.14035364621807495,1.0,120,1.0,0.08171929652453785,0.6166666666666667
915,603060,国检集团,2026-07-14,2026-07-14,518,0.006235353855867601,0.4166666666666667,120,10.0,0.06476577006889238,0.6,0.04726181914923424,0.6166666666666667,120,0.1,0.07869664557947878,0.7666666666666667
916,601886,江河集团,2026-07-14,2026-07-14,518,0.006136235390431795,0.2833333333333333,180,10.0,0.04443056192817201,0.48333333333333334,-0.02641941076110607,0.06666666666666667,120,10.0,0.059841709923390024,0.5666666666666667
917,603505,金石资源,2026-07-14,2026-07-14,518,0.0061177913672265756,0.7,240,10.0,0.07644974228479602,0.4666666666666667,0.07507314847190757,0.9666666666666667,120,10.0,0.07572403622790848,0.7
918,601398,工商银行,2026-07-14,2026-07-14,518,0.006117242175329255,0.55,120,10.0,0.021804891873782373,0.6666666666666666,-0.019142112532779098,0.25,120,10.0,0.024874781590822292,0.65
919,600749,西藏旅游,2026-07-14,2026-07-14,518,0.006061051750302868,0.36666666666666664,180,10.0,0.07733119562997053,0.5,-0.0790635487001602,0.18333333333333332,180,1.0,0.09361039493494132,0.6
920,600611,大众交通,2026-07-14,2026-07-14,518,0.006055439170959017,0.4,120,10.0,0.05859885777120139,0.6666666666666666,0.008205394489371597,0.4166666666666667,120,10.0,0.06030462200434772,0.7833333333333333
921,000758,中色股份,2026-07-14,2026-07-14,518,0.0059610869440109345,0.4666666666666667,240,10.0,0.05612161663956059,0.5833333333333334,0.058015037903631585,0.5833333333333334,120,10.0,0.0644428939339506,0.6666666666666666
922,001216,华瓷股份,2026-07-14,2026-07-14,518,0.005909732553331331,0.13333333333333333,120,10.0,0.06495321520969904,0.4,-0.07354655955605771,0.06666666666666667,120,0.1,0.06971871230793988,0.55
923,002490,山东墨龙,2026-07-14,2026-07-14,517,0.005869172736558361,0.2833333333333333,120,10.0,0.09291159629324951,0.4166666666666667,-0.01870779778367642,0.11666666666666667,120,10.0,0.1404447136211354,0.45
924,603776,永安行,2026-07-14,2026-07-14,503,0.005819265808823657,0.6333333333333333,180,0.1,0.04472428273954263,0.6666666666666666,0.02766096727731506,0.8,180,0.1,0.054596907232166744,0.75
925,600229,城市传媒,2026-07-14,2026-07-14,518,0.0057485167074903705,0.45,120,10.0,0.02866740774456563,0.7,0.02887752379534229,0.7,180,10.0,0.03416985511071166,0.7666666666666667
926,600231,凌钢股份,2026-07-14,2026-07-14,518,0.005746617404441488,0.38333333333333336,120,10.0,0.03405961663120154,0.6,0.03388516185064573,0.31666666666666665,120,10.0,0.05837083242272829,0.6333333333333333
927,002395,双象股份,2026-07-14,2026-07-14,518,0.005546211785837484,0.4666666666666667,240,10.0,0.05664205226000867,0.7,0.054440907734130795,0.6333333333333333,120,10.0,0.08397603946479858,0.75
928,002575,群兴玩具,2026-07-14,2026-07-14,518,0.00551559685280675,0.4,240,1.0,0.059847708552557236,0.7833333333333333,0.039670479098914864,0.5,240,10.0,0.10153259715921932,0.7666666666666667
929,002950,奥美医疗,2026-07-14,2026-07-14,518,0.005448347301128742,0.35,180,1.0,0.05695071582699156,0.6666666666666666,0.03615061973493954,0.5333333333333333,180,0.1,0.08426045477665808,0.7666666666666667
930,001965,招商公路,2026-07-14,2026-07-14,518,0.005369471452910884,0.7166666666666667,120,0.1,0.025883927100284396,0.7,-0.004287380772285746,0.7,120,0.1,0.026645235118953017,0.7833333333333333
931,000906,浙商中拓,2026-07-14,2026-07-14,518,0.005356944052074608,0.5333333333333333,120,10.0,0.02813853838905049,0.9,0.13992543375083882,1.0,120,1.0,0.03845696817630139,0.8333333333333334
932,600689,上海三毛,2026-07-14,2026-07-14,518,0.005234639320196053,0.36666666666666664,120,1.0,0.029204725466569277,0.7166666666666667,0.02884516646352647,0.5333333333333333,120,0.1,0.04230886756349705,0.8166666666666667
933,002265,建设工业,2026-07-14,2026-07-14,518,0.005110759031959178,0.35,180,10.0,0.03691847412749285,0.7333333333333333,-0.025384248644150908,0.18333333333333332,180,10.0,0.0466872124527656,0.6
934,600502,安徽建工,2026-07-14,2026-07-14,518,0.005102899221266049,0.2833333333333333,240,10.0,0.04913741650973031,0.31666666666666665,-0.0033540837079094974,0.23333333333333334,240,10.0,0.05922761491320232,0.5166666666666667
935,603767,中马传动,2026-07-14,2026-07-14,518,0.005087911971117513,0.6333333333333333,120,10.0,0.06636344385359601,0.65,0.015568522980572978,0.7166666666666667,120,1.0,0.08167696402142076,0.6166666666666667
936,000768,中航西飞,2026-07-14,2026-07-14,518,0.00508248458422834,0.4,240,10.0,0.04242132624683282,0.4666666666666667,0.004446981510335785,0.38333333333333336,240,10.0,0.046681624548845696,0.48333333333333334
937,001219,青岛食品,2026-07-14,2026-07-14,518,0.004958065645416268,0.4,240,0.1,0.034124251496616534,0.5,0.05020839824326381,0.7166666666666667,120,0.1,0.04470877984344283,0.6666666666666666
938,000090,天健集团,2026-07-14,2026-07-14,518,0.004911093502022733,0.36666666666666664,240,1.0,0.042068730214307064,0.55,-0.009141683896360619,0.31666666666666665,120,10.0,0.048271532360130376,0.6
939,002180,纳思达,2026-07-14,2026-07-14,518,0.004908030288408038,0.4666666666666667,240,10.0,0.05428800244211547,0.5666666666666667,0.19908511725560782,1.0,120,1.0,0.08004182306514776,0.7
940,605086,龙高股份,2026-07-14,2026-07-14,518,0.004900301070806381,0.4166666666666667,120,10.0,0.05465173917537922,0.6333333333333333,-0.028840957975917396,0.13333333333333333,120,10.0,0.05788340764221027,0.6666666666666666
941,000751,锌业股份,2026-07-14,2026-07-14,518,0.004898537021537647,0.36666666666666664,180,10.0,0.0896702966029463,0.5833333333333334,0.06095217628743545,0.5333333333333333,240,10.0,0.13186205216247868,0.55
942,002108,沧州明珠,2026-07-14,2026-07-14,518,0.004888175579372841,0.26666666666666666,120,10.0,0.06428022158675865,0.55,0.036748345269671995,0.35,120,10.0,0.09672192224618134,0.5166666666666667
943,600226,亨通股份,2026-07-14,2026-07-14,518,0.004807378564168307,0.5166666666666667,180,10.0,0.10296208789721564,0.6666666666666666,0.16813691092208616,0.8833333333333333,120,10.0,0.1406894771849611,0.8333333333333334
944,600839,四川长虹,2026-07-14,2026-07-14,518,0.004791897544128676,0.4,120,10.0,0.045648940174485356,0.55,-0.008183295874815946,0.2,120,10.0,0.060446648425836816,0.6166666666666667
945,603579,荣泰健康,2026-07-14,2026-07-14,518,0.004727251157618701,0.4666666666666667,120,10.0,0.04979110056622733,0.7166666666666667,0.008561252533036797,0.5166666666666667,120,10.0,0.06340460502970612,0.65
946,603296,华勤技术,2026-07-14,2026-07-14,518,0.004725614038222654,0.55,240,10.0,0.07745537509601862,0.5833333333333334,-0.04747392947757969,0.4666666666666667,240,0.1,0.11384596392895087,0.5
947,002557,洽洽食品,2026-07-14,2026-07-14,518,0.004694827808875718,0.4666666666666667,180,10.0,0.04319894433958694,0.5833333333333334,-0.049528364645176154,0.15,120,1.0,0.057708607697710385,0.7166666666666667
948,002625,光启技术,2026-07-14,2026-07-14,518,0.004683025918636764,0.4666666666666667,120,10.0,0.05299549096965059,0.55,-0.05442566442935717,0.08333333333333333,120,10.0,0.05638495327941087,0.7166666666666667
949,000592,平潭发展,2026-07-14,2026-07-14,515,0.0046213608680540225,0.18333333333333332,120,10.0,0.07547879593715119,0.5,0.05534541863334187,0.5166666666666667,120,1.0,0.11092543453501257,0.6833333333333333
950,600208,衢州发展,2026-07-14,2026-07-14,508,0.004612981418091046,0.38333333333333336,120,10.0,0.09386953218773672,0.5833333333333334,0.2539801376930671,0.95,120,1.0,0.11948456734516952,0.7
951,000682,东方电子,2026-07-14,2026-07-14,518,0.004606166382752021,0.6166666666666667,180,10.0,0.04517970234695046,0.6666666666666666,0.03654596399559638,0.6833333333333333,180,10.0,0.05574999782013642,0.7166666666666667
952,002538,司尔特,2026-07-14,2026-07-14,517,0.0045580786481189085,0.35,180,10.0,0.0422872867406714,0.45,0.01768294391108306,0.36666666666666664,240,0.1,0.06654704870296377,0.36666666666666664
953,002560,通达股份,2026-07-14,2026-07-14,518,0.004524124236808197,0.2833333333333333,120,10.0,0.09975287424143821,0.35,0.05903777403818378,0.2833333333333333,120,10.0,0.17816364964450446,0.31666666666666665
954,601816,京沪高铁,2026-07-14,2026-07-14,518,0.004467764862159692,0.55,120,10.0,0.017368177469978312,0.6833333333333333,0.025499535530256533,0.7666666666666667,120,0.1,0.021269490580581914,0.7833333333333333
955,603272,联翔股份,2026-07-14,2026-07-14,517,0.004465464317905731,0.3333333333333333,240,0.1,0.12729237724979167,0.7666666666666667,0.11411222062674678,0.6333333333333333,180,0.1,0.13960590935909126,0.85
956,002862,实丰文化,2026-07-14,2026-07-14,518,0.004455177487380654,0.4666666666666667,120,1.0,0.032942517464927816,0.7,0.031733822399672804,0.55,120,0.1,0.05062291315183687,0.8666666666666667
957,600593,大连圣亚,2026-07-14,2026-07-14,513,0.0044524480894637085,0.6666666666666666,120,10.0,0.04745627019989831,0.5666666666666667,0.02953976940911905,0.7666666666666667,120,0.1,0.04717776095195891,0.6
958,603312,西典新能,2026-07-14,2026-07-14,518,0.004444266612196162,0.5333333333333333,120,10.0,0.03448075583120296,0.85,0.003425035761826508,0.4,120,10.0,0.04090788076986813,0.7833333333333333
959,603880,南卫股份,2026-07-14,2026-07-14,517,0.004416311421211705,0.6,240,10.0,0.04798097084149118,0.7166666666666667,0.043867044275624906,0.8333333333333334,240,10.0,0.06987644231293007,0.75
960,002961,瑞达期货,2026-07-14,2026-07-14,518,0.004387576467686441,0.35,120,10.0,0.050335091056620186,0.65,0.03607009944399652,0.5333333333333333,120,10.0,0.06060528002354895,0.7666666666666667
961,603598,引力传媒,2026-07-14,2026-07-14,518,0.004309223302115913,0.25,240,10.0,0.0800827848571263,0.5166666666666667,-0.012756859743068063,0.18333333333333332,120,10.0,0.0849426999871401,0.6166666666666667
962,000521,长虹美菱,2026-07-14,2026-07-14,518,0.004291025846600602,0.5833333333333334,240,10.0,0.03602228103215692,0.5833333333333334,-0.033842129280697866,0.36666666666666664,120,10.0,0.0368894229612143,0.6
963,600662,外服控股,2026-07-14,2026-07-14,518,0.004244189479507909,0.25,120,10.0,0.02896701543809716,0.4666666666666667,-0.007230716567628951,0.16666666666666666,240,10.0,0.051493981788135954,0.38333333333333336
964,600106,重庆路桥,2026-07-14,2026-07-14,518,0.004207978051501218,0.43333333333333335,120,10.0,0.026368777640907393,0.7833333333333333,0.04654626573004837,0.65,120,1.0,0.046665267037380935,0.8
965,600760,中航沈飞,2026-07-14,2026-07-14,518,0.004190056022812311,0.35,240,10.0,0.039211726093803,0.55,0.006214124673936585,0.3333333333333333,240,0.1,0.03823945078098877,0.7
966,605100,华丰股份,2026-07-14,2026-07-14,518,0.004137606754613705,0.5,240,10.0,0.07953114578505464,0.5833333333333334,0.07555359076617035,0.7166666666666667,240,10.0,0.1377781468539347,0.6166666666666667
967,605177,东亚药业,2026-07-14,2026-07-14,518,0.0041088211942548,0.5,120,10.0,0.0407800952962463,0.7166666666666667,0.04751088710306562,0.7833333333333333,120,10.0,0.043712595285324576,0.7166666666666667
968,603332,苏州龙杰,2026-07-14,2026-07-14,518,0.004059254884728852,0.4,180,10.0,0.045590344770353904,0.6,0.049229282009044834,0.48333333333333334,180,0.1,0.0794998049806807,0.5166666666666667
969,002293,罗莱生活,2026-07-14,2026-07-14,518,0.004042313052399047,0.48333333333333334,120,1.0,0.03656715125333345,0.8,-0.00906463546864083,0.4166666666666667,120,1.0,0.036338764290471295,0.8
970,002150,正泰电源,2026-07-14,2026-07-14,518,0.0038953922479460735,0.48333333333333334,180,1.0,0.06817096886101928,0.6,0.0863426199061768,0.75,120,10.0,0.07560952789677562,0.6833333333333333
971,000049,德赛电池,2026-07-14,2026-07-14,518,0.003792606706391132,0.45,120,10.0,0.045483057252730004,0.5333333333333333,0.04147946867495355,0.5833333333333334,120,10.0,0.060039289213251204,0.5333333333333333
972,600084,中信尼雅,2026-07-14,2026-07-14,517,0.0037780154874207618,0.36666666666666664,240,10.0,0.06607185664750607,0.48333333333333334,-0.011842069594578787,0.25,240,0.1,0.09118800806797595,0.6833333333333333
973,600979,广安爱众,2026-07-14,2026-07-14,518,0.003736934381253357,0.45,240,10.0,0.06816641732139413,0.5666666666666667,0.019469929111021328,0.5166666666666667,180,10.0,0.08778824359103324,0.6
974,601636,旗滨集团,2026-07-14,2026-07-14,518,0.003721342056969272,0.65,180,0.1,0.084908414690562,0.6333333333333333,0.2875142752267878,1.0,120,1.0,0.0834269160888883,0.8
975,000657,中钨高新,2026-07-14,2026-07-14,518,0.003681435873457921,0.5833333333333334,240,10.0,0.1097304241346349,0.6166666666666667,0.03314205154183879,0.7666666666666667,240,10.0,0.1359852370938087,0.8333333333333334
976,600012,皖通高速,2026-07-14,2026-07-14,518,0.0035436827445595523,0.5833333333333334,180,10.0,0.03112279701370851,0.6333333333333333,0.010189947719069196,0.7,180,0.1,0.03616903908044682,0.5166666666666667
977,603466,风语筑,2026-07-14,2026-07-14,518,0.0035304814224933695,0.6166666666666667,240,0.1,0.055710240767859846,0.7,-0.05281005140303417,0.31666666666666665,120,1.0,0.056932832184996854,0.7833333333333333
978,600030,中信证券,2026-07-14,2026-07-14,518,0.003444976358003814,0.5166666666666667,240,10.0,0.02334330750448106,0.6666666666666666,0.059265846856714224,0.9166666666666666,120,10.0,0.03247840495926583,0.85
979,603049,中策橡胶,2026-07-14,2026-07-14,270,0.0032564825893871196,0.6333333333333333,120,10.0,0.023833702195174965,0.7,0.008588940101363218,0.65,120,10.0,0.02988927051303485,0.8666666666666667
980,000333,美的集团,2026-07-14,2026-07-14,518,0.0032467652455252746,0.6,240,0.1,0.022656143962552198,0.6,0.0028921023740840026,0.6,120,10.0,0.025639869762842035,0.7833333333333333
981,001358,兴欣新材,2026-07-14,2026-07-14,518,0.003245839948028207,0.35,120,0.1,0.04993325157340061,0.6166666666666667,-0.04347036133849006,0.11666666666666667,120,1.0,0.0597068178075593,0.7666666666666667
982,002350,北京科锐,2026-07-14,2026-07-14,518,0.003215066870975728,0.43333333333333335,120,10.0,0.0654565084710828,0.5666666666666667,-0.010095792275696076,0.43333333333333335,120,10.0,0.08472534756213491,0.55
983,600643,爱建集团,2026-07-14,2026-07-14,518,0.0032027043803506353,0.3,120,10.0,0.03501522596841659,0.5833333333333334,2.555386953139588e-05,0.35,120,10.0,0.04878683204982508,0.6
984,000922,佳电股份,2026-07-14,2026-07-14,518,0.003095654225952012,0.5333333333333333,120,10.0,0.05222663427543127,0.8,0.0453853314314826,0.8,120,1.0,0.06267941595797254,0.8833333333333333
985,002006,精工科技,2026-07-14,2026-07-14,518,0.003078587583708294,0.4,180,10.0,0.05072931375008065,0.55,0.027086963712339873,0.6333333333333333,120,10.0,0.06702302950960813,0.5
986,601038,一拖股份,2026-07-14,2026-07-14,518,0.003054420952034339,0.4166666666666667,240,10.0,0.04368711620293895,0.6333333333333333,-0.02707643831195549,0.2833333333333333,240,10.0,0.06210373376139948,0.65
987,603233,大参林,2026-07-14,2026-07-14,518,0.003002510224435301,0.45,120,10.0,0.045193872365281135,0.65,-0.084436208005743,0.11666666666666667,240,10.0,0.06498743559878094,0.5833333333333334
988,603615,茶花股份,2026-07-14,2026-07-14,518,0.0029971776924068248,0.5333333333333333,120,1.0,0.04999448138567913,0.7666666666666667,0.0048728278647905375,0.6166666666666667,120,10.0,0.046237367013189035,0.85
989,600548,深高速,2026-07-14,2026-07-14,518,0.0029792194603973808,0.55,120,1.0,0.017604399903276915,0.7333333333333333,0.0016058975732932794,0.43333333333333335,240,0.1,0.02153156973107894,0.7333333333333333
990,000790,华神科技,2026-07-14,2026-07-14,518,0.002957291352821425,0.3333333333333333,240,10.0,0.048385948386342616,0.48333333333333334,0.007337121813845135,0.35,240,10.0,0.06777022679057793,0.5166666666666667
991,600771,广誉远,2026-07-14,2026-07-14,518,0.0029222242422062682,0.25,120,10.0,0.031068847934995432,0.6,0.009969067905876615,0.4666666666666667,120,0.1,0.0388691920242071,0.7666666666666667
992,603351,威尔药业,2026-07-14,2026-07-14,518,0.0028377013445018183,0.6833333333333333,120,1.0,0.02465813728066538,0.7666666666666667,8.270746656892998e-06,0.7666666666666667,120,0.1,0.02564224539769764,0.8333333333333334
993,000603,盛达资源,2026-07-14,2026-07-14,510,0.002786018740368757,0.2833333333333333,240,1.0,0.08146321129903523,0.4666666666666667,-0.053251199188032644,0.016666666666666666,240,10.0,0.13117422133223458,0.2833333333333333
994,601688,华泰证券,2026-07-14,2026-07-14,518,0.0027672623158509313,0.5833333333333334,240,0.1,0.025397070712076864,0.6333333333333333,0.016496149819099318,0.7333333333333333,180,10.0,0.04268130036086849,0.55
995,601456,国联民生,2026-07-14,2026-07-14,518,0.0027553897022155396,0.6166666666666667,120,10.0,0.02377525657300413,0.6666666666666666,-0.013407518326826589,0.5,120,10.0,0.03313619159145403,0.65
996,600876,凯盛新能,2026-07-14,2026-07-14,518,0.0027479764440776367,0.26666666666666666,120,10.0,0.04253280158802001,0.6333333333333333,-0.002100957889641736,0.21666666666666667,120,10.0,0.06240526077283055,0.5833333333333334
997,603587,地素时尚,2026-07-14,2026-07-14,518,0.0027346390378761845,0.45,180,10.0,0.023095342837729776,0.6333333333333333,0.06266493766223764,0.9833333333333333,120,0.1,0.03210886676039281,0.6666666666666666
998,600867,通化东宝,2026-07-14,2026-07-14,518,0.0027155299341080218,0.26666666666666666,180,10.0,0.0481965794215752,0.35,0.023068946704653558,0.38333333333333336,180,10.0,0.069109794517747,0.5
999,603341,龙旗科技,2026-07-14,2026-07-14,518,0.00269065996883455,0.55,240,10.0,0.053485428584077795,0.5,0.023466284982417443,0.6666666666666666,180,10.0,0.059303646610071724,0.6
1000,605189,富春染织,2026-07-14,2026-07-14,518,0.002580453777196525,0.36666666666666664,240,10.0,0.07913701702830063,0.48333333333333334,0.3764515321826356,1.0,120,0.1,0.10212697007836807,0.6666666666666666
1001,601137,博威合金,2026-07-14,2026-07-14,518,0.0025747620922730264,0.45,180,1.0,0.06212167868321428,0.75,0.08535233680722201,0.75,180,10.0,0.09768874004100317,0.6
1002,002901,大博医疗,2026-07-14,2026-07-14,518,0.0025565850779532473,0.5833333333333334,120,10.0,0.019530799388894852,0.7666666666666667,0.005654083433636843,0.6166666666666667,120,10.0,0.024595240657919657,0.7833333333333333
1003,000738,航发控制,2026-07-14,2026-07-14,518,0.002545196600702547,0.35,180,10.0,0.05155477338402994,0.43333333333333335,-0.00015619712897042013,0.3333333333333333,240,10.0,0.057591610298842535,0.4666666666666667
1004,002347,泰尔股份,2026-07-14,2026-07-14,518,0.0024675129959267636,0.38333333333333336,240,1.0,0.05040119763747964,0.6166666666666667,0.036301907235806924,0.4166666666666667,240,10.0,0.07468327017524709,0.5666666666666667
1005,603086,先达股份,2026-07-14,2026-07-14,518,0.0023881189717790685,0.21666666666666667,120,10.0,0.03321627961509927,0.6666666666666666,-0.001483465402877901,0.18333333333333332,120,10.0,0.05299723093491123,0.7333333333333333
1006,601500,通用股份,2026-07-14,2026-07-14,514,0.002359717574707947,0.38333333333333336,120,10.0,0.032022987106311886,0.6,0.03036424346487289,0.5333333333333333,120,10.0,0.04924450963308861,0.7166666666666667
1007,600645,中源协和,2026-07-14,2026-07-14,518,0.002348034114677081,0.45,180,0.1,0.04223017644623814,0.8,0.013347868436483645,0.5166666666666667,180,0.1,0.06317014123047823,0.8
1008,603061,金海通,2026-07-14,2026-07-14,518,0.002330556156712578,0.5666666666666667,240,10.0,0.10983191996225725,0.6166666666666667,0.09451158385669342,0.6666666666666666,240,10.0,0.1687612906525054,0.6
1009,002268,电科网安,2026-07-14,2026-07-14,518,0.0022841352654097685,0.43333333333333335,120,10.0,0.048135830459354455,0.5666666666666667,-0.05292956439747695,0.18333333333333332,120,10.0,0.06807295970736398,0.5333333333333333
1010,002783,凯龙股份,2026-07-14,2026-07-14,518,0.002276484671325525,0.3333333333333333,240,10.0,0.042754206379009264,0.5666666666666667,-0.0039822673187688805,0.31666666666666665,240,10.0,0.0529105404532154,0.6333333333333333
1011,000002,万  科Ａ,2026-07-14,2026-07-14,518,0.0022584222888272186,0.48333333333333334,120,10.0,0.03470039469101641,0.6666666666666666,-0.016558008553733704,0.3333333333333333,120,1.0,0.044778167862478034,0.7
1012,603716,塞力医疗,2026-07-14,2026-07-14,518,0.002258003944497799,0.21666666666666667,180,10.0,0.053187427786056354,0.6,-0.04823489991351075,0.1,180,1.0,0.07706521630445674,0.7
1013,000695,滨海能源,2026-07-14,2026-07-14,508,0.002228896825047957,0.48333333333333334,120,1.0,0.057524866155285896,0.65,0.04607551031865034,0.5833333333333334,240,10.0,0.07918436493822778,0.4666666666666667
1014,000565,渝三峡Ａ,2026-07-14,2026-07-14,518,0.002181912068497804,0.3333333333333333,120,10.0,0.04757475666189557,0.5166666666666667,0.03211314821757667,0.4166666666666667,120,1.0,0.07005722414304305,0.48333333333333334
1015,603601,再升科技,2026-07-14,2026-07-14,518,0.002179364154280477,0.35,180,10.0,0.11405514992406736,0.5166666666666667,-0.0008240515751318095,0.21666666666666667,180,0.1,0.1304443402895215,0.7166666666666667
1016,600104,上汽集团,2026-07-14,2026-07-14,518,0.002171310322147735,0.25,120,10.0,0.02452569630474063,0.8166666666666667,-0.0026570892537002774,0.2833333333333333,120,10.0,0.039581577432435476,0.95
1017,001309,德明利,2026-07-14,2026-07-14,518,0.002072822696855346,0.5,180,0.1,0.09922609955661296,0.6833333333333333,0.10633578888854688,0.7333333333333333,120,0.1,0.16461383885792247,0.6833333333333333
1018,600936,北投科技,2026-07-14,2026-07-14,518,0.002043526525391627,0.6,120,10.0,0.07660687484522986,0.6333333333333333,0.04459505970268448,0.7833333333333333,180,0.1,0.1072199265435751,0.6833333333333333
1019,000011,深物业A,2026-07-14,2026-07-14,518,0.0020369656286629376,0.3333333333333333,120,1.0,0.029532155423705055,0.6333333333333333,-0.01152592429570221,0.15,120,10.0,0.035841432574118294,0.7
1020,603766,隆鑫通用,2026-07-14,2026-07-14,518,0.0020218189956128663,0.35,120,10.0,0.04305272106471256,0.5833333333333334,0.057895171032240414,0.6666666666666666,120,10.0,0.05658186977039613,0.6666666666666666
1021,002374,中锐股份,2026-07-14,2026-07-14,518,0.0020213276506525117,0.43333333333333335,180,0.1,0.05164554117859006,0.7,-0.005484822075347539,0.2833333333333333,180,0.1,0.06698007745038839,0.7
1022,600058,五矿发展,2026-07-14,2026-07-14,508,0.0020146858536011806,0.3333333333333333,240,10.0,0.05914733017733013,0.4166666666666667,-0.005575925987790973,0.2833333333333333,240,10.0,0.09325914644593407,0.48333333333333334
1023,603057,紫燕食品,2026-07-14,2026-07-14,518,0.0019372914149483145,0.4166666666666667,240,10.0,0.047844561257636684,0.55,0.0005583935024631257,0.45,240,10.0,0.05950933460889477,0.6166666666666667
1024,601918,新集能源,2026-07-14,2026-07-14,518,0.0018686954628612008,0.5833333333333334,120,0.1,0.05793078306392627,0.7833333333333333,0.028977052068421175,0.7833333333333333,120,10.0,0.07280854901510159,0.8
1025,002210,飞马国际,2026-07-14,2026-07-14,518,0.0018404597035241235,0.45,120,10.0,0.06551796698679342,0.6833333333333333,0.03288356677760799,0.6166666666666667,120,10.0,0.08379041070443351,0.7333333333333333
1026,001324,长青科技,2026-07-14,2026-07-14,518,0.0018211754440204601,0.6333333333333333,120,10.0,0.03241794873933526,0.6666666666666666,-0.012344058582911599,0.4666666666666667,120,10.0,0.04047625343059436,0.8333333333333334
1027,600640,国脉文化,2026-07-14,2026-07-14,518,0.0017675074844468903,0.48333333333333334,120,10.0,0.03110796191255535,0.8,0.02660606201065494,0.55,120,10.0,0.04484404468032909,0.8
1028,002548,金新农,2026-07-14,2026-07-14,518,0.0017171478576998855,0.31666666666666665,120,10.0,0.05343249310232079,0.5166666666666667,0.016919645622775696,0.48333333333333334,120,10.0,0.06469845086342381,0.6666666666666666
1029,603059,倍加洁,2026-07-14,2026-07-14,518,0.0017007974650849675,0.26666666666666666,120,10.0,0.05269969938297544,0.3,0.0033078020688687452,0.31666666666666665,240,0.1,0.07341680702506446,0.55
1030,603162,海通发展,2026-07-14,2026-07-14,518,0.0016711641314751868,0.38333333333333336,240,10.0,0.1073483955053305,0.45,-0.12277529331371168,0.15,120,0.1,0.13326617650632544,0.7666666666666667
1031,601956,东贝集团,2026-07-14,2026-07-14,518,0.0016585350907522365,0.2,180,10.0,0.03847673881760676,0.6,-0.013001776171946231,0.16666666666666666,120,10.0,0.05699380378565646,0.6166666666666667
1032,000415,渤海租赁,2026-07-14,2026-07-14,518,0.001612658474220922,0.43333333333333335,120,1.0,0.05051877817229831,0.5833333333333334,-0.016270759230829927,0.38333333333333336,240,10.0,0.05613096070193144,0.5166666666666667
1033,600119,长江投资,2026-07-14,2026-07-14,517,0.001594531341355107,0.4666666666666667,120,10.0,0.041973118076096584,0.6333333333333333,0.04288141040419929,0.7166666666666667,120,0.1,0.05274929926006256,0.7166666666666667
1034,603879,永悦科技,2026-07-14,2026-07-14,517,0.0015035003646525665,0.38333333333333336,240,10.0,0.04684197928885595,0.6,-0.017959961350789026,0.31666666666666665,120,10.0,0.07110633375089152,0.5833333333333334
1035,603041,美思德,2026-07-14,2026-07-14,518,0.0014886179517508112,0.38333333333333336,120,1.0,0.030434118735617622,0.7166666666666667,0.011390338517613268,0.48333333333333334,120,0.1,0.03906325072991738,0.8
1036,605005,合兴股份,2026-07-14,2026-07-14,518,0.0013799147825021485,0.31666666666666665,180,10.0,0.03472446439440143,0.5333333333333333,0.006180411280715534,0.4,180,10.0,0.050366021307151024,0.6666666666666666
1037,600054,黄山旅游,2026-07-14,2026-07-14,518,0.0013669975772783558,0.5833333333333334,120,10.0,0.02025020533307654,0.6833333333333333,0.010426837877404803,0.6333333333333333,120,10.0,0.022792248923415366,0.7
1038,601018,宁波港,2026-07-14,2026-07-14,518,0.0013050482608989462,0.4,180,10.0,0.021964066927065724,0.6166666666666667,0.00275867559869374,0.4666666666666667,180,10.0,0.030062305440489687,0.6666666666666666
1039,603311,金海高科,2026-07-14,2026-07-14,513,0.001303238341114267,0.4166666666666667,120,0.1,0.09998829448379266,0.75,0.019279328932615934,0.6166666666666667,120,0.1,0.12870128291887667,0.8666666666666667
1040,603100,川仪股份,2026-07-14,2026-07-14,518,0.001270485468909668,0.36666666666666664,120,10.0,0.040070189371864365,0.6,-0.009590807199511164,0.36666666666666664,240,10.0,0.05226682326910052,0.45
1041,600155,华创云信,2026-07-14,2026-07-14,518,0.001184129624476368,0.5,240,10.0,0.030227777473297485,0.7,0.0018541674658043988,0.5833333333333334,180,10.0,0.033720598026953964,0.7166666666666667
1042,600153,建发股份,2026-07-14,2026-07-14,518,0.001172562616040367,0.5666666666666667,180,10.0,0.03902436025854219,0.7166666666666667,0.037518853605910826,0.85,180,0.1,0.051117114155516265,0.6666666666666666
1043,600883,博闻科技,2026-07-14,2026-07-14,518,0.0011495967428417153,0.4166666666666667,120,10.0,0.03275651476420159,0.75,0.060245511992551494,0.8,120,1.0,0.04461571632814627,0.7833333333333333
1044,600312,平高电气,2026-07-14,2026-07-14,518,0.0011427841940723302,0.31666666666666665,240,10.0,0.04923601755333886,0.4166666666666667,0.014157834611334621,0.3333333333333333,180,10.0,0.07295555560909822,0.45
1045,000670,盈方微,2026-07-14,2026-07-14,508,0.0010753670129657685,0.45,240,10.0,0.05802611682865966,0.7,-0.05334714896625538,0.35,240,1.0,0.06843871986516246,0.75
1046,600926,杭州银行,2026-07-14,2026-07-14,518,0.0010407129069220536,0.36666666666666664,240,10.0,0.025301000490583085,0.4,-0.028660087697582853,0.08333333333333333,120,0.1,0.02950132798807782,0.7166666666666667
1047,603279,景津装备,2026-07-14,2026-07-14,518,0.0009782621448959292,0.31666666666666665,120,10.0,0.05378971804362547,0.45,0.009366504245317712,0.25,120,10.0,0.07846721315757937,0.5166666666666667
1048,603998,方盛制药,2026-07-14,2026-07-14,518,0.0009623870570464469,0.35,120,10.0,0.031481019879718096,0.4666666666666667,-0.02096704616648459,0.18333333333333332,120,10.0,0.04667887586750153,0.5666666666666667
1049,000157,中联重科,2026-07-14,2026-07-14,518,0.0009553044538511543,0.43333333333333335,120,10.0,0.03381566840609742,0.5666666666666667,0.0028987234637936777,0.38333333333333336,120,10.0,0.04371491232730408,0.55
1050,600761,安徽合力,2026-07-14,2026-07-14,518,0.0009275538116641198,0.38333333333333336,180,1.0,0.04245919563472014,0.5833333333333334,0.0007364869621561375,0.31666666666666665,180,10.0,0.06143322949630591,0.5
1051,603015,弘讯科技,2026-07-14,2026-07-14,518,0.0008839653143254494,0.36666666666666664,180,10.0,0.05601058401204218,0.5,-0.028438660504877308,0.15,120,10.0,0.06113322451885438,0.5833333333333334
1052,603048,浙江黎明,2026-07-14,2026-07-14,518,0.0008453986930931088,0.36666666666666664,120,10.0,0.04894634819496542,0.5833333333333334,0.017392974375591494,0.4666666666666667,120,10.0,0.06373360961277132,0.4666666666666667
1053,002931,锋龙股份,2026-07-14,2026-07-14,501,0.0008317930324498804,0.3,240,0.1,0.14500908649216235,0.48333333333333334,-0.05009609494890474,0.18333333333333332,240,10.0,0.23111203587625403,0.43333333333333335
1054,002721,金一文化,2026-07-14,2026-07-14,516,0.000796688059261445,0.23333333333333334,120,10.0,0.03978433670396369,0.6333333333333333,0.008531141640477538,0.35,120,10.0,0.05603173326164879,0.7
1055,001228,永泰运,2026-07-14,2026-07-14,518,0.0007795294516358187,0.3333333333333333,120,10.0,0.0504363883400979,0.48333333333333334,0.02378648639376911,0.43333333333333335,240,10.0,0.07649766361529942,0.3333333333333333
1056,600635,大众公用,2026-07-14,2026-07-14,518,0.0007626838453889881,0.55,120,0.1,0.024304360561998344,0.7333333333333333,-0.02861356452995774,0.23333333333333334,120,0.1,0.031925108480141934,0.6666666666666666
1057,002488,金固股份,2026-07-14,2026-07-14,518,0.000649257691010402,0.3333333333333333,240,10.0,0.05771051444848281,0.43333333333333335,-0.010251457017219816,0.18333333333333332,240,10.0,0.07643604997421376,0.45
1058,001299,美能能源,2026-07-14,2026-07-14,518,0.0006246839564019889,0.3333333333333333,180,10.0,0.06787866415002622,0.6833333333333333,0.0029424036905518545,0.25,240,10.0,0.09050181726923352,0.6833333333333333
1059,600694,大商股份,2026-07-14,2026-07-14,518,0.0006232784569448575,0.45,240,10.0,0.03995688589383506,0.5666666666666667,0.035716914615646446,0.6333333333333333,240,10.0,0.05722033267941531,0.8833333333333333
1060,603333,尚纬股份,2026-07-14,2026-07-14,518,0.0006158651215300642,0.5666666666666667,240,0.1,0.049714114293307944,0.5666666666666667,0.08659401356214633,1.0,180,1.0,0.056272695206551294,0.7666666666666667
1061,605088,冠盛股份,2026-07-14,2026-07-14,518,0.0006149806431654872,0.4,180,0.1,0.04060218518123398,0.7333333333333333,-0.04135409787348304,0.21666666666666667,120,0.1,0.04509480349668231,0.7166666666666667
1062,605180,华生科技,2026-07-14,2026-07-14,518,0.000578735959140363,0.45,120,10.0,0.04652335413385094,0.5666666666666667,0.0374249508403989,0.55,120,1.0,0.05911402611941026,0.6333333333333333
1063,601919,中远海控,2026-07-14,2026-07-14,518,0.0005327581402495882,0.3333333333333333,240,10.0,0.026607536446985762,0.48333333333333334,0.010575725507818795,0.3,180,10.0,0.03675979809391017,0.5833333333333334
1064,002786,银宝山新,2026-07-14,2026-07-14,518,0.0005047180377727974,0.6833333333333333,120,10.0,0.05008762402675598,0.5833333333333334,-0.008401725048185775,0.65,120,10.0,0.06190878069709739,0.7666666666666667
1065,600812,华北制药,2026-07-14,2026-07-14,518,0.0005022769228836838,0.36666666666666664,240,0.1,0.030704618739916874,0.5833333333333334,0.007586634635489368,0.5166666666666667,120,1.0,0.04438750569099805,0.6833333333333333
1066,002545,东方铁塔,2026-07-14,2026-07-14,518,0.0004913110689700722,0.2833333333333333,120,10.0,0.05665624076425168,0.6166666666666667,0.0003230900325220951,0.23333333333333334,120,10.0,0.08719088273216723,0.6666666666666666
1067,600415,小商品城,2026-07-14,2026-07-14,518,0.0004905208059345738,0.4166666666666667,120,10.0,0.04328337038916615,0.6333333333333333,-0.033956474710605936,0.25,120,1.0,0.04145317677757634,0.8166666666666667
1068,002979,雷赛智能,2026-07-14,2026-07-14,518,0.00046562018010556754,0.6333333333333333,240,0.1,0.09302906914228658,0.55,-0.012499299400257773,0.75,180,0.1,0.15703468311565683,0.65
1069,603123,翠微股份,2026-07-14,2026-07-14,518,0.00044773782805677606,0.25,180,10.0,0.06388902780554315,0.38333333333333336,-0.028787918396423858,0.16666666666666666,180,0.1,0.10524652532922611,0.4
1070,600015,华夏银行,2026-07-14,2026-07-14,518,0.0004134757214934282,0.48333333333333334,180,10.0,0.023691414653082155,0.5833333333333334,0.013584544731823262,0.5333333333333333,240,10.0,0.0311108299236978,0.6666666666666666
1071,002712,思美传媒,2026-07-14,2026-07-14,518,0.00039455339555280293,0.26666666666666666,180,10.0,0.03482400206984617,0.65,0.03221029265539023,0.3333333333333333,180,10.0,0.0718335185440195,0.5333333333333333
1072,600713,南京医药,2026-07-14,2026-07-14,518,0.00037480022674897214,0.15,240,10.0,0.035429175070727306,0.38333333333333336,-0.003856036822712549,0.11666666666666667,240,10.0,0.05510203961092418,0.4
1073,002703,浙江世宝,2026-07-14,2026-07-14,518,0.00033815698379353366,0.31666666666666665,240,10.0,0.07909553358249344,0.5833333333333334,0.02681579326055751,0.36666666666666664,240,10.0,0.11629735044735591,0.48333333333333334
1074,600894,广日股份,2026-07-14,2026-07-14,518,0.00031036820951375367,0.18333333333333332,180,10.0,0.0408600270528138,0.5166666666666667,-0.006454936560502493,0.06666666666666667,180,10.0,0.05676605417100953,0.5333333333333333
1075,002026,山东威达,2026-07-14,2026-07-14,518,0.00030369953742132375,0.2833333333333333,120,10.0,0.0299038821001813,0.7666666666666667,-0.03715624063529376,0.016666666666666666,120,10.0,0.03459364436795017,0.75
1076,002737,葵花药业,2026-07-14,2026-07-14,518,0.0002469525715306821,0.5333333333333333,120,10.0,0.034635810402557005,0.5666666666666667,-0.029380159593679067,0.36666666666666664,240,10.0,0.04988429064597651,0.55
1077,605006,山东玻纤,2026-07-14,2026-07-14,518,0.00024034698065807797,0.5166666666666667,120,10.0,0.13132455578764202,0.5666666666666667,0.31763443423062343,0.95,120,1.0,0.1525437295843038,0.7166666666666667
1078,002145,钛能化学,2026-07-14,2026-07-14,518,0.00021707597771579196,0.5,240,10.0,0.04089261519673072,0.5166666666666667,-0.06603949437873968,0.18333333333333332,120,10.0,0.0511328320318434,0.4666666666666667
1079,600048,保利发展,2026-07-14,2026-07-14,518,0.00020592078913623385,0.4166666666666667,240,10.0,0.03825320857908512,0.6166666666666667,0.03549293337052874,0.5666666666666667,240,0.1,0.05549583996058004,0.6833333333333333
1080,002020,京新药业,2026-07-14,2026-07-14,518,0.00020478644597265658,0.3,120,10.0,0.04254912982996093,0.55,0.07936607979452218,0.9,120,10.0,0.06633379100399063,0.7166666666666667
1081,002780,三夫户外,2026-07-14,2026-07-14,518,0.00019389454197673173,0.21666666666666667,120,10.0,0.04282775178838659,0.6333333333333333,0.026335170764376165,0.3333333333333333,120,1.0,0.06114674732482038,0.6166666666666667
1082,600768,宁波富邦,2026-07-14,2026-07-14,518,0.00016578741866747366,0.3333333333333333,120,10.0,0.04599846597224003,0.5,-0.009512451380213033,0.25,120,10.0,0.06335639892496743,0.45
1083,600739,辽宁成大,2026-07-14,2026-07-14,518,0.00013465023748707606,0.38333333333333336,240,0.1,0.02755098641987479,0.5666666666666667,0.02945558954215015,0.5166666666666667,120,10.0,0.03574896629196511,0.8
1084,600884,杉杉股份,2026-07-14,2026-07-14,518,8.604433922587088e-05,0.26666666666666666,240,0.1,0.060997041240008376,0.5,0.0001518872342495224,0.2833333333333333,240,0.1,0.0788684749275581,0.5166666666666667
1085,600007,中国国贸,2026-07-14,2026-07-14,518,3.8105641462962366e-05,0.6,240,10.0,0.02981067053677513,0.5333333333333333,-0.006587853131196888,0.45,240,0.1,0.037808323569296115,0.6
1086,600379,宝光股份,2026-07-14,2026-07-14,518,2.625024258327488e-05,0.5166666666666667,180,10.0,0.10754605444036006,0.55,0.14395026988426862,0.9666666666666667,180,0.1,0.14550848279437703,0.7333333333333333
1087,600135,乐凯胶片,2026-07-14,2026-07-14,518,-4.3392312866354305e-05,0.2833333333333333,240,10.0,0.0733588290388508,0.4,0.007994212842607562,0.23333333333333334,240,10.0,0.10400681418150863,0.38333333333333336
1088,600690,海尔智家,2026-07-14,2026-07-14,518,-5.9427079716365804e-05,0.5666666666666667,240,10.0,0.025575205889121055,0.5666666666666667,0.019711347591480716,0.8833333333333333,240,10.0,0.028986913908331677,0.7333333333333333
1089,002554,惠博普,2026-07-14,2026-07-14,514,-7.665403598230373e-05,0.21666666666666667,120,10.0,0.04671949200858415,0.31666666666666665,0.006251444063293218,0.11666666666666667,120,10.0,0.08023148479037932,0.3
1090,601999,出版传媒,2026-07-14,2026-07-14,518,-0.00013058246154912115,0.15,240,10.0,0.045027258590639656,0.31666666666666665,0.008704007190964362,0.2,240,10.0,0.06707802503507275,0.4
1091,603839,安正时尚,2026-07-14,2026-07-14,518,-0.0001791240922967008,0.5166666666666667,120,10.0,0.02458673487566486,0.8,0.060952700348263444,0.9333333333333333,120,1.0,0.03494848171906917,0.8166666666666667
1092,605377,华旺科技,2026-07-14,2026-07-14,518,-0.00023315388635554348,0.5166666666666667,240,1.0,0.04011454750049829,0.7,-0.06421716541121332,0.2,240,10.0,0.06680350624053513,0.65
1093,600508,上海能源,2026-07-14,2026-07-14,518,-0.0002446478630512682,0.5666666666666667,120,10.0,0.07694901066195091,0.65,-0.8264822644080544,0.0,120,0.1,0.10351474675132127,0.5333333333333333
1094,601577,长沙银行,2026-07-14,2026-07-14,518,-0.00028258234645121643,0.4,120,10.0,0.020631416507900353,0.8,-0.024135565087802697,0.1,120,10.0,0.02729204255615343,0.7
1095,603111,康尼机电,2026-07-14,2026-07-14,518,-0.0002891618405857317,0.31666666666666665,120,10.0,0.022292200392226905,0.65,0.02028199845441824,0.5,120,1.0,0.031638864235413164,0.8166666666666667
1096,603025,大豪科技,2026-07-14,2026-07-14,518,-0.000435993826621503,0.5,120,10.0,0.04936553146010589,0.65,0.012403970948385183,0.6833333333333333,120,10.0,0.05983108348389031,0.7833333333333333
1097,002867,周大生,2026-07-14,2026-07-14,518,-0.00045926546292567776,0.48333333333333334,240,10.0,0.026764708857195722,0.6666666666666666,-0.007969061915476689,0.5,240,0.1,0.030452853366760672,0.7833333333333333
1098,600816,建元信托,2026-07-14,2026-07-14,518,-0.0004660110871862284,0.4666666666666667,120,1.0,0.03617534264961597,0.75,0.04542348025536731,0.9166666666666666,120,1.0,0.051119063742110255,0.8833333333333333
1099,603909,建发合诚,2026-07-14,2026-07-14,518,-0.0004905069018012794,0.2,120,10.0,0.05558269618387709,0.45,0.08494138787446366,0.65,120,1.0,0.07935383904849186,0.5333333333333333
1100,600785,新华百货,2026-07-14,2026-07-14,518,-0.0005227012100588813,0.36666666666666664,180,10.0,0.07117363950849062,0.4666666666666667,0.12731868531527465,0.7166666666666667,240,0.1,0.10116899733410273,0.6333333333333333
1101,000679,大连友谊,2026-07-14,2026-07-14,518,-0.000610118385876485,0.45,120,10.0,0.04623458097816925,0.6166666666666667,0.03009371852582195,0.7,180,10.0,0.04996516120519978,0.75
1102,002736,国信证券,2026-07-14,2026-07-14,508,-0.0006242022854957465,0.38333333333333336,240,10.0,0.028026734363281288,0.6,-0.019541226478830328,0.23333333333333334,120,10.0,0.03626428295108042,0.5833333333333334
1103,001366,播恩集团,2026-07-14,2026-07-14,518,-0.0006327217670332209,0.45,120,10.0,0.04906343731809647,0.7,0.23759030057342495,1.0,120,0.1,0.06697936669008861,0.6833333333333333
1104,000612,焦作万方,2026-07-14,2026-07-14,508,-0.0006403487533155937,0.2,240,10.0,0.05850663656669872,0.4166666666666667,0.007839825216480613,0.21666666666666667,240,10.0,0.09510561957443738,0.36666666666666664
1105,600067,冠城新材,2026-07-14,2026-07-14,518,-0.0006793474739986184,0.23333333333333334,120,10.0,0.06566767700627565,0.55,0.037132448638263385,0.36666666666666664,120,10.0,0.08339430746686777,0.6833333333333333
1106,603599,广信股份,2026-07-14,2026-07-14,518,-0.0006830711954421828,0.38333333333333336,120,10.0,0.042178897057106056,0.7666666666666667,-0.05037743022718952,0.06666666666666667,240,10.0,0.057745570675396866,0.7666666666666667
1107,000963,华东医药,2026-07-14,2026-07-14,518,-0.00072056938874624,0.16666666666666666,180,10.0,0.03659112550695328,0.5,0.02617966739682539,0.3333333333333333,180,1.0,0.04143383031819543,0.65
1108,000420,吉林化纤,2026-07-14,2026-07-14,518,-0.0007412796047312142,0.18333333333333332,240,10.0,0.05532211909719132,0.43333333333333335,0.00734106225283479,0.26666666666666666,180,0.1,0.07713729639865266,0.48333333333333334
1109,601728,中国电信,2026-07-14,2026-07-14,518,-0.0007754368245571717,0.6166666666666667,240,0.1,0.037901130890876246,0.6833333333333333,0.0065155650741766605,0.6666666666666666,240,1.0,0.05125815715836367,0.65
1110,603306,华懋科技,2026-07-14,2026-07-14,508,-0.0008560909097513163,0.38333333333333336,240,0.1,0.06683210768875837,0.65,0.1608926947591207,0.8666666666666667,240,1.0,0.10013039486397134,0.7
1111,600825,新华传媒,2026-07-14,2026-07-14,518,-0.0008724161396233675,0.31666666666666665,240,10.0,0.042476441757982035,0.45,0.008846636468883357,0.25,180,10.0,0.05835656905860081,0.35
1112,603208,江山欧派,2026-07-14,2026-07-14,518,-0.0009139767846337386,0.5666666666666667,120,1.0,0.021910091143306373,0.8,0.0018972017867298699,0.55,120,1.0,0.034091923188978,0.85
1113,603717,天域生物,2026-07-14,2026-07-14,518,-0.0009263234458295752,0.48333333333333334,120,10.0,0.046445754953357496,0.6333333333333333,0.03990000692326362,0.8833333333333333,120,10.0,0.05768693878473903,0.6
1114,603323,苏农银行,2026-07-14,2026-07-14,518,-0.000959110784561009,0.4666666666666667,120,10.0,0.03176257175381735,0.55,-0.04864263170625526,0.03333333333333333,120,10.0,0.04000274509087489,0.6166666666666667
1115,601336,新华保险,2026-07-14,2026-07-14,518,-0.0009755952021397018,0.48333333333333334,120,10.0,0.04117234501906334,0.5166666666666667,-0.010655476263924575,0.43333333333333335,120,10.0,0.06583156539574955,0.4666666666666667
1116,603040,新坐标,2026-07-14,2026-07-14,518,-0.0010315410069291777,0.4,180,10.0,0.09005660914631523,0.5333333333333333,0.03937235546453107,0.4666666666666667,180,0.1,0.11163567999662709,0.5333333333333333
1117,002883,中设股份,2026-07-14,2026-07-14,517,-0.0012145472773737905,0.55,120,10.0,0.025524229264202444,0.75,-0.011829948531647424,0.31666666666666665,180,10.0,0.02694831837662246,0.7666666666666667
1118,002426,胜利精密,2026-07-14,2026-07-14,518,-0.0012302074751172208,0.4166666666666667,240,0.1,0.058040092053839226,0.6,0.031848109650871315,0.5666666666666667,240,0.1,0.06580490705158072,0.7166666666666667
1119,603917,合力科技,2026-07-14,2026-07-14,518,-0.0012481030877566643,0.45,120,10.0,0.033239448884191364,0.6166666666666667,-0.031550668924074474,0.31666666666666665,120,10.0,0.04930870927073135,0.5
1120,603968,醋化股份,2026-07-14,2026-07-14,518,-0.0013436653720499368,0.35,120,10.0,0.049157277287995134,0.48333333333333334,-0.023740361580023704,0.3,120,10.0,0.06021972386068595,0.6333333333333333
1121,002438,江苏神通,2026-07-14,2026-07-14,518,-0.0014068881401636387,0.23333333333333334,120,0.1,0.042744475154317695,0.5833333333333334,-0.034572375533473206,0.016666666666666666,180,1.0,0.03979379851743053,0.8166666666666667
1122,603016,新宏泰,2026-07-14,2026-07-14,518,-0.0014286429950008056,0.16666666666666666,180,10.0,0.09118116043799578,0.48333333333333334,0.028790360338796707,0.16666666666666666,180,10.0,0.13942219019869426,0.4
1123,002591,恒大高新,2026-07-14,2026-07-14,518,-0.0015659651377686978,0.35,120,10.0,0.05136448535661035,0.7,0.058756965585786386,0.65,120,10.0,0.08129775026699898,0.85
1124,001288,运机集团,2026-07-14,2026-07-14,518,-0.0015757410202583734,0.38333333333333336,240,10.0,0.05731468764806381,0.5166666666666667,0.03170783857658287,0.55,120,10.0,0.0685115636027091,0.5166666666666667
1125,600227,赤天化,2026-07-14,2026-07-14,518,-0.0015885779296596833,0.21666666666666667,120,10.0,0.078157436015916,0.3,0.0202986788293665,0.3,240,10.0,0.11472323876722007,0.3
1126,603350,安乃达,2026-07-14,2026-07-14,492,-0.0015992732222720593,0.2833333333333333,180,10.0,0.03555629477220141,0.55,0.035557984785198574,0.6833333333333333,120,10.0,0.0481953637326049,0.7
1127,600649,城投控股,2026-07-14,2026-07-14,518,-0.001616138135745973,0.3333333333333333,120,10.0,0.030665656828102586,0.6333333333333333,0.004780077516202463,0.31666666666666665,120,10.0,0.041605510350553127,0.5833333333333334
1128,601208,东材科技,2026-07-14,2026-07-14,518,-0.0016767079552498787,0.5833333333333334,240,10.0,0.09870116086572979,0.6166666666666667,0.11521347545895287,0.8833333333333333,240,10.0,0.14009811068533173,0.9166666666666666
1129,605580,恒盛能源,2026-07-14,2026-07-14,518,-0.0017118566035763587,0.5333333333333333,180,10.0,0.0985549191039812,0.5666666666666667,0.03614287407096164,0.7,240,10.0,0.12481860939030578,0.6
1130,000572,海马汽车,2026-07-14,2026-07-14,518,-0.0017238153022264557,0.26666666666666666,180,10.0,0.036474696137643085,0.7333333333333333,0.042797317688958655,0.6,120,0.1,0.042250258223039225,0.9166666666666666
1131,000831,中国稀土,2026-07-14,2026-07-14,518,-0.0018008585036675337,0.38333333333333336,120,1.0,0.05824631105274044,0.7,0.06430255096037416,0.8166666666666667,120,10.0,0.06751937882657678,0.7666666666666667
1132,600528,中铁工业,2026-07-14,2026-07-14,518,-0.0018528110373280263,0.3,240,10.0,0.023855837210043532,0.48333333333333334,-0.004333072011640008,0.25,240,10.0,0.03176943278023983,0.65
1133,002037,保利联合,2026-07-14,2026-07-14,518,-0.0018747729406357674,0.25,120,1.0,0.028670163785072828,0.7,0.05150514340607644,0.6166666666666667,120,0.1,0.047575857388138,0.7333333333333333
1134,000778,新兴铸管,2026-07-14,2026-07-14,518,-0.001981960509073945,0.23333333333333334,240,10.0,0.0294190344190003,0.6,-0.011570052346051886,0.15,120,10.0,0.0372165293038753,0.7
1135,002992,宝明科技,2026-07-14,2026-07-14,518,-0.0020433678019560458,0.4,180,10.0,0.04152765442803304,0.8,-0.01090611954771647,0.4166666666666667,180,0.1,0.056424706320903385,0.75
1136,601628,中国人寿,2026-07-14,2026-07-14,518,-0.002065908210709882,0.4666666666666667,180,10.0,0.03485396372906346,0.5833333333333334,-0.024690828094660517,0.43333333333333335,240,10.0,0.06221591945889766,0.36666666666666664
1137,000926,福星股份,2026-07-14,2026-07-14,518,-0.0020697140299274844,0.5833333333333334,180,10.0,0.046486368620495495,0.75,-0.028531330066863304,0.5,240,10.0,0.05831663049344371,0.7333333333333333
1138,002662,峰璟股份,2026-07-14,2026-07-14,518,-0.0020899084892918897,0.35,120,0.1,0.04767389962943898,0.6333333333333333,0.009826905343458607,0.36666666666666664,120,0.1,0.06751225501648449,0.6
1139,001326,联域股份,2026-07-14,2026-07-14,518,-0.002098926644727454,0.4,180,10.0,0.06995772329661469,0.6166666666666667,0.019257277840963666,0.5166666666666667,180,10.0,0.06610504495757437,0.7333333333333333
1140,002352,顺丰控股,2026-07-14,2026-07-14,518,-0.002108062244612889,0.4,180,10.0,0.020823164989080916,0.7,-0.02877657338526065,0.18333333333333332,180,0.1,0.02792759901098457,0.7333333333333333
1141,603456,九洲药业,2026-07-14,2026-07-14,518,-0.002125919203431458,0.43333333333333335,240,10.0,0.05198628545510401,0.4666666666666667,-0.22024759541450006,0.0,120,10.0,0.07436884037183109,0.5833333333333334
1142,002427,尤夫股份,2026-07-14,2026-07-14,518,-0.002127761497362917,0.15,240,10.0,0.06275688204438433,0.5166666666666667,0.04125842576632858,0.35,240,10.0,0.08831270430874288,0.6833333333333333
1143,002792,通宇通讯,2026-07-14,2026-07-14,518,-0.0021278661851977937,0.23333333333333334,120,1.0,0.08451678155996407,0.55,0.007305803124785324,0.26666666666666666,120,10.0,0.11313729099163303,0.6
1144,603080,新疆火炬,2026-07-14,2026-07-14,518,-0.002149603034435967,0.4,120,10.0,0.03169742634838296,0.65,0.003902824192261293,0.43333333333333335,120,10.0,0.04587964470931892,0.6833333333333333
1145,003009,中天火箭,2026-07-14,2026-07-14,518,-0.0021695219225295447,0.5333333333333333,180,10.0,0.0729677845590989,0.5333333333333333,0.01845994878239881,0.6166666666666667,180,10.0,0.0785984276445734,0.65
1146,603866,桃李面包,2026-07-14,2026-07-14,518,-0.002234169232667456,0.3333333333333333,120,10.0,0.029091417613164965,0.48333333333333334,0.033625795665864225,0.5833333333333334,120,10.0,0.04494220927451261,0.7333333333333333
1147,600222,太龙药业,2026-07-14,2026-07-14,513,-0.002246539979800153,0.5166666666666667,120,0.1,0.043591701693307436,0.65,-0.04053422378647537,0.2833333333333333,120,0.1,0.04540893691814928,0.7
1148,002932,明德生物,2026-07-14,2026-07-14,517,-0.002318882196502778,0.2,240,10.0,0.028117209180391362,0.5333333333333333,-0.01735311555746233,0.13333333333333333,240,10.0,0.039605254740951,0.5166666666666667
1149,003042,中农联合,2026-07-14,2026-07-14,518,-0.0024453163306944357,0.16666666666666666,120,10.0,0.05033077188103978,0.5166666666666667,-0.01234832269084278,0.06666666666666667,120,10.0,0.07398401211783276,0.48333333333333334
1150,600196,复星医药,2026-07-14,2026-07-14,518,-0.00251261041801669,0.25,180,10.0,0.024767375315168375,0.6333333333333333,-0.022110576919007932,0.13333333333333333,120,0.1,0.03272618455264244,0.7166666666666667
1151,000561,烽火电子,2026-07-14,2026-07-14,518,-0.0025139589071449635,0.31666666666666665,120,10.0,0.042644011425093754,0.48333333333333334,-0.01820286249746233,0.13333333333333333,120,10.0,0.04711594730676339,0.7166666666666667
1152,002818,富森美,2026-07-14,2026-07-14,518,-0.0025266922009428957,0.55,240,10.0,0.027774491574786928,0.6333333333333333,0.00013605625377007425,0.5,240,10.0,0.033742246201898404,0.7166666666666667
1153,002659,凯文教育,2026-07-14,2026-07-14,518,-0.002529840513830192,0.2833333333333333,120,0.1,0.0351446914916829,0.6166666666666667,-0.04766659131751837,0.08333333333333333,120,10.0,0.06587398388187411,0.5666666666666667
1154,600993,马应龙,2026-07-14,2026-07-14,518,-0.0025583753066026485,0.3333333333333333,120,1.0,0.027933887824319166,0.5166666666666667,-0.10419074104194599,0.0,120,0.1,0.03756220603786832,0.5333333333333333
1155,002766,索菱股份,2026-07-14,2026-07-14,518,-0.002597430793777295,0.31666666666666665,240,0.1,0.05138291369526645,0.5333333333333333,-0.005668924706186046,0.23333333333333334,180,1.0,0.07717702036883499,0.5666666666666667
1156,605258,协和电子,2026-07-14,2026-07-14,518,-0.0026038553687026695,0.4,240,0.1,0.06119721049354891,0.5,0.08584978033929806,0.7333333333333333,120,10.0,0.0771700176969841,0.5333333333333333
1157,600064,南京高科,2026-07-14,2026-07-14,518,-0.002637499070498546,0.35,240,1.0,0.027268552324719867,0.7333333333333333,0.01231124016519779,0.5,180,10.0,0.02929493740812045,0.6166666666666667
1158,002775,文科股份,2026-07-14,2026-07-14,518,-0.002643982664147509,0.35,120,1.0,0.04050926437267469,0.5833333333333334,0.007899871340240644,0.35,120,10.0,0.05269743348424384,0.6833333333333333
1159,600149,廊坊发展,2026-07-14,2026-07-14,518,-0.0026587333292457504,0.26666666666666666,240,10.0,0.04711994012955091,0.45,0.0027557884683426462,0.3,240,10.0,0.07598740484042764,0.5833333333333334
1160,603888,新华网,2026-07-14,2026-07-14,518,-0.0026600707516807893,0.2,240,10.0,0.03779920313328131,0.5666666666666667,-0.0060966134720252885,0.16666666666666666,240,10.0,0.048075304602190685,0.6333333333333333
1161,600010,包钢股份,2026-07-14,2026-07-14,518,-0.0026892000609522863,0.21666666666666667,240,1.0,0.04800817702616335,0.36666666666666664,-0.027889922884549043,0.016666666666666666,240,0.1,0.07539911806682514,0.2833333333333333
1162,603600,永艺股份,2026-07-14,2026-07-14,518,-0.00273148286079638,0.25,120,10.0,0.03419099769709942,0.8166666666666667,0.0069081277041283425,0.35,120,10.0,0.0511582632231622,0.7666666666666667
1163,600148,长春一东,2026-07-14,2026-07-14,518,-0.0027341724972289264,0.38333333333333336,120,10.0,0.030276287198104945,0.7333333333333333,0.05141478822313605,0.7666666666666667,120,1.0,0.03641565748977279,0.7833333333333333
1164,000408,藏格矿业,2026-07-14,2026-07-14,513,-0.002763109975549594,0.2833333333333333,120,10.0,0.040360210121826404,0.5666666666666667,0.012248240373822137,0.26666666666666666,120,10.0,0.06345185287611724,0.5666666666666667
1165,000800,一汽解放,2026-07-14,2026-07-14,518,-0.0027786505144184346,0.2833333333333333,240,10.0,0.028663397441807074,0.4666666666666667,-0.005313398378420729,0.21666666666666667,120,10.0,0.04019568083846207,0.5666666666666667
1166,600308,华泰股份,2026-07-14,2026-07-14,518,-0.0027960843442527954,0.2833333333333333,120,10.0,0.03801842526485501,0.38333333333333336,-0.022775368178903885,0.15,120,10.0,0.05499059123033331,0.43333333333333335
1167,000619,海螺新材,2026-07-14,2026-07-14,518,-0.002811377896714642,0.23333333333333334,120,0.1,0.03245854179822317,0.6166666666666667,-0.011793990507592295,0.13333333333333333,120,10.0,0.04573341389174513,0.75
1168,002223,鱼跃医疗,2026-07-14,2026-07-14,518,-0.0028512439869597585,0.5666666666666667,120,10.0,0.026672753791140345,0.7166666666666667,0.02702290424400286,0.7666666666666667,180,1.0,0.03266212209823008,0.7333333333333333
1169,603081,大丰实业,2026-07-14,2026-07-14,518,-0.0029219220878630645,0.4166666666666667,120,10.0,0.03015925794912933,0.8333333333333334,-0.01988016087613966,0.11666666666666667,120,10.0,0.04300062195563381,0.7833333333333333
1170,002378,章源钨业,2026-07-14,2026-07-14,518,-0.0029442597683876012,0.4,240,10.0,0.08618160119798718,0.5166666666666667,0.02434295078857484,0.5166666666666667,240,10.0,0.12049308585726007,0.43333333333333335
1171,601555,东吴证券,2026-07-14,2026-07-14,508,-0.0029897779246330423,0.48333333333333334,240,1.0,0.027944703958174576,0.65,-0.02659276217030364,0.25,240,10.0,0.03330171596547792,0.7166666666666667
1172,002982,湘佳股份,2026-07-14,2026-07-14,518,-0.002998785186176428,0.3,120,1.0,0.04184383684517241,0.5,0.015085552093445302,0.4666666666666667,120,10.0,0.055180300202417945,0.6
1173,601618,中国中冶,2026-07-14,2026-07-14,518,-0.003023072852673091,0.3333333333333333,120,10.0,0.02073236853313049,0.6,-0.01008727308919936,0.35,120,0.1,0.016492807007002296,0.9
1174,601399,国机重装,2026-07-14,2026-07-14,518,-0.003138768055034505,0.16666666666666666,120,10.0,0.043447757991128516,0.55,0.0020930307146044755,0.1,120,10.0,0.07124870991839365,0.5333333333333333
1175,002048,宁波华翔,2026-07-14,2026-07-14,518,-0.003177218272644845,0.48333333333333334,120,10.0,0.06574963160322046,0.65,0.05331111294896981,0.6666666666666666,120,1.0,0.06052399380078463,0.7166666666666667
1176,002127,南极电商,2026-07-14,2026-07-14,518,-0.0033331656369936305,0.7,180,10.0,0.034929384216466644,0.75,-0.02449904785892068,0.5166666666666667,240,0.1,0.0493821312638267,0.7833333333333333
1177,603868,飞科电器,2026-07-14,2026-07-14,518,-0.0033397911576578503,0.6833333333333333,240,10.0,0.04055035955433481,0.6666666666666666,0.005555823689541197,0.6833333333333333,240,10.0,0.0578403674360298,0.7833333333333333
1178,002198,嘉应制药,2026-07-14,2026-07-14,517,-0.0033625870852405796,0.3333333333333333,240,10.0,0.09013531129454297,0.6,0.0544918378197191,0.6,120,1.0,0.1254515771865688,0.75
1179,002633,申科股份,2026-07-14,2026-07-14,515,-0.0033700579572145135,0.2833333333333333,240,0.1,0.03599244531016848,0.5666666666666667,-0.0049112155576101725,0.26666666666666666,240,0.1,0.05208335970601581,0.7333333333333333
1180,601236,红塔证券,2026-07-14,2026-07-14,518,-0.0033925045988931193,0.3,180,10.0,0.022654850865140488,0.6666666666666666,-0.006675522684024838,0.25,120,10.0,0.029461250752657344,0.65
1181,000957,中通客车,2026-07-14,2026-07-14,518,-0.0034065054578755038,0.25,120,10.0,0.03816551660080855,0.5666666666666667,-0.004859410648644251,0.23333333333333334,120,10.0,0.0480501305359636,0.6833333333333333
1182,002386,天原股份,2026-07-14,2026-07-14,518,-0.003434817439313367,0.35,120,0.1,0.04682174559990361,0.5666666666666667,0.016521063021851422,0.43333333333333335,120,10.0,0.06443325070489177,0.65
1183,002100,天康生物,2026-07-14,2026-07-14,518,-0.003455073877923062,0.36666666666666664,180,10.0,0.042216117091944026,0.6666666666666666,0.10685625034204385,0.9666666666666667,120,0.1,0.051017368212662624,0.7333333333333333
1184,000025,特  力Ａ,2026-07-14,2026-07-14,518,-0.0035054693220990564,0.2833333333333333,120,10.0,0.0381148672512211,0.6,-0.003432441144688495,0.31666666666666665,120,10.0,0.039249930952311,0.65
1185,000969,安泰科技,2026-07-14,2026-07-14,518,-0.003570651339469145,0.4,120,10.0,0.07233741184703453,0.5833333333333334,0.12135151802505006,0.85,120,10.0,0.08580423870027348,0.7833333333333333
1186,601222,林洋能源,2026-07-14,2026-07-14,518,-0.0036234887494268377,0.4166666666666667,180,10.0,0.03220881199715373,0.65,0.006825121091422302,0.5833333333333334,180,10.0,0.04469316918292479,0.7
1187,002110,三钢闽光,2026-07-14,2026-07-14,518,-0.003725837594592468,0.4,120,10.0,0.024968371149337986,0.7166666666666667,-0.009071320829173633,0.31666666666666665,120,10.0,0.034336311319966534,0.7666666666666667
1188,002790,瑞尔特,2026-07-14,2026-07-14,518,-0.003795581450572358,0.3,180,10.0,0.02899722961998892,0.7833333333333333,-0.02483784218977266,0.16666666666666666,120,0.1,0.04764749860053704,0.8333333333333334
1189,000895,双汇发展,2026-07-14,2026-07-14,518,-0.003826970822313063,0.36666666666666664,180,0.1,0.025095529317732915,0.6166666666666667,0.0016238095519125213,0.4166666666666667,120,0.1,0.03603683636476454,0.7
1190,603800,洪田股份,2026-07-14,2026-07-14,518,-0.00384383639956282,0.6666666666666666,180,10.0,0.060391705888677066,0.7166666666666667,-0.06911498876169007,0.4,240,10.0,0.08186625725740147,0.8833333333333333
1191,002976,瑞玛精密,2026-07-14,2026-07-14,518,-0.003855477773959824,0.5,240,10.0,0.06515315463019938,0.7,0.021390773988211983,0.65,120,0.1,0.07262842651026744,0.7833333333333333
1192,600038,中直股份,2026-07-14,2026-07-14,518,-0.0039237610265708996,0.35,120,10.0,0.030438065880431256,0.7833333333333333,-0.0189146342202142,0.21666666666666667,120,0.1,0.036607967864012665,0.8333333333333334
1193,600523,贵航股份,2026-07-14,2026-07-14,518,-0.003981802861046768,0.4166666666666667,120,0.1,0.032999721012129744,0.5666666666666667,0.019807673263394478,0.5833333333333334,120,1.0,0.04505499652792331,0.6
1194,002933,新兴装备,2026-07-14,2026-07-14,518,-0.004006310950817906,0.3,120,0.1,0.027071847014652976,0.6333333333333333,-0.035912747421325435,0.016666666666666666,120,1.0,0.03313431220654748,0.65
1195,605128,上海沿浦,2026-07-14,2026-07-14,518,-0.0040918172410900665,0.4,240,10.0,0.0696256096384285,0.55,0.05814434677305396,0.8166666666666667,120,10.0,0.09146594978963872,0.75
1196,000685,中山公用,2026-07-14,2026-07-14,518,-0.004092162231630084,0.7,120,10.0,0.036335238181183595,0.7166666666666667,-0.0020541643283230808,0.7,120,10.0,0.04617624105064853,0.6333333333333333
1197,601916,浙商银行,2026-07-14,2026-07-14,518,-0.004092232230669255,0.45,120,10.0,0.02101584906668672,0.6333333333333333,0.0054959376399544395,0.7333333333333333,120,10.0,0.027415774797306187,0.6833333333333333
1198,600790,轻纺城,2026-07-14,2026-07-14,518,-0.004099780736152718,0.4,120,10.0,0.0406874424397465,0.8833333333333333,0.02653158630525209,0.7333333333333333,120,10.0,0.0513868017244432,0.9333333333333333
1199,002513,蓝丰生化,2026-07-14,2026-07-14,518,-0.004137098839836886,0.26666666666666666,120,0.1,0.03195782234153991,0.7166666666666667,0.026304061163162244,0.43333333333333335,120,0.1,0.04297731192354517,0.8333333333333334
1200,600123,兰花科创,2026-07-14,2026-07-14,518,-0.004171189124636535,0.36666666666666664,120,10.0,0.05880892478730656,0.5666666666666667,0.0019117215757684667,0.38333333333333336,120,10.0,0.07372581002561747,0.7166666666666667
1201,600778,友好集团,2026-07-14,2026-07-14,518,-0.004215003081190566,0.25,120,10.0,0.039690082697560455,0.6,0.0909922804237174,0.7333333333333333,120,0.1,0.06722150289972188,0.5333333333333333
1202,002040,南 京 港,2026-07-14,2026-07-14,518,-0.004248729429335802,0.38333333333333336,120,10.0,0.04328778597739346,0.5166666666666667,-0.01769369161293815,0.26666666666666666,120,10.0,0.057021436515688535,0.6833333333333333
1203,002923,润都股份,2026-07-14,2026-07-14,518,-0.004250545668021504,0.31666666666666665,120,10.0,0.05454395733384647,0.5166666666666667,-0.03599860397840404,0.2,120,10.0,0.08996823268989289,0.5
1204,600479,千金药业,2026-07-14,2026-07-14,509,-0.004271561623301444,0.2,240,10.0,0.024044046259811207,0.5,-0.021088257536327218,0.08333333333333333,240,0.1,0.030637833323615905,0.5666666666666667
1205,603288,海天味业,2026-07-14,2026-07-14,518,-0.004364152880767491,0.25,240,10.0,0.02025186475390193,0.6333333333333333,0.017916333153701114,0.31666666666666665,240,1.0,0.027867399522553855,0.6166666666666667
1206,603529,爱玛科技,2026-07-14,2026-07-14,518,-0.00437632680838697,0.2833333333333333,240,1.0,0.03345293851382039,0.7333333333333333,-0.03329276086367204,0.26666666666666666,180,10.0,0.04693793159616747,0.85
1207,600408,安泰集团,2026-07-14,2026-07-14,518,-0.004485123400996285,0.48333333333333334,120,10.0,0.054429446937830424,0.6333333333333333,-0.06787302263959415,0.2,120,10.0,0.06737346594636624,0.7166666666666667
1208,001234,泰慕士,2026-07-14,2026-07-14,518,-0.004519615913354043,0.2833333333333333,120,10.0,0.05880335078807149,0.6,0.01618187597662704,0.35,120,10.0,0.09735193644146808,0.5833333333333334
1209,002546,新联电子,2026-07-14,2026-07-14,518,-0.004559981922143295,0.3,240,10.0,0.07177498719508688,0.35,0.025193843664459415,0.3,240,10.0,0.11154937054886191,0.2
1210,603191,望变电气,2026-07-14,2026-07-14,518,-0.00458498276749905,0.4666666666666667,240,0.1,0.06859004458634081,0.5166666666666667,-0.02804739014680758,0.26666666666666666,240,10.0,0.07448154341376853,0.5666666666666667
1211,601678,滨化股份,2026-07-14,2026-07-14,518,-0.0046099897743257425,0.4,120,10.0,0.0777795040184299,0.6166666666666667,0.1492728198268649,0.9833333333333333,240,10.0,0.08106445968306014,0.75
1212,600660,福耀玻璃,2026-07-14,2026-07-14,518,-0.004613862198693627,0.3333333333333333,180,1.0,0.02672052737642642,0.65,0.009454436098133914,0.5166666666666667,240,0.1,0.034896401086390055,0.7166666666666667
1213,605169,洪通燃气,2026-07-14,2026-07-14,518,-0.004621637366918008,0.4,240,10.0,0.051095480641769726,0.5833333333333334,-0.013033345135419212,0.38333333333333336,120,0.1,0.07327317388557958,0.55
1214,603703,盛洋科技,2026-07-14,2026-07-14,518,-0.004635591956194972,0.2833333333333333,120,10.0,0.054698513405218724,0.43333333333333335,0.02193177052429159,0.38333333333333336,120,10.0,0.08876537471419874,0.3
1215,000520,凤凰航运,2026-07-14,2026-07-14,518,-0.00471319383637811,0.4,240,0.1,0.05819639708676743,0.75,-0.05591877209225259,0.2833333333333333,120,0.1,0.060347023120602014,0.7
1216,000717,中南股份,2026-07-14,2026-07-14,518,-0.004764702421216179,0.36666666666666664,120,10.0,0.027936863058420514,0.7,0.04582456578802479,0.7833333333333333,120,1.0,0.03677810370775317,0.6166666666666667
1217,600121,郑州煤电,2026-07-14,2026-07-14,518,-0.004800551418597169,0.36666666666666664,120,10.0,0.0651159093415982,0.6333333333333333,0.01632182496217633,0.4666666666666667,120,10.0,0.07681657043850554,0.7833333333333333
1218,002284,亚太股份,2026-07-14,2026-07-14,518,-0.004802669224320107,0.31666666666666665,120,10.0,0.04567026814249749,0.5166666666666667,-0.02919610018241229,0.18333333333333332,120,10.0,0.049118681320931265,0.6833333333333333
1219,605398,新炬网络,2026-07-14,2026-07-14,518,-0.004803035035261024,0.3,180,10.0,0.04768859622403878,0.55,0.004774785590009677,0.3,180,10.0,0.06265770911390477,0.6
1220,002870,香山股份,2026-07-14,2026-07-14,518,-0.004804500097750115,0.4666666666666667,120,10.0,0.037989279838537296,0.6666666666666666,0.005420951925919881,0.6666666666666666,120,10.0,0.03237598010613259,0.75
1221,603686,福龙马,2026-07-14,2026-07-14,518,-0.00492102685604022,0.3333333333333333,120,0.1,0.0339284716809641,0.7166666666666667,-0.027913588125854684,0.31666666666666665,120,10.0,0.04895008910636378,0.7333333333333333
1222,603213,镇洋发展,2026-07-14,2026-07-14,508,-0.004923583884154549,0.4666666666666667,120,10.0,0.02059350519800945,0.7,0.011088517018883453,0.7833333333333333,180,0.1,0.024828259579968558,0.7166666666666667
1223,600918,中泰证券,2026-07-14,2026-07-14,518,-0.004963356866183215,0.31666666666666665,240,10.0,0.02238591006658147,0.7,0.0114969023647673,0.6,180,10.0,0.028289579474682098,0.7
1224,002536,飞龙股份,2026-07-14,2026-07-14,518,-0.005012648848245697,0.48333333333333334,180,10.0,0.07295378780060191,0.6833333333333333,0.041866527294609907,0.7333333333333333,180,10.0,0.10868543638365358,0.8
1225,003019,宸展光电,2026-07-14,2026-07-14,518,-0.0050446417315574985,0.4166666666666667,180,0.1,0.07076474587682441,0.5166666666666667,-0.02518601685813724,0.48333333333333334,240,1.0,0.09121943805462854,0.7833333333333333
1226,600133,东湖高新,2026-07-14,2026-07-14,518,-0.00509137275877705,0.3,120,10.0,0.035963211889962966,0.6,0.014251870737484181,0.6166666666666667,120,10.0,0.041017885964147086,0.6666666666666666
1227,002840,华统股份,2026-07-14,2026-07-14,518,-0.005106043112413305,0.4166666666666667,240,1.0,0.06174701804431491,0.6833333333333333,-0.02123851445812257,0.3333333333333333,180,0.1,0.07047362468654522,0.7
1228,002194,武汉凡谷,2026-07-14,2026-07-14,518,-0.005163140812486476,0.4,240,10.0,0.07294760970882769,0.5666666666666667,0.019142429882197262,0.48333333333333334,240,10.0,0.08581057215920625,0.65
1229,600588,用友网络,2026-07-14,2026-07-14,518,-0.005219801364955862,0.35,240,10.0,0.04598216309729643,0.45,-0.0427419398527529,0.1,120,10.0,0.05291155355615541,0.7
1230,603759,海天股份,2026-07-14,2026-07-14,518,-0.005266307966617662,0.25,120,10.0,0.032804143412805326,0.5166666666666667,-0.03544343069225872,0.13333333333333333,120,10.0,0.04781374836718832,0.6833333333333333
1231,600537,亿晶光电,2026-07-14,2026-07-14,517,-0.005285301959498143,0.23333333333333334,120,10.0,0.08413888567447395,0.5833333333333334,0.0029644132212967855,0.16666666666666666,120,10.0,0.0897590937240835,0.5
1232,002234,民和股份,2026-07-14,2026-07-14,518,-0.0052990197039930334,0.4166666666666667,240,0.1,0.03192688832862684,0.5666666666666667,-0.01032926045537824,0.31666666666666665,240,0.1,0.05355586910455989,0.5333333333333333
1233,002153,石基信息,2026-07-14,2026-07-14,515,-0.005303836953523376,0.2833333333333333,240,10.0,0.049040935011185935,0.55,-0.03423477605231747,0.13333333333333333,120,10.0,0.06645423840712339,0.6833333333333333
1234,600661,昂立教育,2026-07-14,2026-07-14,518,-0.005314845729787781,0.21666666666666667,120,10.0,0.036177151475691165,0.6333333333333333,0.05314739624486515,0.6166666666666667,120,10.0,0.052765758070277495,0.8333333333333334
1235,600622,光大嘉宝,2026-07-14,2026-07-14,518,-0.005316559502567656,0.26666666666666666,120,10.0,0.03146082308572052,0.6833333333333333,0.019708372595938613,0.4,120,10.0,0.04325195922737966,0.8
1236,000066,中国长城,2026-07-14,2026-07-14,518,-0.0053608047106145,0.5333333333333333,120,10.0,0.08213772592390105,0.8,0.004678660052173017,0.6666666666666666,120,10.0,0.1075222028827449,0.9
1237,600235,民丰特纸,2026-07-14,2026-07-14,518,-0.0053780996394723465,0.3,120,10.0,0.026890103683325485,0.6833333333333333,0.021651438438856644,0.55,120,1.0,0.04058992495227984,0.8
1238,601939,建设银行,2026-07-14,2026-07-14,518,-0.005402414941579707,0.5,180,10.0,0.02570652872235369,0.5666666666666667,-0.009988225259850858,0.5333333333333333,240,10.0,0.03244714197204893,0.5
1239,601006,大秦铁路,2026-07-14,2026-07-14,518,-0.0054126730411644865,0.45,120,10.0,0.02020696988125972,0.6,-0.0412005483833128,0.016666666666666666,120,1.0,0.023546890177440067,0.7833333333333333
1240,001314,亿道信息,2026-07-14,2026-07-14,509,-0.0054308535310216115,0.6166666666666667,120,10.0,0.06702914254780276,0.5833333333333334,0.042264915143978066,0.8666666666666667,120,1.0,0.09276016707643218,0.65
1241,600283,钱江水利,2026-07-14,2026-07-14,518,-0.0054429988090661996,0.25,120,1.0,0.021137621180705033,0.6,-0.07156465913339023,0.05,120,10.0,0.027029453428499668,0.7166666666666667
1242,601929,吉视传媒,2026-07-14,2026-07-14,518,-0.005471063021913072,0.3333333333333333,120,10.0,0.04198205144222434,0.6833333333333333,-0.014220219016243162,0.18333333333333332,120,10.0,0.0522811551086884,0.65
1243,603489,八方股份,2026-07-14,2026-07-14,518,-0.005491957878805793,0.23333333333333334,240,1.0,0.05466723819975831,0.5666666666666667,0.046824478182041024,0.4166666666666667,240,0.1,0.08144604895590203,0.5
1244,002506,协鑫集成,2026-07-14,2026-07-14,518,-0.005603140045412927,0.3,180,10.0,0.06572717804674662,0.5333333333333333,-0.016717234582436423,0.11666666666666667,180,10.0,0.10195628655141066,0.4666666666666667
1245,002388,新亚制程,2026-07-14,2026-07-14,516,-0.005741868044634994,0.43333333333333335,240,10.0,0.061631419564097414,0.6,-0.005650684073155946,0.6333333333333333,240,10.0,0.06551725007456463,0.65
1246,600061,国投资本,2026-07-14,2026-07-14,518,-0.005781355620105043,0.36666666666666664,180,0.1,0.022696417832348874,0.65,-0.02018485484141061,0.2833333333333333,180,10.0,0.026622598892625794,0.6666666666666666
1247,002884,凌霄泵业,2026-07-14,2026-07-14,518,-0.005801952135147704,0.31666666666666665,240,0.1,0.032735759168899224,0.5166666666666667,0.01270337303801496,0.45,120,10.0,0.046363586823826526,0.6166666666666667
1248,603711,香飘飘,2026-07-14,2026-07-14,518,-0.005802527557076782,0.38333333333333336,120,10.0,0.0410728374532346,0.7666666666666667,0.022877730230541796,0.5666666666666667,120,10.0,0.06035248418606714,0.75
1249,603648,畅联股份,2026-07-14,2026-07-14,518,-0.005843367789407306,0.4,120,10.0,0.02803572122906467,0.5833333333333334,-0.01004118857147382,0.35,180,0.1,0.04023739326817693,0.65
1250,000605,渤海股份,2026-07-14,2026-07-14,518,-0.005881300148164038,0.35,120,1.0,0.030463909181481667,0.6833333333333333,-0.01636140287936461,0.3,120,0.1,0.036560052511093996,0.8
1251,600197,伊力特,2026-07-14,2026-07-14,518,-0.005882163618701515,0.5166666666666667,120,10.0,0.027110983673991996,0.65,0.004568839369298711,0.7,120,10.0,0.035998846687581305,0.6833333333333333
1252,600063,皖维高新,2026-07-14,2026-07-14,518,-0.005882509070785101,0.2833333333333333,120,1.0,0.0763361295126743,0.5666666666666667,0.18688281047472605,0.9833333333333333,120,10.0,0.07526974635284132,0.7166666666666667
1253,002453,华软科技,2026-07-14,2026-07-14,518,-0.00592094853864749,0.35,120,10.0,0.06698786302270855,0.6833333333333333,0.1767927092639775,0.9666666666666667,120,1.0,0.08921032255694906,0.75
1254,603722,阿科力,2026-07-14,2026-07-14,513,-0.00592517796403795,0.65,180,10.0,0.05681090067898233,0.6,-0.04485073030959848,0.5166666666666667,240,10.0,0.07129153509827398,0.7166666666666667
1255,002839,张家港行,2026-07-14,2026-07-14,518,-0.005927344051081978,0.3333333333333333,120,10.0,0.02660957577887626,0.45,-0.03160359446340577,0.1,180,10.0,0.03522483072874509,0.43333333333333335
1256,603755,日辰股份,2026-07-14,2026-07-14,518,-0.005963018022972549,0.31666666666666665,240,10.0,0.041174588034884406,0.43333333333333335,-0.00774124465788243,0.35,240,10.0,0.04727481942982745,0.5
1257,002622,皓宸医疗,2026-07-14,2026-07-14,518,-0.005983127031301302,0.36666666666666664,180,1.0,0.031114246884847912,0.7,0.08632106966531113,0.9833333333333333,120,1.0,0.04962414292160242,0.7833333333333333
1258,000636,风华高科,2026-07-14,2026-07-14,518,-0.005987388245967874,0.6333333333333333,180,1.0,0.09832790782442581,0.8666666666666667,-0.0030931233986538353,0.7666666666666667,180,1.0,0.15751091942548653,1.0
1259,601899,紫金矿业,2026-07-14,2026-07-14,518,-0.006021682553665064,0.35,120,10.0,0.05663749876925358,0.55,-0.011125724525240566,0.21666666666666667,120,10.0,0.07162073637945326,0.4666666666666667
1260,603386,骏亚科技,2026-07-14,2026-07-14,518,-0.006032845431747553,0.6,240,10.0,0.06755924083384542,0.5666666666666667,-0.030090206369592094,0.6166666666666667,240,10.0,0.08705930490710401,0.5
1261,000544,中原环保,2026-07-14,2026-07-14,518,-0.006033418734342604,0.4,240,0.1,0.021343732126474498,0.55,-0.06135557561573332,0.03333333333333333,120,1.0,0.030424914715684117,0.8166666666666667
1262,002083,孚日股份,2026-07-14,2026-07-14,518,-0.006073169312190098,0.18333333333333332,120,10.0,0.08695212819204387,0.55,0.026949713469986213,0.25,120,10.0,0.1299646685828354,0.5
1263,603696,安记食品,2026-07-14,2026-07-14,518,-0.006084779640796803,0.25,120,1.0,0.03681550957411662,0.6833333333333333,-0.04210831006242852,0.03333333333333333,120,10.0,0.08516881133915541,0.5
1264,600300,维维股份,2026-07-14,2026-07-14,518,-0.00611541537190631,0.3333333333333333,120,10.0,0.03462092043862543,0.48333333333333334,0.007326493126806232,0.4,120,10.0,0.04460180081619898,0.6
1265,601901,方正证券,2026-07-14,2026-07-14,518,-0.006132532997233492,0.43333333333333335,180,0.1,0.025648119634947862,0.6333333333333333,-0.010501012921248885,0.4666666666666667,180,10.0,0.03456013384181082,0.7333333333333333
1266,600020,中原高速,2026-07-14,2026-07-14,518,-0.006148090694590841,0.5333333333333333,180,10.0,0.01991118903546021,0.6333333333333333,-0.012505369313834103,0.4666666666666667,120,10.0,0.023983818556510085,0.5666666666666667
1267,600821,金开新能,2026-07-14,2026-07-14,518,-0.0061530988264161,0.3,120,10.0,0.0780639426371855,0.48333333333333334,0.03463985019875569,0.2833333333333333,120,10.0,0.11994713932665549,0.5166666666666667
1268,002256,兆新股份,2026-07-14,2026-07-14,518,-0.006186291585843704,0.31666666666666665,120,10.0,0.07203195904502385,0.5166666666666667,-0.025951812045941616,0.21666666666666667,120,10.0,0.10018824495950834,0.5166666666666667
1269,605033,美邦股份,2026-07-14,2026-07-14,518,-0.006203493626544375,0.1,180,10.0,0.05114634941342135,0.31666666666666665,-0.023738678352541773,0.08333333333333333,120,10.0,0.07366022418374212,0.4
1270,002043,兔 宝 宝,2026-07-14,2026-07-14,518,-0.006204872671878818,0.31666666666666665,120,10.0,0.05405783450345243,0.5833333333333334,-0.005596810930287908,0.23333333333333334,180,10.0,0.06743866551266992,0.55
1271,002204,大连重工,2026-07-14,2026-07-14,518,-0.006248769346185266,0.25,120,10.0,0.01946029529186642,0.75,-0.011689356378583437,0.16666666666666666,120,10.0,0.0289418268915819,0.85
1272,002239,奥特佳,2026-07-14,2026-07-14,518,-0.00628238055296664,0.16666666666666666,120,0.1,0.0253775209613103,0.55,-0.01337925293442218,0.26666666666666666,120,10.0,0.04245690201651501,0.6
1273,002486,嘉麟杰,2026-07-14,2026-07-14,518,-0.006394665529708798,0.3333333333333333,120,10.0,0.03932911148708979,0.48333333333333334,-0.023278388847482675,0.26666666666666666,120,10.0,0.04840316709808961,0.7
1274,600192,长城电工,2026-07-14,2026-07-14,518,-0.00642619701361135,0.26666666666666666,240,0.1,0.055925457424795585,0.75,0.06554834215639016,0.6166666666666667,240,0.1,0.0659289116165476,0.7333333333333333
1275,002287,奇正藏药,2026-07-14,2026-07-14,518,-0.006436007713721141,0.2833333333333333,120,10.0,0.023486200077449334,0.6,-0.0019012312825213342,0.43333333333333335,120,10.0,0.03535283436399575,0.75
1276,000716,黑芝麻,2026-07-14,2026-07-14,513,-0.006447558990193072,0.4166666666666667,180,1.0,0.04508047782693967,0.7333333333333333,-0.057900590334824725,0.2,180,0.1,0.06452348084666025,0.75
1277,600928,西安银行,2026-07-14,2026-07-14,518,-0.0064483792250452174,0.45,120,10.0,0.022063279893244515,0.55,-0.005929856291133707,0.4166666666666667,120,10.0,0.02503923395058984,0.6666666666666666
1278,002638,勤上股份,2026-07-14,2026-07-14,518,-0.006496724377044367,0.35,180,1.0,0.047551840114019785,0.6333333333333333,-0.06478658528377053,0.06666666666666667,180,10.0,0.046853468764621216,0.55
1279,002415,海康威视,2026-07-14,2026-07-14,518,-0.006500831172136996,0.35,240,10.0,0.03473823450657833,0.6666666666666666,0.000996897913211935,0.5,120,10.0,0.0456923735445904,0.85
1280,003027,同兴科技,2026-07-14,2026-07-14,518,-0.006544843365517025,0.2833333333333333,120,10.0,0.06313535036577579,0.5666666666666667,0.05352628173559812,0.5833333333333334,120,1.0,0.06539057074014536,0.8
1281,600895,张江高科,2026-07-14,2026-07-14,518,-0.006545239547078744,0.55,120,10.0,0.05961262841746957,0.6,-0.0006926106046046022,0.6,120,10.0,0.05423631385939685,0.55
1282,603232,格尔软件,2026-07-14,2026-07-14,518,-0.006547832851603794,0.35,120,10.0,0.0695144763425851,0.55,-0.013066671743199518,0.2833333333333333,120,10.0,0.07578579373946055,0.7666666666666667
1283,000555,神州信息,2026-07-14,2026-07-14,518,-0.006573271837853913,0.23333333333333334,120,10.0,0.052288809454533326,0.5833333333333334,-0.021506847454091503,0.03333333333333333,120,10.0,0.06980351560322094,0.5833333333333334
1284,600382,广东明珠,2026-07-14,2026-07-14,518,-0.006602264691380868,0.18333333333333332,120,10.0,0.07486658469466491,0.5666666666666667,0.009101619957730546,0.25,120,10.0,0.09354653407209117,0.6166666666666667
1285,002044,美年健康,2026-07-14,2026-07-14,518,-0.006606146469314957,0.25,240,10.0,0.06846625246306601,0.4666666666666667,-0.001689104096667201,0.2833333333333333,240,10.0,0.10272905885182,0.35
1286,000411,英特集团,2026-07-14,2026-07-14,518,-0.0066385390348516074,0.2833333333333333,240,10.0,0.04660868110655864,0.48333333333333334,-0.004493295986056403,0.4,240,0.1,0.06922188498915217,0.48333333333333334
1287,600572,康恩贝,2026-07-14,2026-07-14,518,-0.006639252094966382,0.18333333333333332,240,10.0,0.027252721817058685,0.4166666666666667,-0.01611339383811897,0.2,240,10.0,0.03431762916434212,0.4166666666666667
1288,600536,中国软件,2026-07-14,2026-07-14,518,-0.006661505110536269,0.48333333333333334,120,10.0,0.04601485045283067,0.7166666666666667,0.0027983938911940176,0.43333333333333335,120,1.0,0.04915908440657583,0.8833333333333333
1289,600779,水井坊,2026-07-14,2026-07-14,518,-0.006726882507383708,0.4166666666666667,240,0.1,0.03699146029835233,0.5833333333333334,-0.008745666535921577,0.36666666666666664,120,10.0,0.04396872878951337,0.65
1290,600651,飞乐音响,2026-07-14,2026-07-14,518,-0.006742021017674355,0.31666666666666665,120,0.1,0.03287716784567404,0.65,0.00660536139673833,0.23333333333333334,120,1.0,0.05039990173629725,0.7166666666666667
1291,002432,九安医疗,2026-07-14,2026-07-14,518,-0.0067537042456010336,0.3,180,10.0,0.09686573529228516,0.5166666666666667,0.08328791935800794,0.45,180,1.0,0.12620351507256422,0.48333333333333334
1292,603176,汇通集团,2026-07-14,2026-07-14,518,-0.006769388658872469,0.31666666666666665,240,1.0,0.025357133343256864,0.7,0.008424309066247079,0.38333333333333336,240,0.1,0.0367292799859066,0.7
1293,002130,沃尔核材,2026-07-14,2026-07-14,518,-0.006839745719330074,0.2833333333333333,120,10.0,0.06112513270022354,0.5,-0.04621030997703614,0.05,120,0.1,0.06422212022537375,0.6166666666666667
1294,002029,七 匹 狼,2026-07-14,2026-07-14,518,-0.006871463711164882,0.36666666666666664,120,10.0,0.07140997773209039,0.5166666666666667,0.04572943838781321,0.45,120,10.0,0.09397312888425549,0.65
1295,001205,盛航股份,2026-07-14,2026-07-14,518,-0.006877728758545745,0.38333333333333336,240,10.0,0.022453058885172565,0.5833333333333334,0.0017943324580755246,0.48333333333333334,240,10.0,0.029588057812370696,0.65
1296,603181,皇马科技,2026-07-14,2026-07-14,518,-0.006918452178170677,0.4166666666666667,180,10.0,0.05380177349932959,0.55,0.07387567105266103,0.7,120,0.1,0.07655060256301094,0.5333333333333333
1297,601878,浙商证券,2026-07-14,2026-07-14,518,-0.006924670751283678,0.36666666666666664,180,0.1,0.019840222700686992,0.65,-0.009704868701091392,0.5,180,10.0,0.02837170940953692,0.6
1298,600958,东方证券,2026-07-14,2026-07-14,508,-0.006927371527512899,0.35,180,10.0,0.028035565532955158,0.6166666666666667,0.03906292321207279,0.7,120,10.0,0.03715821279163424,0.7333333333333333
1299,002457,青龙管业,2026-07-14,2026-07-14,518,-0.006958679968931085,0.5833333333333334,120,0.1,0.06002264719761343,0.6333333333333333,0.05960840141936786,0.8833333333333333,240,10.0,0.07108236501655073,0.6
1300,001255,博菲电气,2026-07-14,2026-07-14,518,-0.007001616358282125,0.016666666666666666,120,10.0,0.05056872523843567,0.45,0.027692387999044735,0.21666666666666667,120,10.0,0.08455598320388816,0.5166666666666667
1301,600941,中国移动,2026-07-14,2026-07-14,518,-0.00703429324067438,0.43333333333333335,240,0.1,0.023531900119776173,0.5166666666666667,-0.04640171081425527,0.08333333333333333,240,0.1,0.02817187132753018,0.7
1302,000785,居然智家,2026-07-14,2026-07-14,518,-0.007047199457323286,0.3333333333333333,180,10.0,0.031079769289478067,0.7666666666666667,-0.008554052209444857,0.31666666666666665,180,1.0,0.03970481429054419,0.8
1303,000950,重药控股,2026-07-14,2026-07-14,518,-0.007065099541870558,0.15,120,10.0,0.04909053099953462,0.5,0.013684489558228118,0.3333333333333333,240,1.0,0.07086091828008367,0.5333333333333333
1304,002902,铭普光磁,2026-07-14,2026-07-14,518,-0.00711210063133704,0.31666666666666665,180,10.0,0.09471834256093933,0.45,0.1220050759124808,0.7666666666666667,180,0.1,0.1141562505854072,0.65
1305,603390,通达电气,2026-07-14,2026-07-14,518,-0.007169326839488874,0.4166666666666667,120,10.0,0.055164761539161375,0.7333333333333333,0.12906413420221044,0.9166666666666666,120,0.1,0.08333913866157697,0.85
1306,601968,宝钢包装,2026-07-14,2026-07-14,518,-0.007180746641797974,0.3,120,10.0,0.027132183300782473,0.6833333333333333,0.010873364531286199,0.21666666666666667,120,10.0,0.043098443445375986,0.6166666666666667
1307,600489,中金黄金,2026-07-14,2026-07-14,518,-0.007221139975589885,0.3333333333333333,240,10.0,0.0705191719738491,0.5166666666666667,-0.031623545945755005,0.11666666666666667,240,10.0,0.09137294002999845,0.4666666666666667
1308,001300,三柏硕,2026-07-14,2026-07-14,518,-0.0072362067026636116,0.2833333333333333,120,10.0,0.0666723900063357,0.48333333333333334,-0.08443872268216635,0.0,120,0.1,0.07470209075889998,0.6666666666666666
1309,002869,金溢科技,2026-07-14,2026-07-14,518,-0.007237893318090499,0.26666666666666666,120,10.0,0.04140166186187966,0.65,-0.05607173568947189,0.08333333333333333,240,0.1,0.0573338792806462,0.6666666666666666
1310,603858,步长制药,2026-07-14,2026-07-14,518,-0.007278234628858541,0.31666666666666665,180,10.0,0.025503951474724337,0.6166666666666667,-0.028390685820647427,0.23333333333333334,120,10.0,0.031489103915480626,0.5666666666666667
1311,603908,牧高笛,2026-07-14,2026-07-14,518,-0.007287668140670681,0.18333333333333332,240,10.0,0.03588080840154859,0.6833333333333333,-0.010593505857665237,0.2,120,0.1,0.04927988178855956,0.75
1312,600370,三房巷,2026-07-14,2026-07-14,517,-0.007297221948455274,0.35,240,10.0,0.11961498823889177,0.5166666666666667,-0.002852907844700941,0.36666666666666664,180,10.0,0.1782713883497808,0.5333333333333333
1313,600619,海立股份,2026-07-14,2026-07-14,518,-0.007313829695937243,0.45,120,10.0,0.04833170987685186,0.5833333333333334,0.07103101898447953,0.85,120,0.1,0.052007955707051454,0.6166666666666667
1314,600702,舍得酒业,2026-07-14,2026-07-14,518,-0.0073492630439360804,0.2833333333333333,120,10.0,0.03121447560167752,0.7,-0.025215970922431163,0.23333333333333334,120,10.0,0.03577018908143278,0.8333333333333334
1315,002303,美盈森,2026-07-14,2026-07-14,518,-0.007452135156836238,0.55,240,10.0,0.05685391166914842,0.45,0.08706173048579136,0.9666666666666667,120,10.0,0.09704470501485946,0.5666666666666667
1316,600782,新钢股份,2026-07-14,2026-07-14,518,-0.007471134385764569,0.23333333333333334,180,10.0,0.0317769723511793,0.7,0.0026140701236143232,0.2833333333333333,180,10.0,0.049537749700367666,0.7833333333333333
1317,603099,长白山,2026-07-14,2026-07-14,518,-0.007483501902791807,0.3333333333333333,180,10.0,0.03237034016027667,0.5,-0.013177143576370964,0.2833333333333333,180,10.0,0.0428988465534761,0.48333333333333334
1318,600271,航天信息,2026-07-14,2026-07-14,518,-0.007488706302706979,0.25,120,10.0,0.035034092758461526,0.55,-0.0057494590681592544,0.15,120,10.0,0.04868392677931195,0.6666666666666666
1319,002706,良信股份,2026-07-14,2026-07-14,518,-0.007499656469929518,0.5833333333333334,240,10.0,0.07329881312107567,0.6333333333333333,0.010643885683459616,0.6333333333333333,240,10.0,0.0955157626426514,0.65
1320,603205,健尔康,2026-07-14,2026-07-14,408,-0.00750306021131471,0.18333333333333332,120,10.0,0.030695989783391126,0.5333333333333333,0.03014877104183883,0.55,120,0.1,0.04230651014154453,0.6833333333333333
1321,600109,国金证券,2026-07-14,2026-07-14,518,-0.007503520341398681,0.4166666666666667,120,1.0,0.03020536449656044,0.7166666666666667,0.0030856179650610212,0.5833333333333334,120,0.1,0.03830278450200793,0.7833333333333333
1322,002192,融捷股份,2026-07-14,2026-07-14,518,-0.007600245657786681,0.45,180,0.1,0.09964311751002079,0.45,-0.021424731355384974,0.5333333333333333,180,0.1,0.128784292002836,0.6666666666666666
1323,002890,弘宇股份,2026-07-14,2026-07-14,518,-0.007629248228026297,0.26666666666666666,120,10.0,0.043593313464203094,0.5333333333333333,-0.01957119177892043,0.21666666666666667,120,1.0,0.04447536629704065,0.7333333333333333
1324,600558,大西洋,2026-07-14,2026-07-14,518,-0.007787803600935899,0.3333333333333333,120,10.0,0.03352342073127859,0.5666666666666667,-0.013671749237953258,0.15,120,1.0,0.038208750412367064,0.7333333333333333
1325,601860,紫金银行,2026-07-14,2026-07-14,518,-0.007797666294649847,0.35,120,0.1,0.01818468328158607,0.5833333333333334,-0.01597211489422346,0.23333333333333334,120,0.1,0.019046548126044695,0.6666666666666666
1326,002033,丽江股份,2026-07-14,2026-07-14,518,-0.007817164045811115,0.16666666666666666,180,10.0,0.044999196156692935,0.48333333333333334,0.008953302540426668,0.16666666666666666,180,10.0,0.06564419358528209,0.5166666666666667
1327,600390,五矿资本,2026-07-14,2026-07-14,518,-0.0078425576254242,0.26666666666666666,180,0.1,0.024785349599652805,0.6666666666666666,-0.004566194844665049,0.26666666666666666,120,10.0,0.03136623192648988,0.7
1328,601011,宝泰隆,2026-07-14,2026-07-14,518,-0.007970775416903355,0.25,120,10.0,0.046779606245636825,0.5833333333333334,-0.015390381634032339,0.16666666666666666,120,10.0,0.05369267394062553,0.75
1329,600955,维远股份,2026-07-14,2026-07-14,518,-0.007974650405645678,0.2,240,0.1,0.04634154864933803,0.48333333333333334,-0.01560176671842533,0.21666666666666667,240,0.1,0.06732837337985303,0.48333333333333334
1330,600905,三峡能源,2026-07-14,2026-07-14,518,-0.008002922492453235,0.26666666666666666,240,10.0,0.018851447123018186,0.6833333333333333,-0.01625472918565445,0.18333333333333332,240,10.0,0.021154056354917364,0.8
1331,601099,太平洋,2026-07-14,2026-07-14,518,-0.008063214924266583,0.2833333333333333,120,10.0,0.029337795045107726,0.5833333333333334,0.004394574080237997,0.5,180,10.0,0.040860324389151485,0.5833333333333334
1332,600855,航天长峰,2026-07-14,2026-07-14,518,-0.008081583251809705,0.26666666666666666,120,10.0,0.0745675644560537,0.45,0.029436681391048054,0.2833333333333333,120,10.0,0.10825039663750578,0.4166666666666667
1333,000997,新 大 陆,2026-07-14,2026-07-14,518,-0.00812073298089817,0.5666666666666667,180,10.0,0.060103566411106396,0.7333333333333333,0.008099759165615127,0.6666666666666666,180,1.0,0.06369459729035316,0.8666666666666667
1334,600082,海泰发展,2026-07-14,2026-07-14,517,-0.008158548104771941,0.43333333333333335,120,10.0,0.06701334779066928,0.6833333333333333,0.04997895272394105,0.8333333333333334,120,1.0,0.07864429975244645,0.7833333333333333
1335,600023,浙能电力,2026-07-14,2026-07-14,518,-0.008300501368521108,0.5,180,10.0,0.04599128036200501,0.6,0.01999976987693611,0.6333333333333333,120,10.0,0.0486717954965166,0.6166666666666667
1336,603970,中农立华,2026-07-14,2026-07-14,518,-0.008335013083086514,0.23333333333333334,120,10.0,0.027109789174158804,0.5666666666666667,-0.008891874244561757,0.23333333333333334,120,1.0,0.04788556910811806,0.7
1337,002568,百润股份,2026-07-14,2026-07-14,518,-0.00833524221866688,0.5166666666666667,180,10.0,0.05554415679962714,0.6166666666666667,-0.06317437327498689,0.4,240,0.1,0.06004513491069043,0.5833333333333334
1338,001212,中旗新材,2026-07-14,2026-07-14,516,-0.008340885089300979,0.45,120,0.1,0.04816975581705882,0.7,0.020960514834275756,0.48333333333333334,120,1.0,0.07189995879090413,0.6333333333333333
1339,001872,招商港口,2026-07-14,2026-07-14,518,-0.008370485430835323,0.36666666666666664,120,10.0,0.02402991317413297,0.6833333333333333,-0.030783487201861207,0.18333333333333332,240,0.1,0.03159454977269253,0.7666666666666667
1340,600621,华鑫股份,2026-07-14,2026-07-14,518,-0.008462899616879025,0.4166666666666667,180,10.0,0.03205607683910659,0.5833333333333334,-0.029512190921102827,0.36666666666666664,180,10.0,0.048067357546708406,0.43333333333333335
1341,605158,华达新材,2026-07-14,2026-07-14,518,-0.008493104095101903,0.26666666666666666,120,10.0,0.03812853547155296,0.75,-0.0015883894717159883,0.36666666666666664,120,10.0,0.04824944024081354,0.7166666666666667
1342,603486,科沃斯,2026-07-14,2026-07-14,518,-0.008574776806111725,0.3333333333333333,120,10.0,0.04143328136176399,0.6833333333333333,0.03249088689682628,0.7666666666666667,120,1.0,0.03527201306736707,0.85
1343,002722,物产金轮,2026-07-14,2026-07-14,518,-0.008619743703343844,0.3333333333333333,120,10.0,0.023313293550359816,0.9,0.014453620644978345,0.5,120,1.0,0.03189388716588395,0.8166666666666667
1344,601599,浙文影业,2026-07-14,2026-07-14,518,-0.008638241940391318,0.2,240,1.0,0.027830911154428244,0.5,-0.06494140459868174,0.05,120,1.0,0.0394689813060926,0.7666666666666667
1345,600531,豫光金铅,2026-07-14,2026-07-14,518,-0.008719025829749136,0.3333333333333333,180,10.0,0.10308350353138798,0.5833333333333334,-0.06599132703466506,0.3,120,10.0,0.16373722892647838,0.55
1346,002285,世联行,2026-07-14,2026-07-14,518,-0.008729594514664386,0.26666666666666666,180,10.0,0.05719333662345314,0.5333333333333333,-0.006883389683972685,0.3,180,10.0,0.08527079670447679,0.6
1347,603275,众辰科技,2026-07-14,2026-07-14,518,-0.00873535331397024,0.2833333333333333,180,1.0,0.04679086229553643,0.8666666666666667,-0.016954313492728246,0.43333333333333335,120,10.0,0.057780975746612104,0.75
1348,600618,氯碱化工,2026-07-14,2026-07-14,518,-0.008785291079647942,0.2,240,10.0,0.048032894451494564,0.4166666666666667,-0.017563889962928726,0.23333333333333334,240,10.0,0.06736696069618088,0.48333333333333334
1349,603235,天新药业,2026-07-14,2026-07-14,518,-0.008798884478878558,0.23333333333333334,180,10.0,0.025275646820602245,0.4166666666666667,0.0024999498261762936,0.48333333333333334,120,1.0,0.02736009676482996,0.7166666666666667
1350,601229,上海银行,2026-07-14,2026-07-14,518,-0.00881229001511175,0.31666666666666665,120,10.0,0.016748436147416588,0.7166666666666667,-0.004901843032270372,0.16666666666666666,120,10.0,0.015087902375229311,0.8666666666666667
1351,002251,步步高,2026-07-14,2026-07-14,515,-0.008858663159337832,0.2,240,10.0,0.06588337241029858,0.5333333333333333,-0.02568026138751086,0.38333333333333336,120,10.0,0.08502898155178713,0.7666666666666667
1352,600877,电科芯片,2026-07-14,2026-07-14,518,-0.008875878404832147,0.38333333333333336,240,10.0,0.06861490107967091,0.5166666666666667,-0.050807169163316665,0.31666666666666665,240,10.0,0.10105022260737172,0.48333333333333334
1353,000838,财信发展,2026-07-14,2026-07-14,517,-0.008901272351821322,0.45,180,0.1,0.08200447573922895,0.6,-0.2551427280973804,0.1,120,10.0,0.09345643146049427,0.75
1354,600971,恒源煤电,2026-07-14,2026-07-14,518,-0.008913590889383982,0.3333333333333333,120,10.0,0.05235309944172925,0.4,-0.028904367849627337,0.2833333333333333,120,10.0,0.07278799601473032,0.4166666666666667
1355,002377,国创高新,2026-07-14,2026-07-14,518,-0.00894287853134362,0.21666666666666667,120,10.0,0.05003590760028745,0.48333333333333334,-0.037713089877018935,0.26666666666666666,120,10.0,0.07202499415151205,0.55
1356,603301,振德医疗,2026-07-14,2026-07-14,518,-0.009019537709434242,0.38333333333333336,120,10.0,0.043331553193278624,0.5166666666666667,0.020552447016887857,0.48333333333333334,120,10.0,0.05537639888369263,0.5666666666666667
1357,603507,振江股份,2026-07-14,2026-07-14,518,-0.009136602280489209,0.21666666666666667,180,10.0,0.05762196848553105,0.48333333333333334,0.028492575257048458,0.3,180,0.1,0.0760164449670223,0.6
1358,600589,大位科技,2026-07-14,2026-07-14,517,-0.009144120072886496,0.3,180,10.0,0.09106717634921249,0.43333333333333335,0.05669257177084869,0.6,120,1.0,0.11399701177822988,0.6333333333333333
1359,600157,永泰能源,2026-07-14,2026-07-14,508,-0.009162094157321369,0.2833333333333333,120,10.0,0.03268053674083419,0.6,-0.03528404435106888,0.1,120,0.1,0.04319849387283968,0.6
1360,601601,中国太保,2026-07-14,2026-07-14,518,-0.009168012767429835,0.2,120,10.0,0.03251625418578507,0.6,-0.02713356673023099,0.13333333333333333,120,10.0,0.05365355519152611,0.5
1361,601949,中国出版,2026-07-14,2026-07-14,518,-0.009197299724994234,0.26666666666666666,120,10.0,0.029846988605005495,0.7,-0.021585115247349816,0.11666666666666667,240,10.0,0.04265193236007924,0.7
1362,603336,宏辉果蔬,2026-07-14,2026-07-14,513,-0.009208514490607795,0.5166666666666667,120,10.0,0.0667296504050826,0.7166666666666667,0.02394000039695273,0.6166666666666667,120,10.0,0.08959839985584615,0.75
1363,003030,祖名股份,2026-07-14,2026-07-14,518,-0.009300507266431945,0.4666666666666667,120,0.1,0.05731008204103608,0.6833333333333333,0.02067976284644384,0.7166666666666667,180,0.1,0.06421389948815928,0.75
1364,600490,鹏欣资源,2026-07-14,2026-07-14,518,-0.009301832759740185,0.3,240,10.0,0.07332694288973428,0.6333333333333333,-0.029055445098182617,0.15,240,10.0,0.09111204589715048,0.55
1365,600167,联美控股,2026-07-14,2026-07-14,518,-0.009338252966760281,0.4,120,10.0,0.032074036671447224,0.7166666666666667,-0.014688792741115828,0.5,120,10.0,0.047186843395808024,0.65
1366,600332,白云山,2026-07-14,2026-07-14,518,-0.009377035521966164,0.26666666666666666,180,10.0,0.0191381384391305,0.6333333333333333,-0.0586141932128923,0.08333333333333333,120,10.0,0.024141158578449777,0.6166666666666667
1367,605599,菜百股份,2026-07-14,2026-07-14,518,-0.009422419160066878,0.5333333333333333,180,10.0,0.050071101787345605,0.6333333333333333,-0.0041322609249182,0.55,180,10.0,0.07728935110205949,0.65
1368,002688,金河生物,2026-07-14,2026-07-14,518,-0.009427510237746472,0.3,180,10.0,0.02858449274627729,0.6333333333333333,-0.011427870972399671,0.3,180,10.0,0.042320966360064674,0.7166666666666667
1369,600255,鑫科材料,2026-07-14,2026-07-14,518,-0.00948084705754549,0.36666666666666664,240,10.0,0.06592511075067987,0.6,0.11637983963959846,0.9,120,0.1,0.08741897108951462,0.6166666666666667
1370,002363,隆基机械,2026-07-14,2026-07-14,518,-0.009488697445453899,0.2833333333333333,120,10.0,0.05142469955178349,0.35,-0.013300545196297892,0.25,120,10.0,0.06684648856157846,0.45
1371,603199,九华旅游,2026-07-14,2026-07-14,518,-0.009508736832689471,0.43333333333333335,240,10.0,0.02780059153496014,0.6166666666666667,-0.017501249897659586,0.43333333333333335,240,10.0,0.03206710009315634,0.7833333333333333
1372,002349,精华制药,2026-07-14,2026-07-14,518,-0.009537934068555035,0.15,180,10.0,0.028847195083295373,0.45,-0.02282825399313475,0.18333333333333332,180,10.0,0.04505027329962174,0.48333333333333334
1373,601611,中国核建,2026-07-14,2026-07-14,518,-0.009608854966515503,0.15,240,10.0,0.060758373201235304,0.5166666666666667,-0.007856039095049113,0.1,240,10.0,0.09080037940298165,0.3
1374,000517,荣安地产,2026-07-14,2026-07-14,518,-0.009620981707426703,0.38333333333333336,240,10.0,0.04446804734481292,0.6,-0.008820798750263929,0.36666666666666664,180,0.1,0.05220800199401876,0.7333333333333333
1375,603439,三力制药,2026-07-14,2026-07-14,518,-0.009627440148228448,0.38333333333333336,120,1.0,0.05351009199312051,0.7166666666666667,-0.09356766147509797,0.2,120,1.0,0.06975206782830515,0.85
1376,002331,皖通科技,2026-07-14,2026-07-14,518,-0.00966238955465795,0.35,240,0.1,0.04229928863117928,0.8666666666666667,0.0124477146746387,0.5,240,0.1,0.05992791485289231,0.95
1377,603408,建霖家居,2026-07-14,2026-07-14,518,-0.009666533736754974,0.18333333333333332,120,10.0,0.02506023544810322,0.6833333333333333,-0.03063304571620616,0.016666666666666666,120,10.0,0.029680566916395243,0.6333333333333333
1378,002304,洋河股份,2026-07-14,2026-07-14,518,-0.009681972283804956,0.23333333333333334,120,0.1,0.019484355796474208,0.75,-0.011412326177454215,0.26666666666666666,120,10.0,0.025196053398851222,0.9666666666666667
1379,600708,光明地产,2026-07-14,2026-07-14,518,-0.009690076170274666,0.26666666666666666,120,10.0,0.06594375695339943,0.48333333333333334,0.03324543876087789,0.43333333333333335,120,0.1,0.09628172368419854,0.5333333333333333
1380,601998,中信银行,2026-07-14,2026-07-14,518,-0.009695600176404766,0.3333333333333333,180,0.1,0.022153201800767727,0.6166666666666667,-0.0012002342320514,0.5166666666666667,180,1.0,0.03003424532244147,0.6666666666666666
1381,002670,国盛证券,2026-07-14,2026-07-14,518,-0.009741126786615721,0.35,120,10.0,0.0430590543017531,0.5833333333333334,-0.03197740635019671,0.18333333333333332,120,0.1,0.043356030763309156,0.6166666666666667
1382,002286,保龄宝,2026-07-14,2026-07-14,518,-0.009753746976307487,0.25,240,10.0,0.029905035261511677,0.8,-0.010364165146099813,0.23333333333333334,240,10.0,0.038994046909466167,0.8333333333333334
1383,603193,润本股份,2026-07-14,2026-07-14,518,-0.009773067668979955,0.26666666666666666,240,0.1,0.03289995924865249,0.7166666666666667,0.0017067927249822847,0.48333333333333334,240,0.1,0.048286753040278116,0.6666666666666666
1384,603158,腾龙股份,2026-07-14,2026-07-14,518,-0.009799423656910675,0.48333333333333334,180,0.1,0.058871815649146696,0.5833333333333334,0.062473295919796036,0.5,120,1.0,0.08262050600778875,0.5666666666666667
1385,003022,联泓新科,2026-07-14,2026-07-14,518,-0.009802612553635428,0.5,240,10.0,0.07277927042032206,0.5,0.11642214251845041,0.8333333333333334,180,0.1,0.09184004365674305,0.5833333333333334
1386,002050,三花智控,2026-07-14,2026-07-14,518,-0.009807445060966022,0.48333333333333334,120,10.0,0.05364692135197959,0.55,0.025065604530775866,0.7333333333333333,120,10.0,0.05073196856600729,0.7666666666666667
1387,603729,龙韵股份,2026-07-14,2026-07-14,507,-0.009840991408344534,0.11666666666666667,240,10.0,0.05127176494759829,0.55,-0.0393616263585059,0.03333333333333333,240,10.0,0.07614546544516274,0.6333333333333333
1388,600792,云煤能源,2026-07-14,2026-07-14,518,-0.009850880260703665,0.4,120,10.0,0.06631038625390148,0.5,-0.024214449629320345,0.2833333333333333,120,10.0,0.0879277021871909,0.5
1389,603979,金诚信,2026-07-14,2026-07-14,518,-0.009863975894186763,0.5333333333333333,120,10.0,0.06681493452367677,0.5166666666666667,-0.030400435311701918,0.2833333333333333,120,0.1,0.04133506771456784,0.8333333333333334
1390,002996,顺博合金,2026-07-14,2026-07-14,518,-0.00987217407435135,0.11666666666666667,240,10.0,0.038670399940897354,0.5333333333333333,-0.023799397353199706,0.05,240,10.0,0.058587829311437724,0.48333333333333334
1391,002999,天禾股份,2026-07-14,2026-07-14,518,-0.009913325396468244,0.18333333333333332,120,10.0,0.03725211157915965,0.4666666666666667,0.002668642088805781,0.25,120,10.0,0.052717283069071495,0.6666666666666666
1392,600886,国投电力,2026-07-14,2026-07-14,518,-0.009961149728506891,0.3333333333333333,240,10.0,0.022548126673605954,0.5333333333333333,-0.012378648381331394,0.31666666666666665,180,10.0,0.029433537787773037,0.5833333333333334
1393,000998,隆平高科,2026-07-14,2026-07-14,518,-0.00996923263956946,0.4,120,10.0,0.03274869551469241,0.5666666666666667,-0.03908652842453558,0.13333333333333333,240,10.0,0.03847411576011136,0.75
1394,603291,联合水务,2026-07-14,2026-07-14,518,-0.010002895808560449,0.25,240,10.0,0.0536066364298049,0.6166666666666667,-0.0546200762323993,0.08333333333333333,180,10.0,0.0736701215338178,0.7166666666666667
1395,603055,台华新材,2026-07-14,2026-07-14,518,-0.010070201684504234,0.2833333333333333,240,10.0,0.029273607591559794,0.6833333333333333,-0.010810393980716492,0.26666666666666666,240,10.0,0.04092512015900763,0.5833333333333334
1396,603416,信捷电气,2026-07-14,2026-07-14,518,-0.010111931698687949,0.55,240,0.1,0.05630194638348441,0.7333333333333333,0.04369802963141655,0.95,120,10.0,0.06872943178898384,0.8
1397,600369,西南证券,2026-07-14,2026-07-14,518,-0.0101536572349513,0.3333333333333333,180,10.0,0.022105158054640386,0.5333333333333333,-0.006158966240668454,0.43333333333333335,180,10.0,0.02709409366053577,0.5666666666666667
1398,000558,天府文旅,2026-07-14,2026-07-14,518,-0.010234453816026574,0.26666666666666666,180,1.0,0.04262302489766335,0.75,-0.040599556661550816,0.21666666666666667,240,10.0,0.04610948361744218,0.7666666666666667
1399,001260,坤泰股份,2026-07-14,2026-07-14,518,-0.010237066640001994,0.1,120,0.1,0.037970096302790766,0.6833333333333333,0.005593293444792145,0.15,120,10.0,0.06559761941661042,0.6166666666666667
1400,001376,百通能源,2026-07-14,2026-07-14,518,-0.010244226481306126,0.36666666666666664,240,10.0,0.05849389353988034,0.6666666666666666,-0.03492412016853847,0.21666666666666667,240,10.0,0.0867158888766942,0.6333333333333333
1401,600810,神马股份,2026-07-14,2026-07-14,518,-0.010259517155245076,0.3,120,1.0,0.054451224427650824,0.6666666666666666,-0.016912126701174708,0.26666666666666666,120,10.0,0.0831717537377496,0.6666666666666666
1402,000563,陕国投Ａ,2026-07-14,2026-07-14,518,-0.010286015617428867,0.11666666666666667,180,1.0,0.02026136476606629,0.5666666666666667,-0.01331455895262499,0.08333333333333333,120,10.0,0.02695520869954212,0.7166666666666667
1403,002373,千方科技,2026-07-14,2026-07-14,518,-0.010339619571540101,0.25,240,10.0,0.03985000304235708,0.5666666666666667,0.004458425198188664,0.2833333333333333,240,10.0,0.052426647496575815,0.7666666666666667
1404,000650,仁和药业,2026-07-14,2026-07-14,518,-0.010343334807121723,0.06666666666666667,120,0.1,0.019291374558057198,0.5666666666666667,-0.02438252697066372,0.08333333333333333,120,10.0,0.028197792287689965,0.5333333333333333
1405,601005,重庆钢铁,2026-07-14,2026-07-14,518,-0.010387285175711457,0.18333333333333332,120,10.0,0.021668947700124366,0.55,-0.013541023498803829,0.06666666666666667,120,10.0,0.030267661496621696,0.6333333333333333
1406,603707,健友股份,2026-07-14,2026-07-14,518,-0.010408762719799357,0.18333333333333332,180,10.0,0.031477496430980516,0.6166666666666667,-0.017584008998250515,0.16666666666666666,180,10.0,0.04608041245262621,0.8
1407,600295,鄂尔多斯,2026-07-14,2026-07-14,518,-0.01042588602884058,0.3,120,0.1,0.05093162272138891,0.6166666666666667,-0.0864436365677007,0.08333333333333333,120,0.1,0.07292717798709815,0.55
1408,000900,现代投资,2026-07-14,2026-07-14,518,-0.010450489632601562,0.23333333333333334,180,10.0,0.02383746436678468,0.5333333333333333,-0.026209344752161752,0.11666666666666667,120,0.1,0.030409486209820112,0.7166666666666667
1409,601113,华鼎股份,2026-07-14,2026-07-14,518,-0.010470413301164697,0.2833333333333333,120,0.1,0.026356162224693794,0.8333333333333334,0.015308365078609665,0.43333333333333335,120,1.0,0.04427627527634815,0.9166666666666666
1410,603209,兴通股份,2026-07-14,2026-07-14,518,-0.010486756299322709,0.25,240,10.0,0.031657265988327736,0.45,-0.02165972570869632,0.18333333333333332,120,1.0,0.03436727377206793,0.5333333333333333
1411,002500,山西证券,2026-07-14,2026-07-14,518,-0.010497932080780658,0.3,120,0.1,0.021525738585928458,0.7,0.017045988052912325,0.6,120,1.0,0.028715066498358102,0.6666666666666666
1412,002819,东方中科,2026-07-14,2026-07-14,518,-0.010508034101820593,0.2833333333333333,120,10.0,0.03703719297419669,0.6666666666666666,0.06810552981833984,0.7166666666666667,120,1.0,0.0565699345946366,0.6833333333333333
1413,601828,美凯龙,2026-07-14,2026-07-14,518,-0.010514922937416814,0.3,120,0.1,0.030725085721233857,0.7166666666666667,0.039913058104239965,0.7833333333333333,120,0.1,0.04627720793167696,0.8166666666666667
1414,002074,国轩高科,2026-07-14,2026-07-14,518,-0.010579031742655995,0.26666666666666666,120,10.0,0.045668379556650165,0.6833333333333333,-0.01511838692487463,0.23333333333333334,120,10.0,0.06880499778584563,0.75
1415,600446,金证股份,2026-07-14,2026-07-14,513,-0.010619284736920217,0.5166666666666667,120,10.0,0.035019387216825744,0.7166666666666667,0.02561889017406796,0.7333333333333333,120,1.0,0.044261002089485926,0.7666666666666667
1416,603980,吉华集团,2026-07-14,2026-07-14,513,-0.010621365484512906,0.21666666666666667,180,10.0,0.05404479671424804,0.3333333333333333,-0.033526212826955955,0.23333333333333334,240,0.1,0.0811227347875705,0.3333333333333333
1417,603214,爱婴室,2026-07-14,2026-07-14,518,-0.01062374087516052,0.2,120,10.0,0.031722899052300954,0.5833333333333334,0.011892451609515815,0.3333333333333333,180,10.0,0.04998984105435624,0.6666666666666666
1418,600704,物产中大,2026-07-14,2026-07-14,518,-0.010625274544359856,0.2,180,10.0,0.020646134157602324,0.6,-0.0026560998414454813,0.25,120,10.0,0.024644217752579415,0.48333333333333334
1419,000875,电投绿能,2026-07-14,2026-07-14,518,-0.01071261771969045,0.26666666666666666,120,10.0,0.045390914333346404,0.6166666666666667,-0.021064939052386482,0.23333333333333334,120,10.0,0.06375514375622801,0.6833333333333333
1420,000637,茂化实华,2026-07-14,2026-07-14,517,-0.010729185582716695,0.2,120,0.1,0.035426202930408754,0.6333333333333333,0.026734165460789015,0.4,120,0.1,0.05920147946816418,0.5666666666666667
1421,002059,云南旅游,2026-07-14,2026-07-14,518,-0.010778821274935239,0.21666666666666667,120,10.0,0.02941040611578363,0.5166666666666667,-0.005713934473717704,0.25,120,10.0,0.036545656409094136,0.5833333333333334
1422,002159,三特索道,2026-07-14,2026-07-14,518,-0.010786937885496724,0.35,240,0.1,0.03463609332411498,0.8166666666666667,-0.06310457874404984,0.03333333333333333,120,0.1,0.03484683295045796,0.9166666666666666
1423,002316,亚联发展,2026-07-14,2026-07-14,516,-0.010797535540502542,0.2,120,10.0,0.03732754433818272,0.5833333333333334,0.032366633529843085,0.43333333333333335,120,0.1,0.05129234863092534,0.7
1424,002679,福建金森,2026-07-14,2026-07-14,518,-0.010824652723940252,0.16666666666666666,120,10.0,0.037289611501800435,0.5,0.01943463771624076,0.3,120,0.1,0.056828911629310384,0.5833333333333334
1425,002351,漫步者,2026-07-14,2026-07-14,518,-0.01084901061814255,0.2833333333333333,120,10.0,0.024689847194229963,0.6833333333333333,0.018926828144992292,0.6333333333333333,120,1.0,0.02718969012858388,0.6833333333333333
1426,600335,国机汽车,2026-07-14,2026-07-14,518,-0.010851256674716548,0.2,120,10.0,0.025781112309195296,0.5166666666666667,-0.01290264572771889,0.18333333333333332,120,10.0,0.037932252627138,0.6666666666666666
1427,600036,招商银行,2026-07-14,2026-07-14,518,-0.010879141326788397,0.4,120,10.0,0.02111318538300637,0.5333333333333333,-0.03079856387413767,0.16666666666666666,120,10.0,0.020785439079870058,0.7333333333333333
1428,603915,国茂股份,2026-07-14,2026-07-14,518,-0.010880520495694927,0.55,120,10.0,0.048581564316437696,0.6166666666666667,0.031412351502996566,0.8833333333333333,120,1.0,0.04569845020798303,0.7833333333333333
1429,600320,振华重工,2026-07-14,2026-07-14,518,-0.010914156760742255,0.21666666666666667,120,10.0,0.04592861207161798,0.48333333333333334,-0.02088378483625188,0.11666666666666667,120,10.0,0.06899279350297378,0.4166666666666667
1430,003016,欣贺股份,2026-07-14,2026-07-14,518,-0.010950894726263831,0.25,120,10.0,0.03607582318564719,0.48333333333333334,0.013747884480230427,0.4166666666666667,120,10.0,0.05047732293488646,0.6
1431,000757,浩物股份,2026-07-14,2026-07-14,518,-0.01105664896163502,0.25,120,10.0,0.03639716693803098,0.6666666666666666,0.019691689892006512,0.55,120,10.0,0.047975405483776316,0.7
1432,002282,博深股份,2026-07-14,2026-07-14,518,-0.011062574244010432,0.08333333333333333,240,10.0,0.024026089315244137,0.6,-0.043314969817313365,0.03333333333333333,120,10.0,0.037631654584048185,0.5833333333333334
1433,001298,好上好,2026-07-14,2026-07-14,518,-0.011131606493709529,0.43333333333333335,180,10.0,0.05754272653964427,0.6833333333333333,-0.026664445769063704,0.26666666666666666,180,10.0,0.07002665935289223,0.75
1434,002570,贝因美,2026-07-14,2026-07-14,518,-0.011169817483949256,0.4166666666666667,180,10.0,0.03456435076935302,0.7,0.01134414836783684,0.6333333333333333,180,10.0,0.03656228978057955,0.8666666666666667
1435,601022,宁波远洋,2026-07-14,2026-07-14,518,-0.011233786194032428,0.3333333333333333,120,10.0,0.02554531404915128,0.6,-0.01138719748013393,0.2833333333333333,120,10.0,0.03023515762674605,0.5333333333333333
1436,601921,浙版传媒,2026-07-14,2026-07-14,518,-0.01129135600847916,0.23333333333333334,240,10.0,0.02740346394708987,0.45,-0.013438007459263254,0.16666666666666666,120,10.0,0.031445469417910904,0.5333333333333333
1437,600567,山鹰国际,2026-07-14,2026-07-14,518,-0.011389195640611997,0.35,120,10.0,0.03027475088540134,0.65,-0.015793771473850277,0.31666666666666665,180,10.0,0.03727146083126758,0.6333333333333333
1438,603806,福斯特,2026-07-14,2026-07-14,518,-0.011399736744931858,0.35,240,10.0,0.06575650831565909,0.5166666666666667,0.004373715345649158,0.45,240,0.1,0.06876626800018429,0.6166666666666667
1439,001283,豪鹏科技,2026-07-14,2026-07-14,518,-0.011409818330012176,0.38333333333333336,240,10.0,0.07526829674172547,0.5166666666666667,0.014102562804354037,0.5666666666666667,240,10.0,0.09842410474291478,0.43333333333333335
1440,600719,大连热电,2026-07-14,2026-07-14,518,-0.01144700852826256,0.35,120,10.0,0.09559148317354718,0.6666666666666666,0.07833845144895592,0.5333333333333333,180,0.1,0.11350681590255686,0.65
1441,003015,日久光电,2026-07-14,2026-07-14,518,-0.011477401333289132,0.16666666666666666,180,0.1,0.04021001998806872,0.6333333333333333,-0.018459019259971086,0.23333333333333334,120,1.0,0.054738918801125906,0.6833333333333333
1442,603896,寿仙谷,2026-07-14,2026-07-14,518,-0.011484863785522362,0.2833333333333333,120,10.0,0.03900942116716492,0.5166666666666667,-0.17016148972016473,0.0,180,0.1,0.057965253806486663,0.6
1443,600570,恒生电子,2026-07-14,2026-07-14,518,-0.011502928151078427,0.25,180,10.0,0.036319025895260086,0.6333333333333333,-0.018354158839205735,0.25,180,10.0,0.045025074741981454,0.7
1444,603889,新澳股份,2026-07-14,2026-07-14,518,-0.011541776575296678,0.13333333333333333,120,10.0,0.07069119877939344,0.5666666666666667,0.03576733798652797,0.25,120,10.0,0.11870324754806369,0.55
1445,002017,东信和平,2026-07-14,2026-07-14,518,-0.01155316519059078,0.15,120,10.0,0.04626716600717159,0.45,-0.0034492315750104044,0.15,120,10.0,0.06547205309423823,0.5
1446,603079,圣达生物,2026-07-14,2026-07-14,518,-0.011578063876550243,0.1,120,10.0,0.044536801626049005,0.5666666666666667,-0.038958536971959105,0.05,120,10.0,0.07097463717979619,0.5333333333333333
1447,603189,网达软件,2026-07-14,2026-07-14,517,-0.01157875949391967,0.3333333333333333,180,10.0,0.077508064524189,0.7,-0.025884881891748444,0.38333333333333336,180,0.1,0.09008028070738273,0.7
1448,002437,誉衡药业,2026-07-14,2026-07-14,518,-0.011590551480335184,0.16666666666666666,120,10.0,0.049520863879366606,0.43333333333333335,-0.05316954336970048,0.15,120,1.0,0.06840687697685197,0.6333333333333333
1449,603283,赛腾股份,2026-07-14,2026-07-14,518,-0.011632806793966246,0.5833333333333334,180,10.0,0.08114852642410342,0.7833333333333333,0.11464791863840626,0.95,120,0.1,0.11927626150820207,0.95
1450,600983,惠而浦,2026-07-14,2026-07-14,517,-0.011651212485936122,0.23333333333333334,240,10.0,0.05159066462573329,0.5333333333333333,-0.06080970368300558,0.11666666666666667,240,10.0,0.08407053887938815,0.5333333333333333
1451,002969,嘉美包装,2026-07-14,2026-07-14,501,-0.011711251814060193,0.2833333333333333,240,10.0,0.0954738920464462,0.4166666666666667,-0.03249364963080738,0.13333333333333333,240,10.0,0.16011565794457033,0.4166666666666667
1452,002543,万和电气,2026-07-14,2026-07-14,518,-0.011712564377293198,0.25,180,10.0,0.029224851048946492,0.6833333333333333,-0.01221592305530312,0.15,120,10.0,0.04519027707722047,0.7
1453,000536,华映科技,2026-07-14,2026-07-14,518,-0.011726141900649838,0.25,120,1.0,0.05755285037016092,0.7666666666666667,-0.09205670761250043,0.06666666666666667,120,0.1,0.047822276458515445,0.7166666666666667
1454,601788,光大证券,2026-07-14,2026-07-14,518,-0.01175394901659077,0.3,180,10.0,0.027169632455455055,0.6,0.002272284137701107,0.5833333333333334,180,10.0,0.031490716245573716,0.6333333333333333
1455,002041,登海种业,2026-07-14,2026-07-14,518,-0.011772568596852315,0.36666666666666664,240,10.0,0.03480563881468336,0.5666666666666667,-0.027034265808399457,0.3,240,10.0,0.04317517493106161,0.7166666666666667
1456,001914,招商积余,2026-07-14,2026-07-14,518,-0.011772932799273909,0.35,120,10.0,0.03326535570902974,0.5333333333333333,-0.009618640034897595,0.3,120,10.0,0.03847215486052925,0.8
1457,600594,益佰制药,2026-07-14,2026-07-14,518,-0.011792121432924338,0.15,120,1.0,0.06082856344356091,0.36666666666666664,-0.10967701103266522,0.08333333333333333,120,1.0,0.07708363242271792,0.65
1458,000936,华西股份,2026-07-14,2026-07-14,518,-0.011795261663290063,0.23333333333333334,240,10.0,0.05364020153763087,0.75,0.01569091627860225,0.2833333333333333,120,10.0,0.07047942154444048,0.7166666666666667
1459,002247,聚力文化,2026-07-14,2026-07-14,518,-0.011935637680010715,0.26666666666666666,120,10.0,0.03386106566185635,0.6833333333333333,-0.018584595633550534,0.21666666666666667,120,1.0,0.052450703714759676,0.6666666666666666
1460,600916,中国黄金,2026-07-14,2026-07-14,518,-0.012066160369760059,0.15,240,10.0,0.047068150065038776,0.38333333333333336,-0.05232126907035378,0.03333333333333333,240,10.0,0.05604827278394498,0.4666666666666667
1461,600008,首创环保,2026-07-14,2026-07-14,518,-0.01206790211075097,0.43333333333333335,120,10.0,0.023439854580495436,0.5833333333333334,-0.0536574632621196,0.0,120,0.1,0.02723600807918445,0.6333333333333333
1462,002690,美亚光电,2026-07-14,2026-07-14,518,-0.012088407714488544,0.2833333333333333,120,10.0,0.03288386804881175,0.6333333333333333,-0.02249202259681424,0.21666666666666667,120,10.0,0.04073671466703325,0.6333333333333333
1463,600476,湘邮科技,2026-07-14,2026-07-14,517,-0.012120414008069066,0.43333333333333335,120,10.0,0.04613170451348067,0.7333333333333333,0.01428321616312659,0.6666666666666666,120,0.1,0.05227459717167288,0.8
1464,000409,云鼎科技,2026-07-14,2026-07-14,518,-0.012122872766774916,0.13333333333333333,180,10.0,0.03424542935290771,0.6166666666666667,-0.017265723116850377,0.1,120,10.0,0.05354976944258648,0.55
1465,601900,南方传媒,2026-07-14,2026-07-14,518,-0.012124242480682754,0.16666666666666666,240,10.0,0.026514992434206804,0.6166666666666667,-0.026537830020502966,0.08333333333333333,120,10.0,0.03828593089688424,0.55
1466,603170,宝立食品,2026-07-14,2026-07-14,518,-0.0121620284670476,0.31666666666666665,120,10.0,0.026390470141790683,0.55,-0.02641603142384852,0.21666666666666667,120,10.0,0.03261501874624428,0.6333333333333333
1467,002030,达安基因,2026-07-14,2026-07-14,518,-0.012167815354112061,0.43333333333333335,240,10.0,0.05215016963031851,0.6,0.06597129347681857,0.9166666666666666,120,0.1,0.04990206021303832,0.7666666666666667
1468,600538,国发股份,2026-07-14,2026-07-14,518,-0.012175009491406081,0.36666666666666664,240,0.1,0.033911564701600436,0.7333333333333333,-0.02300759046983339,0.4,240,10.0,0.03915696936818502,0.7666666666666667
1469,600033,福建高速,2026-07-14,2026-07-14,518,-0.012241060295949706,0.18333333333333332,240,10.0,0.020387065229474383,0.5333333333333333,-0.049993965919707874,0.016666666666666666,120,1.0,0.022022225003424968,0.6
1470,600037,歌华有线,2026-07-14,2026-07-14,518,-0.01224814570367035,0.31666666666666665,180,10.0,0.031028854388614358,0.65,-0.024227955907678324,0.25,180,1.0,0.045504210502864094,0.7833333333333333
1471,601086,国芳集团,2026-07-14,2026-07-14,518,-0.012268845831809063,0.31666666666666665,120,10.0,0.04378310501962537,0.6333333333333333,-0.002324167749323359,0.4166666666666667,120,10.0,0.056027430770988824,0.75
1472,000589,贵州轮胎,2026-07-14,2026-07-14,518,-0.012292937347246837,0.26666666666666666,120,10.0,0.03027561331710511,0.6833333333333333,-0.0004562159373699328,0.36666666666666664,120,10.0,0.04432046925365252,0.6
1473,000796,凯撒旅业,2026-07-14,2026-07-14,516,-0.01230519014137664,0.05,120,10.0,0.03606306035464078,0.6166666666666667,-0.08861215901492525,0.05,180,1.0,0.038183624268925964,0.8333333333333334
1474,600481,双良节能,2026-07-14,2026-07-14,518,-0.012374918721247399,0.4,240,0.1,0.08225116362889653,0.5833333333333334,0.026644580182553362,0.5,240,10.0,0.10379741151967707,0.5333333333333333
1475,002436,兴森科技,2026-07-14,2026-07-14,518,-0.012376704999577444,0.5666666666666667,240,10.0,0.10962708088432967,0.5,0.03740993238306901,0.8166666666666667,240,10.0,0.17151203788664093,0.5333333333333333
1476,000828,东莞控股,2026-07-14,2026-07-14,518,-0.012381085834706141,0.35,240,0.1,0.017465771723506076,0.5666666666666667,-0.033876783335825625,0.18333333333333332,120,10.0,0.020313169466814242,0.6833333333333333
1477,002397,梦洁股份,2026-07-14,2026-07-14,518,-0.012404922496522485,0.4166666666666667,120,10.0,0.062060616650332426,0.75,0.2439682633978888,0.9666666666666667,120,1.0,0.0710662516141858,0.8833333333333333
1478,600605,汇通能源,2026-07-14,2026-07-14,518,-0.012420778155879986,0.38333333333333336,240,10.0,0.05127711598277921,0.55,-0.004514666922186173,0.48333333333333334,240,10.0,0.0747505878303599,0.6
1479,002103,广博股份,2026-07-14,2026-07-14,518,-0.01244124234977632,0.16666666666666666,120,10.0,0.032624174768274734,0.5833333333333334,-0.0010106848816608185,0.2,120,10.0,0.05331268648769117,0.7333333333333333
1480,600388,龙净环保,2026-07-14,2026-07-14,518,-0.012463833284761586,0.21666666666666667,120,10.0,0.050168265160357856,0.45,-0.02025447873077151,0.11666666666666667,120,10.0,0.07022844590199533,0.4
1481,600059,古越龙山,2026-07-14,2026-07-14,518,-0.012496665810503179,0.21666666666666667,240,10.0,0.023557244349237318,0.43333333333333335,-0.02945598990877802,0.1,240,10.0,0.032144005456002836,0.5666666666666667
1482,601231,环旭电子,2026-07-14,2026-07-14,518,-0.012519683263455877,0.25,180,10.0,0.07877773935513838,0.6,-0.09569190388982711,0.1,120,10.0,0.08127467051583195,0.7
1483,000868,安凯客车,2026-07-14,2026-07-14,518,-0.012554349012244235,0.23333333333333334,120,1.0,0.025270240084150974,0.7666666666666667,0.01671503072750368,0.5333333333333333,120,0.1,0.03201599458017215,0.8333333333333334
1484,603588,高能环境,2026-07-14,2026-07-14,518,-0.012561461767279517,0.26666666666666666,120,10.0,0.0953143994571458,0.45,0.23991208910285577,0.9166666666666666,120,1.0,0.13733856815091708,0.5166666666666667
1485,002641,公元股份,2026-07-14,2026-07-14,518,-0.012569111203121952,0.31666666666666665,240,10.0,0.022097480229801545,0.6166666666666667,-0.006816139464350177,0.36666666666666664,240,0.1,0.027495497110505054,0.7833333333333333
1486,002855,捷荣技术,2026-07-14,2026-07-14,518,-0.01258012674121039,0.43333333333333335,120,10.0,0.03329155495647347,0.7166666666666667,-0.02831352686741175,0.31666666666666665,120,10.0,0.04399428177309494,0.75
1487,600887,伊利股份,2026-07-14,2026-07-14,518,-0.012617523185619121,0.43333333333333335,120,10.0,0.024385314489735996,0.65,-0.02849080711805965,0.45,120,10.0,0.032459605307036586,0.8
1488,000501,武商集团,2026-07-14,2026-07-14,518,-0.012638001738282893,0.25,120,10.0,0.031431654388342334,0.6333333333333333,-0.010004860215275076,0.23333333333333334,120,10.0,0.03548709420951108,0.6333333333333333
1489,605567,春雪食品,2026-07-14,2026-07-14,518,-0.012643610738391008,0.18333333333333332,120,10.0,0.03450785833357752,0.5166666666666667,-0.020445394566009377,0.18333333333333332,120,10.0,0.05119394614884705,0.65
1490,601700,风范股份,2026-07-14,2026-07-14,518,-0.012734243366684628,0.2833333333333333,240,10.0,0.048949463025655386,0.48333333333333334,-0.03555872005502646,0.2,120,10.0,0.06976786653509753,0.48333333333333334
1491,603289,泰瑞机器,2026-07-14,2026-07-14,518,-0.01276757054008889,0.31666666666666665,240,10.0,0.05331827270508533,0.5833333333333334,0.008886862902282777,0.4,120,10.0,0.062096708361898054,0.6333333333333333
1492,002653,海思科,2026-07-14,2026-07-14,518,-0.012818014144301155,0.2833333333333333,120,10.0,0.06846521197117394,0.6,0.24030015041021174,1.0,120,1.0,0.09041284342151644,0.7166666666666667
1493,002590,万安科技,2026-07-14,2026-07-14,518,-0.012822737391887766,0.35,120,1.0,0.03741401892539685,0.65,-0.008090676890245303,0.38333333333333336,120,10.0,0.038548236397067295,0.8166666666666667
1494,002064,华峰化学,2026-07-14,2026-07-14,514,-0.012929836598245493,0.3,180,1.0,0.042969305479660165,0.5833333333333334,-0.00831813881803645,0.31666666666666665,240,10.0,0.060110983182841034,0.48333333333333334
1495,603225,新凤鸣,2026-07-14,2026-07-14,518,-0.01293427986451409,0.45,240,0.1,0.054453282310925645,0.5666666666666667,0.0034721324606495525,0.5333333333333333,240,10.0,0.07441647287151198,0.6
1496,002725,跃岭股份,2026-07-14,2026-07-14,513,-0.012954691586326368,0.21666666666666667,240,1.0,0.05030128218454379,0.6166666666666667,0.003263105878361567,0.3333333333333333,240,1.0,0.07232708128269803,0.7
1497,603022,新通联,2026-07-14,2026-07-14,518,-0.012966367318838743,0.2,180,1.0,0.03160819648070536,0.7833333333333333,-0.023278761214806154,0.18333333333333332,120,0.1,0.050437749564458643,0.8
1498,600486,扬农化工,2026-07-14,2026-07-14,518,-0.013023019014759711,0.18333333333333332,180,10.0,0.04953647186874785,0.5666666666666667,-0.028042251087268696,0.1,120,1.0,0.06128507850474389,0.7166666666666667
1499,003038,鑫铂股份,2026-07-14,2026-07-14,518,-0.01303569264298236,0.08333333333333333,120,10.0,0.03897294448975759,0.65,-0.026046759285846367,0.18333333333333332,120,0.1,0.046652122275363216,0.7833333333333333
1500,601800,中国交建,2026-07-14,2026-07-14,518,-0.013041638679308389,0.31666666666666665,240,10.0,0.023583159282268975,0.7333333333333333,-0.025129802476565963,0.23333333333333334,240,0.1,0.02875940415017726,0.9166666666666666
1501,600057,厦门象屿,2026-07-14,2026-07-14,518,-0.013058430852512121,0.26666666666666666,240,10.0,0.04332991001583155,0.6166666666666667,-0.037660618976155184,0.11666666666666667,120,10.0,0.05396218778264417,0.7
1502,600221,海航控股,2026-07-14,2026-07-14,518,-0.013064861148278872,0.3333333333333333,120,10.0,0.025999946408102624,0.6833333333333333,-0.027757917975628807,0.2833333333333333,120,10.0,0.030746476644647646,0.6833333333333333
1503,002010,传化智联,2026-07-14,2026-07-14,518,-0.013120151855850656,0.2,120,10.0,0.03314562071228816,0.6666666666666666,-0.01797321607535848,0.08333333333333333,120,10.0,0.04920887283836886,0.38333333333333336
1504,603787,新日股份,2026-07-14,2026-07-14,518,-0.01316406473482362,0.16666666666666666,240,0.1,0.039771547918904124,0.43333333333333335,-0.044727438423179944,0.16666666666666666,120,10.0,0.060165194228789076,0.6333333333333333
1505,002036,联创电子,2026-07-14,2026-07-14,513,-0.013175858238431851,0.2833333333333333,240,10.0,0.07490769284824868,0.5333333333333333,0.0001867061484740161,0.45,180,0.1,0.07242897187028594,0.8166666666666667
1506,001236,弘业期货,2026-07-14,2026-07-14,518,-0.013254007029092718,0.3333333333333333,180,0.1,0.041108835252213156,0.7166666666666667,-0.0013821478801689102,0.4166666666666667,120,1.0,0.0491003498616309,0.7333333333333333
1507,603053,成都燃气,2026-07-14,2026-07-14,518,-0.013291910602832573,0.2833333333333333,120,0.1,0.022717908478889114,0.6666666666666666,0.0032703852138703717,0.4666666666666667,120,0.1,0.03358060638202209,0.5
1508,002643,万润股份,2026-07-14,2026-07-14,518,-0.013308886081750668,0.4666666666666667,180,10.0,0.056628736233881954,0.7666666666666667,0.2128348238824229,0.9833333333333333,180,10.0,0.08232673728271991,0.75
1509,600336,澳柯玛,2026-07-14,2026-07-14,518,-0.01332622067308682,0.3333333333333333,180,10.0,0.04166109127517599,0.6166666666666667,0.027941474086488904,0.5,240,0.1,0.06039333111732456,0.75
1510,002326,永太科技,2026-07-14,2026-07-14,513,-0.01333017540216179,0.25,240,0.1,0.06894757174406178,0.5,-0.0034604397176484364,0.35,240,10.0,0.09048998940112093,0.55
1511,002654,万润科技,2026-07-14,2026-07-14,518,-0.013331758260097427,0.6166666666666667,120,10.0,0.08068005095072489,0.6166666666666667,0.0889652033382744,1.0,120,10.0,0.10544081760381682,0.7166666666666667
1512,600908,无锡银行,2026-07-14,2026-07-14,518,-0.013339434358209376,0.18333333333333332,120,10.0,0.01774537928592958,0.5666666666666667,-0.03554506338003546,0.03333333333333333,120,10.0,0.02152572776896663,0.5666666666666667
1513,000708,中信特钢,2026-07-14,2026-07-14,518,-0.013340567666434856,0.2833333333333333,120,1.0,0.03314310285316758,0.5666666666666667,-0.03075308776535847,0.03333333333333333,120,10.0,0.05005890462557638,0.55
1514,600177,雅戈尔,2026-07-14,2026-07-14,518,-0.013371011917582875,0.18333333333333332,180,1.0,0.016144453229414858,0.75,-0.026465482678595074,0.16666666666666666,180,10.0,0.02168755752147997,0.7166666666666667
1515,001296,长江材料,2026-07-14,2026-07-14,518,-0.013380990263553907,0.18333333333333332,120,10.0,0.05426216192033574,0.5666666666666667,0.16175488292430937,1.0,120,10.0,0.07077340520761478,0.48333333333333334
1516,000607,华媒控股,2026-07-14,2026-07-14,518,-0.013393611537734641,0.21666666666666667,180,1.0,0.03279811964814199,0.5833333333333334,-0.030075680793240675,0.1,180,1.0,0.051440902387063184,0.5833333333333334
1517,002660,茂硕电源,2026-07-14,2026-07-14,518,-0.013434839697888296,0.11666666666666667,120,1.0,0.02859475237883775,0.75,0.0298311427731553,0.6,120,0.1,0.03845631497883452,0.9333333333333333
1518,600261,阳光照明,2026-07-14,2026-07-14,518,-0.013437938042175168,0.13333333333333333,240,0.1,0.03326532426299462,0.7,-0.033315129777505746,0.16666666666666666,180,0.1,0.04238990470174047,0.6833333333333333
1519,000999,华润三九,2026-07-14,2026-07-14,518,-0.01350214988478709,0.18333333333333332,180,10.0,0.023806464329039236,0.6666666666666666,-0.030555747731157774,0.13333333333333333,180,10.0,0.032822091463951125,0.7166666666666667
1520,601838,成都银行,2026-07-14,2026-07-14,518,-0.013568860128622517,0.3333333333333333,240,0.1,0.02568221835850546,0.8166666666666667,-0.02616910172549905,0.26666666666666666,240,0.1,0.03302424439211049,0.7333333333333333
1521,605500,森林包装,2026-07-14,2026-07-14,518,-0.013573416864220762,0.31666666666666665,240,10.0,0.0562670523383584,0.6,0.02557133819391282,0.6666666666666666,240,10.0,0.07761555828889784,0.7666666666666667
1522,002563,森马服饰,2026-07-14,2026-07-14,518,-0.01361636379498021,0.3333333333333333,120,10.0,0.03535677949669134,0.6166666666666667,0.014079050462923237,0.7166666666666667,120,1.0,0.04333871773239035,0.8333333333333334
1523,002299,圣农发展,2026-07-14,2026-07-14,518,-0.013623960867672877,0.21666666666666667,240,0.1,0.03109363706839007,0.5333333333333333,-0.04021414244803277,0.2,180,0.1,0.04678078134110109,0.5333333333333333
1524,002343,慈文传媒,2026-07-14,2026-07-14,518,-0.013623977623638232,0.16666666666666666,120,10.0,0.034482740368258345,0.6,-0.0578139069696032,0.06666666666666667,240,0.1,0.0494922967161344,0.75
1525,000937,冀中能源,2026-07-14,2026-07-14,518,-0.01369348499485461,0.36666666666666664,120,10.0,0.04398995571469928,0.6666666666666666,-0.28909369006659963,0.0,120,0.1,0.0635895581290001,0.6
1526,603207,小方制药,2026-07-14,2026-07-14,454,-0.013719785846533248,0.15,120,10.0,0.02780324465155863,0.6333333333333333,-0.021567918999023904,0.15,120,10.0,0.037665037273803846,0.7166666666666667
1527,600329,达仁堂,2026-07-14,2026-07-14,518,-0.013768636236933538,0.26666666666666666,240,10.0,0.033480137349653785,0.5,-0.07179482189724395,0.08333333333333333,120,10.0,0.041175018890948295,0.5333333333333333
1528,001318,阳光乳业,2026-07-14,2026-07-14,518,-0.013816732733666546,0.16666666666666666,240,10.0,0.029652701780950155,0.5833333333333334,-0.0547116806608986,0.03333333333333333,120,0.1,0.03551090357354249,0.7666666666666667
1529,002372,伟星新材,2026-07-14,2026-07-14,518,-0.013839628797873506,0.2,240,10.0,0.03763033473784663,0.5833333333333334,-0.01857679834593456,0.16666666666666666,120,10.0,0.04318607756485655,0.7
1530,601868,中国能建,2026-07-14,2026-07-14,518,-0.013842329757851882,0.3333333333333333,240,0.1,0.04371296844279866,0.6833333333333333,-0.045406916918420075,0.23333333333333334,240,0.1,0.04086415989172734,0.85
1531,001356,富岭股份,2026-07-14,2026-07-14,354,-0.01396490726552366,0.35,120,1.0,0.029151447566071746,0.6833333333333333,0.005147070163070748,0.6333333333333333,120,1.0,0.027052910153294616,0.85
1532,000862,银星能源,2026-07-14,2026-07-14,518,-0.01398879920274822,0.3333333333333333,240,10.0,0.06506658795517697,0.5666666666666667,-0.06540860675084596,0.1,240,1.0,0.07577092026533978,0.7333333333333333
1533,605366,宏柏新材,2026-07-14,2026-07-14,518,-0.014030749889675894,0.38333333333333336,120,10.0,0.09324459729279555,0.5833333333333334,0.08802972283250175,0.6666666666666666,240,10.0,0.11925826102261547,0.55
1534,002317,众生药业,2026-07-14,2026-07-14,518,-0.014041869690327004,0.5833333333333334,120,10.0,0.052340421523044946,0.7333333333333333,-0.14703479943423886,0.21666666666666667,120,1.0,0.08577951608286455,0.6333333333333333
1535,600223,福瑞达,2026-07-14,2026-07-14,518,-0.014110062921572544,0.18333333333333332,120,10.0,0.03086258409270762,0.6166666666666667,-0.030848103323672195,0.16666666666666666,120,10.0,0.04172678792799507,0.75
1536,000665,湖北广电,2026-07-14,2026-07-14,518,-0.014118579673711128,0.16666666666666666,120,1.0,0.02905728032412029,0.6666666666666666,-0.014855636548784548,0.23333333333333334,120,0.1,0.03962457341053096,0.7333333333333333
1537,002971,和远气体,2026-07-14,2026-07-14,518,-0.014145013302661918,0.5833333333333334,180,0.1,0.12246004603004446,0.7333333333333333,0.9302133202830857,1.0,120,1.0,0.17457164931862343,0.7166666666666667
1538,002605,姚记科技,2026-07-14,2026-07-14,518,-0.014193000685674077,0.35,180,10.0,0.03613175916344738,0.45,-0.001997269790218999,0.4,180,10.0,0.03721021604689525,0.5833333333333334
1539,000886,海南高速,2026-07-14,2026-07-14,518,-0.014211340433858497,0.25,120,1.0,0.026866691309859525,0.7,-0.041128642160566956,0.08333333333333333,120,10.0,0.03804095271718064,0.8666666666666667
1540,605259,绿田机械,2026-07-14,2026-07-14,518,-0.014223179665601493,0.31666666666666665,240,10.0,0.03119799338258989,0.5333333333333333,-0.011747232194859658,0.38333333333333336,120,10.0,0.03713327624351629,0.65
1541,600191,华资实业,2026-07-14,2026-07-14,517,-0.01423714461461246,0.3333333333333333,120,10.0,0.05469501605216255,0.55,0.03486891020653965,0.4,120,10.0,0.08822786575873422,0.5
1542,002549,凯美特气,2026-07-14,2026-07-14,518,-0.014255033040797248,0.4666666666666667,120,1.0,0.06713523500162503,0.6833333333333333,0.039921195295051316,0.6333333333333333,120,0.1,0.08208124942499714,0.8
1543,600880,博瑞传播,2026-07-14,2026-07-14,518,-0.014269930567774747,0.2,240,0.1,0.04496493733053381,0.55,-0.007467823428286278,0.15,180,10.0,0.07282566418217976,0.36666666666666664
1544,600967,内蒙一机,2026-07-14,2026-07-14,518,-0.014290337491091206,0.21666666666666667,180,0.1,0.03847208894069765,0.5166666666666667,-0.023148009720644007,0.15,180,10.0,0.06094576519745975,0.4666666666666667
1545,603103,横店影视,2026-07-14,2026-07-14,518,-0.014303776947731935,0.35,240,10.0,0.06855058306807374,0.5833333333333334,-0.033669390778012565,0.31666666666666665,240,10.0,0.09630105618625172,0.6833333333333333
1546,601375,中原证券,2026-07-14,2026-07-14,518,-0.014314181100681061,0.3333333333333333,180,10.0,0.019293615792193183,0.7166666666666667,-0.005838049220331329,0.5,180,10.0,0.01974460807527008,0.7
1547,601000,唐山港,2026-07-14,2026-07-14,518,-0.014335082053234263,0.16666666666666666,120,10.0,0.02176755732844731,0.6666666666666666,-0.02950173675843005,0.11666666666666667,120,1.0,0.027919130744999222,0.7166666666666667
1548,002267,陕天然气,2026-07-14,2026-07-14,518,-0.014363429951751366,0.31666666666666665,180,10.0,0.03009914967193494,0.6,-0.03879890740224936,0.15,180,0.1,0.03813514125699643,0.6166666666666667
1549,601928,凤凰传媒,2026-07-14,2026-07-14,518,-0.014370690868287114,0.31666666666666665,120,0.1,0.021110056589269115,0.5833333333333334,-0.02851824764197742,0.2,120,1.0,0.023048494932633893,0.6666666666666666
1550,605179,一鸣食品,2026-07-14,2026-07-14,518,-0.014376048453595872,0.23333333333333334,120,1.0,0.024406825050354446,0.8,-0.0189301735953158,0.18333333333333332,120,0.1,0.024683992296770922,0.8666666666666667
1551,000617,中油资本,2026-07-14,2026-07-14,518,-0.0143767389795254,0.25,120,10.0,0.039695220183502175,0.5833333333333334,-0.03110084527381014,0.15,120,0.1,0.0563982338899587,0.6833333333333333
1552,600100,同方股份,2026-07-14,2026-07-14,518,-0.01443065467633381,0.3,240,0.1,0.04410384791488283,0.48333333333333334,0.003178172106522645,0.2833333333333333,120,10.0,0.06616283932432176,0.5666666666666667
1553,603200,上海洗霸,2026-07-14,2026-07-14,518,-0.014445177408963276,0.3333333333333333,180,1.0,0.05595766671683379,0.6833333333333333,-0.008951461276966059,0.2833333333333333,180,1.0,0.07934819422266101,0.65
1554,603161,科华控股,2026-07-14,2026-07-14,513,-0.014507120821210704,0.16666666666666666,120,10.0,0.045069338785526644,0.5,-0.017206444818975018,0.2,120,10.0,0.059672107454054615,0.4166666666666667
1555,002939,长城证券,2026-07-14,2026-07-14,518,-0.014508875395589406,0.38333333333333336,120,10.0,0.028871843527982593,0.6333333333333333,0.04495291907460807,0.9333333333333333,120,1.0,0.03364768599753117,0.75
1556,603037,凯众股份,2026-07-14,2026-07-14,513,-0.014533153073766897,0.16666666666666666,120,10.0,0.06136442812596297,0.65,-0.003829328133858983,0.16666666666666666,120,10.0,0.08180413187264354,0.7166666666666667
1557,600587,新华医疗,2026-07-14,2026-07-14,518,-0.014534531791675173,0.13333333333333333,120,10.0,0.021956623468748507,0.6333333333333333,-0.034740224021554085,0.06666666666666667,180,10.0,0.03376401205422972,0.6
1558,600103,青山纸业,2026-07-14,2026-07-14,518,-0.01454590512583442,0.21666666666666667,120,10.0,0.09288513281109857,0.5333333333333333,0.06973192222360923,0.6833333333333333,120,1.0,0.14347031226580073,0.6
1559,000628,高新发展,2026-07-14,2026-07-14,518,-0.014605872746338015,0.21666666666666667,120,1.0,0.05164691027788553,0.7,-0.10019551441105391,0.13333333333333333,240,10.0,0.08039983963667643,0.6333333333333333
1560,000016,深康佳Ａ,2026-07-14,2026-07-14,507,-0.014641325018852534,0.43333333333333335,120,0.1,0.06197015081226374,0.5666666666666667,-0.0686037040303667,0.31666666666666665,120,10.0,0.08620426213326765,0.6
1561,000676,智度股份,2026-07-14,2026-07-14,518,-0.01467164820086114,0.2833333333333333,180,10.0,0.04176486443636067,0.55,-0.043979157446763395,0.16666666666666666,180,10.0,0.0610314031043584,0.7166666666666667
1562,603273,天元智能,2026-07-14,2026-07-14,518,-0.014703122116004327,0.23333333333333334,120,10.0,0.03672531564472272,0.7666666666666667,0.0378341180036496,0.6666666666666666,120,0.1,0.05272474390401462,0.6166666666666667
1563,603683,晶华新材,2026-07-14,2026-07-14,518,-0.014750794227025767,0.4666666666666667,120,10.0,0.04224276753025714,0.5833333333333334,-0.08501932639635297,0.1,120,10.0,0.050021683509668576,0.65
1564,002949,华阳国际,2026-07-14,2026-07-14,518,-0.014774426745606407,0.16666666666666666,120,10.0,0.04159780360592393,0.5833333333333334,-0.01711402362374242,0.16666666666666666,120,10.0,0.0655630336559426,0.7166666666666667
1565,600371,万向德农,2026-07-14,2026-07-14,518,-0.014787418597044407,0.16666666666666666,120,10.0,0.03289851261398878,0.5,-0.03322810142423867,0.18333333333333332,120,10.0,0.055307431095269546,0.5833333333333334
1566,603387,基蛋生物,2026-07-14,2026-07-14,518,-0.014815157267840091,0.2,240,10.0,0.041562937205235476,0.48333333333333334,-0.05264637278263601,0.03333333333333333,120,10.0,0.05469006016611866,0.5666666666666667
1567,603195,公牛集团,2026-07-14,2026-07-14,518,-0.014822142993466222,0.21666666666666667,240,10.0,0.025464549792802358,0.6666666666666666,-0.004012724345602289,0.4166666666666667,120,10.0,0.029719513885739544,0.7833333333333333
1568,600663,陆家嘴,2026-07-14,2026-07-14,518,-0.014864541714806018,0.21666666666666667,120,10.0,0.04345940291883631,0.6333333333333333,-0.017145460769309485,0.16666666666666666,120,10.0,0.05427045569197949,0.6166666666666667
1569,601992,金隅集团,2026-07-14,2026-07-14,518,-0.014912735430551983,0.16666666666666666,120,10.0,0.03616213845310905,0.45,-0.030058562619772806,0.05,120,10.0,0.05329286787781727,0.45
1570,601528,瑞丰银行,2026-07-14,2026-07-14,518,-0.015024891209411065,0.13333333333333333,240,10.0,0.023249371753270732,0.5333333333333333,-0.032866319918946466,0.05,120,10.0,0.0320817660869644,0.5333333333333333
1571,000530,冰山冷热,2026-07-14,2026-07-14,518,-0.015082696332946184,0.31666666666666665,180,10.0,0.04927601827509875,0.65,-0.04355392941664235,0.18333333333333332,120,10.0,0.06203607734726678,0.65
1572,600844,金煤科技,2026-07-14,2026-07-14,518,-0.015138883327989414,0.25,240,10.0,0.05534124867786172,0.45,-0.057699851182998134,0.13333333333333333,120,10.0,0.0844640236713598,0.5833333333333334
1573,600463,空港股份,2026-07-14,2026-07-14,518,-0.015154207829745407,0.23333333333333334,120,10.0,0.03516844716526842,0.8333333333333334,0.02692306729997072,0.5166666666666667,120,10.0,0.047346819642152364,0.9
1574,002508,老板电器,2026-07-14,2026-07-14,518,-0.015266465278437443,0.25,240,0.1,0.027203578289493442,0.8,-0.051331855931360415,0.13333333333333333,240,0.1,0.0315337335219882,0.9166666666666666
1575,603128,华贸物流,2026-07-14,2026-07-14,518,-0.015275045875168522,0.18333333333333332,120,10.0,0.01788747054464458,0.6666666666666666,-0.01645706720422299,0.21666666666666667,120,10.0,0.025231699381918604,0.6333333333333333
1576,002940,昂利康,2026-07-14,2026-07-14,518,-0.01529177208564815,0.45,240,0.1,0.11078640004989214,0.5166666666666667,-0.002874565326154075,0.4666666666666667,240,1.0,0.12907394097389682,0.6166666666666667
1577,002109,兴化股份,2026-07-14,2026-07-14,517,-0.015356371322964786,0.35,120,10.0,0.054634393043837104,0.7166666666666667,-0.048063355871091284,0.3,120,1.0,0.0618615274881643,0.8666666666666667
1578,002892,科力尔,2026-07-14,2026-07-14,518,-0.01536326661759618,0.43333333333333335,120,10.0,0.041554961618237414,0.6666666666666666,-0.028739605790002246,0.38333333333333336,180,10.0,0.045241775890621755,0.8333333333333334
1579,601668,中国建筑,2026-07-14,2026-07-14,518,-0.01536686993667441,0.23333333333333334,180,10.0,0.017796286656221533,0.7166666666666667,-0.023112851274503174,0.11666666666666667,180,10.0,0.020597509159016116,0.7166666666666667
1580,002117,东港股份,2026-07-14,2026-07-14,518,-0.015387712819666284,0.3,120,10.0,0.030158290972334332,0.7166666666666667,-0.021786412298660966,0.23333333333333334,120,10.0,0.03809556518206414,0.7833333333333333
1581,601010,文峰股份,2026-07-14,2026-07-14,515,-0.015391164517571202,0.4166666666666667,240,10.0,0.06905544348839335,0.6,-0.0750995696356457,0.2833333333333333,180,10.0,0.09727491654376418,0.6333333333333333
1582,601158,重庆水务,2026-07-14,2026-07-14,518,-0.015436720860217544,0.16666666666666666,240,10.0,0.018989493101427564,0.6333333333333333,-0.14087854420535606,0.0,120,0.1,0.02533548235365665,0.6
1583,600901,江苏金租,2026-07-14,2026-07-14,518,-0.015478075625597993,0.2833333333333333,120,10.0,0.030809864246857593,0.5833333333333334,-0.0474545965759915,0.08333333333333333,120,1.0,0.04168578568250273,0.5166666666666667
1584,600959,江苏有线,2026-07-14,2026-07-14,518,-0.01551901888614747,0.2,120,10.0,0.035443553768231016,0.6166666666666667,-0.03483710706160751,0.08333333333333333,120,10.0,0.05364923888198181,0.5833333333333334
1585,600080,金花股份,2026-07-14,2026-07-14,517,-0.015528520256332798,0.31666666666666665,240,10.0,0.06269795529911258,0.6166666666666667,0.008385978397397421,0.45,240,0.1,0.08763154964569415,0.75
1586,000599,青岛双星,2026-07-14,2026-07-14,518,-0.015553992997064338,0.38333333333333336,120,10.0,0.0476243110901432,0.6166666666666667,-0.014819006576300314,0.36666666666666664,120,10.0,0.07200128418749488,0.6166666666666667
1587,600050,中国联通,2026-07-14,2026-07-14,518,-0.015574097291194798,0.26666666666666666,180,10.0,0.026698517039419976,0.6333333333333333,-0.02858340988825174,0.31666666666666665,120,10.0,0.03468355892692449,0.65
1588,001227,兰州银行,2026-07-14,2026-07-14,518,-0.01563257319698943,0.08333333333333333,240,10.0,0.014634120678319226,0.5333333333333333,-0.018545351369122973,0.03333333333333333,240,10.0,0.01784108478030529,0.6666666666666666
1589,002155,湖南黄金,2026-07-14,2026-07-14,508,-0.015700711381529946,0.15,240,10.0,0.07158345411008417,0.38333333333333336,-0.061224851022437285,0.08333333333333333,240,10.0,0.0955259686664546,0.36666666666666664
1590,000626,远大控股,2026-07-14,2026-07-14,518,-0.015758359661208934,0.25,120,10.0,0.059046458016293234,0.45,0.009046375332442718,0.2833333333333333,120,1.0,0.07942550833243442,0.5833333333333334
1591,600697,欧亚集团,2026-07-14,2026-07-14,518,-0.015773607062796725,0.16666666666666666,120,10.0,0.02837222494001997,0.6333333333333333,0.0032260439890886596,0.45,120,1.0,0.044441408322837675,0.7333333333333333
1592,000663,永安林业,2026-07-14,2026-07-14,518,-0.015776635006084474,0.2,120,10.0,0.03869905658305391,0.43333333333333335,0.022162567735193924,0.31666666666666665,120,0.1,0.05970929611853389,0.5666666666666667
1593,002991,甘源食品,2026-07-14,2026-07-14,518,-0.015806148013928403,0.3,180,10.0,0.029207280935954694,0.7333333333333333,-0.0361969206926496,0.2,180,1.0,0.037294576650334664,0.6833333333333333
1594,600004,白云机场,2026-07-14,2026-07-14,518,-0.015867892469165194,0.18333333333333332,180,10.0,0.02161216436448514,0.5333333333333333,-0.027553899967393228,0.06666666666666667,120,10.0,0.027887181092167933,0.65
1595,002131,利欧股份,2026-07-14,2026-07-14,515,-0.015868409181155365,0.2833333333333333,240,0.1,0.067881791243648,0.55,-0.113291625206205,0.03333333333333333,240,0.1,0.09273172359466339,0.65
1596,600256,广汇能源,2026-07-14,2026-07-14,518,-0.015907613958205048,0.38333333333333336,240,10.0,0.06044668210924523,0.4666666666666667,-0.03595005243017803,0.2,240,10.0,0.07764104791378654,0.5
1597,002105,信隆健康,2026-07-14,2026-07-14,518,-0.01599553058887438,0.21666666666666667,120,10.0,0.04087037965935826,0.4666666666666667,-0.0005859255685072041,0.26666666666666666,120,10.0,0.06540104023794027,0.5333333333333333
1598,603899,晨光股份,2026-07-14,2026-07-14,518,-0.01603071037855507,0.18333333333333332,120,10.0,0.027463608046390853,0.65,-0.029389547113890822,0.18333333333333332,120,10.0,0.03561294750578171,0.7333333333333333
1599,002368,太极股份,2026-07-14,2026-07-14,518,-0.01603675627946292,0.3,120,10.0,0.05187395951159078,0.65,-0.0386212147243619,0.18333333333333332,120,0.1,0.06358847435235968,0.6833333333333333
1600,002942,新农股份,2026-07-14,2026-07-14,518,-0.01607754356164158,0.11666666666666667,120,10.0,0.03576999290884302,0.5,-0.023645568749557682,0.06666666666666667,120,10.0,0.05598754271237309,0.65
1601,002014,永新股份,2026-07-14,2026-07-14,518,-0.016097273361330846,0.3,240,10.0,0.0279572317653241,0.6666666666666666,-0.0022882752122890438,0.43333333333333335,240,10.0,0.0379887165353774,0.5666666666666667
1602,002454,松芝股份,2026-07-14,2026-07-14,518,-0.01611860649704442,0.35,120,10.0,0.0694372445711197,0.6666666666666666,0.04614819069698281,0.48333333333333334,240,10.0,0.1200025423020379,0.6333333333333333
1603,002673,西部证券,2026-07-14,2026-07-14,518,-0.01612344180823555,0.21666666666666667,180,0.1,0.02377600928863751,0.6833333333333333,-0.0033555222752380525,0.35,180,10.0,0.03023599157994957,0.6666666666666666
1604,002419,天虹股份,2026-07-14,2026-07-14,518,-0.016145119688166495,0.11666666666666667,120,0.1,0.028390720925010732,0.6,-0.02897046767615733,0.03333333333333333,120,10.0,0.04326941240745732,0.7166666666666667
1605,600998,九州通,2026-07-14,2026-07-14,518,-0.01618300905133436,0.21666666666666667,180,10.0,0.025752265803392356,0.4666666666666667,-0.013374530867526081,0.25,180,10.0,0.03462856969930424,0.31666666666666665
1606,600586,金晶科技,2026-07-14,2026-07-14,518,-0.01619433779777631,0.13333333333333333,180,10.0,0.04745096274223427,0.4666666666666667,0.009694248618389727,0.26666666666666666,240,0.1,0.06920846362837887,0.4
1607,002746,仙坛股份,2026-07-14,2026-07-14,518,-0.016199641011548686,0.18333333333333332,120,1.0,0.02167687699866884,0.7833333333333333,-0.014068306519090589,0.26666666666666666,120,1.0,0.03421922731636065,0.8833333333333333
1608,002627,三峡旅游,2026-07-14,2026-07-14,518,-0.016203229374728047,0.3,240,10.0,0.03658546499016491,0.7,-0.043151687668944914,0.2,180,10.0,0.038973402631385365,0.85
1609,600009,上海机场,2026-07-14,2026-07-14,518,-0.016211204140572553,0.08333333333333333,120,10.0,0.01644776209471059,0.7333333333333333,-0.03045649713086713,0.03333333333333333,120,10.0,0.01908230533949261,0.95
1610,600612,老凤祥,2026-07-14,2026-07-14,518,-0.01625268269563051,0.16666666666666666,120,10.0,0.02884798998305433,0.5666666666666667,-0.0423816900272435,0.1,120,10.0,0.03807786518335613,0.65
1611,605007,五洲特纸,2026-07-14,2026-07-14,518,-0.016263878047069108,0.43333333333333335,180,1.0,0.044609123419984485,0.65,-0.08452289633655265,0.15,180,10.0,0.058588851915625094,0.7166666666666667
1612,002524,光正眼科,2026-07-14,2026-07-14,518,-0.01627121404532643,0.25,120,10.0,0.043096134821262136,0.55,-0.010698021906728625,0.25,120,10.0,0.06375065689968702,0.5
1613,002065,东华软件,2026-07-14,2026-07-14,518,-0.016288139636629527,0.25,120,10.0,0.028103729861823138,0.6833333333333333,-0.03420171706581891,0.16666666666666666,120,10.0,0.03570492527801813,0.75
1614,002836,新宏泽,2026-07-14,2026-07-14,518,-0.016293237940699055,0.18333333333333332,180,10.0,0.037543257226949824,0.5666666666666667,-0.08535251759535475,0.06666666666666667,120,0.1,0.0564658865865725,0.6666666666666666
1615,000560,我爱我家,2026-07-14,2026-07-14,518,-0.016295332143425986,0.18333333333333332,240,10.0,0.04485278248984536,0.6166666666666667,-0.03862484416996924,0.11666666666666667,240,10.0,0.0685305710284092,0.7166666666666667
1616,603568,伟明环保,2026-07-14,2026-07-14,518,-0.016328284770416812,0.48333333333333334,120,10.0,0.056487921001226495,0.75,-0.06834093523953935,0.3,120,1.0,0.08990128780005227,0.6166666666666667
1617,603878,武进不锈,2026-07-14,2026-07-14,518,-0.01634107444971785,0.25,240,10.0,0.06035396296484468,0.6833333333333333,-0.0190015094287173,0.16666666666666666,240,10.0,0.09357357195809454,0.6166666666666667
1618,600021,上海电力,2026-07-14,2026-07-14,518,-0.01634957343676633,0.31666666666666665,240,10.0,0.05701275933155236,0.6666666666666666,0.07025136417320851,0.8666666666666667,120,10.0,0.06511450198083164,0.65
1619,605399,晨光新材,2026-07-14,2026-07-14,518,-0.016361479927643238,0.21666666666666667,120,10.0,0.0545168868889033,0.55,0.023383057316649344,0.45,120,10.0,0.061694327357480774,0.6833333333333333
1620,603566,普莱柯,2026-07-14,2026-07-14,518,-0.016405331419298445,0.16666666666666666,120,10.0,0.0278385455555389,0.5833333333333334,-0.035100079760634575,0.13333333333333333,120,10.0,0.04674465465267755,0.5166666666666667
1621,000301,东方盛虹,2026-07-14,2026-07-14,518,-0.016495020198759945,0.2833333333333333,240,10.0,0.04354512557991355,0.5,0.012257917562503438,0.43333333333333335,240,10.0,0.049073661719583446,0.6833333333333333
1622,600673,东阳光,2026-07-14,2026-07-14,509,-0.01650575124625246,0.5,180,10.0,0.07429124951576456,0.43333333333333335,-0.0054543605020667615,0.6333333333333333,180,10.0,0.09083506330773461,0.5
1623,605066,天正电气,2026-07-14,2026-07-14,518,-0.016525953525939947,0.31666666666666665,120,10.0,0.0484382767946565,0.5666666666666667,-0.008407069275986691,0.4166666666666667,180,1.0,0.047805168329667164,0.7666666666666667
1624,002730,电光科技,2026-07-14,2026-07-14,518,-0.01657547587381171,0.35,240,10.0,0.06336106519103142,0.5,-0.04699277473519567,0.3,240,10.0,0.10512270904791951,0.4666666666666667
1625,600864,哈投股份,2026-07-14,2026-07-14,518,-0.01657687095452578,0.3,180,10.0,0.04079390613248874,0.6333333333333333,-0.014228697992078588,0.2,120,10.0,0.04971470937230606,0.7333333333333333
1626,002507,涪陵榨菜,2026-07-14,2026-07-14,518,-0.01659157129678637,0.2,120,10.0,0.023116320534852283,0.45,-0.025412017417610906,0.1,120,10.0,0.025556460988110253,0.7166666666666667
1627,603151,邦基科技,2026-07-14,2026-07-14,510,-0.016604717156061776,0.21666666666666667,240,1.0,0.036991211409732744,0.7333333333333333,-0.03439459941961828,0.18333333333333332,240,0.1,0.05130035969578571,0.8166666666666667
1628,601766,中国中车,2026-07-14,2026-07-14,518,-0.0166071832745436,0.18333333333333332,120,10.0,0.018886475086607124,0.7333333333333333,-0.03426737539977365,0.05,120,10.0,0.0202994664801553,0.8666666666666667
1629,000552,甘肃能化,2026-07-14,2026-07-14,508,-0.016619161688752347,0.3333333333333333,240,10.0,0.05116965352042064,0.48333333333333334,-0.04091085945915069,0.13333333333333333,120,10.0,0.0556484960340532,0.6166666666666667
1630,002801,微光股份,2026-07-14,2026-07-14,518,-0.01662900356928668,0.4166666666666667,120,10.0,0.037130598117910335,0.7166666666666667,-0.03775318866903053,0.2833333333333333,120,10.0,0.03705318335397916,0.7
1631,000919,金陵药业,2026-07-14,2026-07-14,518,-0.016636228552140017,0.06666666666666667,240,10.0,0.04142154494199844,0.38333333333333336,0.02476481582992939,0.18333333333333332,120,10.0,0.06992279765529683,0.48333333333333334
1632,603300,海南华铁,2026-07-14,2026-07-14,518,-0.016670164201185868,0.23333333333333334,180,10.0,0.039416933539561966,0.7833333333333333,-0.01919466614749147,0.23333333333333334,180,10.0,0.05713748542112697,0.8333333333333334
1633,600273,嘉化能源,2026-07-14,2026-07-14,518,-0.016674423953385444,0.16666666666666666,180,10.0,0.030850367021139278,0.7166666666666667,-0.030814814734625495,0.05,180,10.0,0.05035863963369997,0.7333333333333333
1634,603900,莱绅通灵,2026-07-14,2026-07-14,518,-0.016683116081319376,0.16666666666666666,180,0.1,0.03238483333926743,0.7166666666666667,-0.005374586187246434,0.2,180,0.1,0.046428024787136486,0.6833333333333333
1635,605319,无锡振华,2026-07-14,2026-07-14,518,-0.016700186009388236,0.21666666666666667,180,0.1,0.04371319407977655,0.6333333333333333,-0.044705847831135875,0.1,240,0.1,0.051393863069817074,0.7
1636,002209,达 意 隆,2026-07-14,2026-07-14,518,-0.016732801127288987,0.18333333333333332,240,10.0,0.05454030558739471,0.5833333333333334,-0.018514817773319224,0.15,240,0.1,0.07607163418445934,0.75
1637,000910,大亚圣象,2026-07-14,2026-07-14,518,-0.01673367090668247,0.2,240,10.0,0.029815550625193758,0.7666666666666667,-0.027064293703380704,0.08333333333333333,120,10.0,0.03373255631996333,0.7333333333333333
1638,600995,南网储能,2026-07-14,2026-07-14,518,-0.01678920159897446,0.26666666666666666,180,0.1,0.037266351491317774,0.6166666666666667,-0.002525851192181537,0.43333333333333335,180,1.0,0.043300559374521624,0.7333333333333333
1639,000534,万泽股份,2026-07-14,2026-07-14,518,-0.016792802430138636,0.16666666666666666,120,10.0,0.07582111288623074,0.5333333333333333,-0.032411501718552276,0.13333333333333333,120,10.0,0.10533839899829564,0.4166666666666667
1640,600138,中青旅,2026-07-14,2026-07-14,518,-0.016808439698009443,0.2,120,10.0,0.030277557471852755,0.5833333333333334,-0.05695877921430993,0.05,120,1.0,0.03788895596466547,0.7833333333333333
1641,000014,沙河股份,2026-07-14,2026-07-14,518,-0.01682197696834658,0.06666666666666667,120,10.0,0.025986542688365057,0.8,-0.03514285127762996,0.016666666666666666,120,10.0,0.03652196599532942,0.9333333333333333
1642,002728,特一药业,2026-07-14,2026-07-14,518,-0.016843291580139814,0.23333333333333334,180,10.0,0.057787631189093476,0.38333333333333336,-0.05814245776752463,0.18333333333333332,180,10.0,0.0880083230878918,0.3
1643,601377,兴业证券,2026-07-14,2026-07-14,518,-0.016855642730553122,0.3333333333333333,180,0.1,0.019005175294874808,0.5833333333333334,-0.0400563107852744,0.25,180,1.0,0.02773488646095053,0.6
1644,601083,锦江航运,2026-07-14,2026-07-14,518,-0.01689731412711385,0.16666666666666666,120,0.1,0.03191460352636219,0.7333333333333333,-0.022062662629076156,0.06666666666666667,120,1.0,0.04342561231836799,0.55
1645,600281,华阳新材,2026-07-14,2026-07-14,518,-0.016925156447672254,0.25,180,0.1,0.028109356983108746,0.7333333333333333,-0.025728164835521962,0.1,120,10.0,0.04171716897991041,0.75
1646,002401,中远海科,2026-07-14,2026-07-14,518,-0.01693963481166279,0.21666666666666667,120,10.0,0.031175907533035944,0.65,-0.028745698678366214,0.15,120,0.1,0.04064621843547371,0.75
1647,603107,上海汽配,2026-07-14,2026-07-14,518,-0.016998352936343344,0.1,120,10.0,0.021546265457656318,0.7166666666666667,-0.021291395674460388,0.11666666666666667,120,10.0,0.03081852843187689,0.85
1648,603596,伯特利,2026-07-14,2026-07-14,518,-0.01701129181331808,0.26666666666666666,240,0.1,0.07224915272136914,0.6333333333333333,-0.017941433880701907,0.3,240,10.0,0.09645216886374447,0.7666666666666667
1649,600279,重庆港,2026-07-14,2026-07-14,518,-0.017057756883287045,0.3333333333333333,180,10.0,0.05180081776341582,0.65,0.004931982966305169,0.43333333333333335,180,10.0,0.06850493086198524,0.6166666666666667
1650,600509,天富能源,2026-07-14,2026-07-14,518,-0.017124466764132734,0.5,180,10.0,0.05597449040355571,0.7333333333333333,-0.07521546834063784,0.2,180,0.1,0.06618328234533362,0.65
1651,600731,湖南海利,2026-07-14,2026-07-14,518,-0.017134537618739197,0.3333333333333333,120,10.0,0.030257412947323335,0.5666666666666667,-0.01732381056897624,0.3333333333333333,120,10.0,0.044124627331417865,0.65
1652,001213,中铁特货,2026-07-14,2026-07-14,518,-0.017158493404035483,0.15,120,10.0,0.017346930532203327,0.6,-0.02411228719428135,0.11666666666666667,120,10.0,0.024684947785348653,0.75
1653,000516,国际医学,2026-07-14,2026-07-14,518,-0.01718560208979747,0.11666666666666667,240,10.0,0.03170050989353923,0.3,-0.07172579055046172,0.016666666666666666,240,0.1,0.04336049305933276,0.45
1654,601965,中国汽研,2026-07-14,2026-07-14,518,-0.017190865987885374,0.25,120,10.0,0.05361905380268703,0.6333333333333333,-0.11097533272945663,0.05,240,10.0,0.06620460433695764,0.7
1655,000513,丽珠集团,2026-07-14,2026-07-14,518,-0.01722276705943538,0.25,240,10.0,0.025459387203478893,0.5,-0.024164163410020242,0.2,120,10.0,0.030673040268325784,0.6166666666666667
1656,600416,湘电股份,2026-07-14,2026-07-14,518,-0.017229622922635003,0.2833333333333333,240,0.1,0.05028674782544953,0.7,-0.01509830002952096,0.21666666666666667,180,10.0,0.0570294565325362,0.5833333333333334
1657,002084,海鸥住工,2026-07-14,2026-07-14,518,-0.017234607101945517,0.31666666666666665,120,10.0,0.0361815599122464,0.5166666666666667,-0.06676063603444594,0.08333333333333333,120,0.1,0.04189814298011355,0.7
1658,000735,罗 牛 山,2026-07-14,2026-07-14,518,-0.01726894724456565,0.2833333333333333,180,10.0,0.03806372953579278,0.7166666666666667,-0.007631028058057987,0.31666666666666665,120,0.1,0.04969440248197868,0.65
1659,603098,森特股份,2026-07-14,2026-07-14,518,-0.0173185116141941,0.23333333333333334,240,1.0,0.04391555897223545,0.5833333333333334,-0.057367365634888874,0.1,240,0.1,0.06249038454729714,0.55
1660,600081,东风科技,2026-07-14,2026-07-14,518,-0.017357234016226058,0.2,120,10.0,0.03558047834743229,0.8166666666666667,0.04485145734125618,0.9,120,1.0,0.04473201480931695,0.8833333333333333
1661,000709,河钢股份,2026-07-14,2026-07-14,518,-0.017374146302240722,0.13333333333333333,240,10.0,0.028144225780538216,0.5,-0.014280862861493828,0.11666666666666667,180,10.0,0.04011432640307913,0.5
1662,603778,国晟科技,2026-07-14,2026-07-14,515,-0.01746392409094842,0.18333333333333332,240,10.0,0.13351379377175207,0.48333333333333334,-0.05481891064599895,0.016666666666666666,240,10.0,0.23805409244467135,0.26666666666666666
1663,600965,福成股份,2026-07-14,2026-07-14,517,-0.017470630809581333,0.31666666666666665,120,10.0,0.06888989099735032,0.7166666666666667,-0.11392973358253511,0.05,240,0.1,0.09809931257034084,0.8333333333333334
1664,002186,全 聚 德,2026-07-14,2026-07-14,518,-0.01753942226417269,0.2,120,10.0,0.02388129241277019,0.65,-0.014202693744009657,0.2,120,10.0,0.03528633404561124,0.75
1665,000505,京粮控股,2026-07-14,2026-07-14,518,-0.017586599540606408,0.25,240,10.0,0.042806291173764936,0.5,0.0005480028062870776,0.38333333333333336,120,0.1,0.05210673634107461,0.6333333333333333
1666,601216,君正集团,2026-07-14,2026-07-14,518,-0.017643085460351385,0.2,180,1.0,0.03251580122500697,0.65,-0.0194813545640486,0.23333333333333334,180,0.1,0.04033981031969714,0.7333333333333333
1667,603227,雪峰科技,2026-07-14,2026-07-14,516,-0.01768235299121981,0.08333333333333333,120,10.0,0.035684009053994596,0.65,-0.08686897294599466,0.0,180,0.1,0.04468599345063977,0.75
1668,002530,金财互联,2026-07-14,2026-07-14,518,-0.017693244453079113,0.18333333333333332,120,10.0,0.03991804964093656,0.5166666666666667,-0.027124913105247787,0.08333333333333333,120,10.0,0.05126604198372967,0.7166666666666667
1669,600560,金自天正,2026-07-14,2026-07-14,518,-0.017705302947722178,0.21666666666666667,120,10.0,0.030055584932326483,0.7666666666666667,0.001754946525707915,0.35,120,10.0,0.032500145730883494,0.7666666666666667
1670,002989,中天精装,2026-07-14,2026-07-14,518,-0.01771957450546027,0.5166666666666667,120,10.0,0.09896101282272349,0.55,-0.03766803991727702,0.5,120,10.0,0.12405734884120892,0.7
1671,002244,滨江集团,2026-07-14,2026-07-14,518,-0.017764279312324507,0.38333333333333336,180,10.0,0.05863280549472048,0.7,-0.09231170169610664,0.06666666666666667,120,1.0,0.05105280337483578,0.8833333333333333
1672,605133,嵘泰股份,2026-07-14,2026-07-14,518,-0.01776873704716887,0.4666666666666667,180,10.0,0.08202791945523596,0.5166666666666667,-0.02514217303738649,0.55,240,10.0,0.12041306288582271,0.38333333333333336
1673,000791,甘肃能源,2026-07-14,2026-07-14,518,-0.01777187653930284,0.23333333333333334,120,1.0,0.07843831598568439,0.65,-0.07938169123957288,0.13333333333333333,120,1.0,0.08007347969845494,0.65
1674,600266,城建发展,2026-07-14,2026-07-14,518,-0.017781977196214275,0.13333333333333333,240,0.1,0.0523036263933855,0.5,-0.023100607554679298,0.08333333333333333,240,0.1,0.0778468141256361,0.4
1675,603558,健盛集团,2026-07-14,2026-07-14,518,-0.017811055122534506,0.2833333333333333,120,10.0,0.03867837016496481,0.6166666666666667,-0.02681755666448653,0.23333333333333334,120,1.0,0.04281330964571486,0.55
1676,603096,新经典,2026-07-14,2026-07-14,518,-0.01792919935372254,0.23333333333333334,120,10.0,0.03202010146609247,0.7,-0.03875142264469485,0.05,120,1.0,0.04918020798909092,0.7166666666666667
1677,600980,北矿科技,2026-07-14,2026-07-14,518,-0.017935726969440593,0.18333333333333332,120,10.0,0.04231216252398635,0.6,0.0024456271615589525,0.3333333333333333,120,10.0,0.05709257945171708,0.6
1678,600775,南京熊猫,2026-07-14,2026-07-14,518,-0.017935926605324667,0.21666666666666667,240,0.1,0.060935130644546726,0.43333333333333335,-0.06513355281256455,0.016666666666666666,240,0.1,0.08523760047769999,0.45
1679,603700,宁水集团,2026-07-14,2026-07-14,518,-0.017938655742636804,0.15,120,10.0,0.033998500987745886,0.5666666666666667,-0.0062516851328728576,0.31666666666666665,120,1.0,0.040833649875799745,0.5833333333333334
1680,001277,速达股份,2026-07-14,2026-07-14,448,-0.018028146634620115,0.13333333333333333,120,10.0,0.029760428855471335,0.7166666666666667,-0.00870315698338259,0.26666666666666666,120,1.0,0.04100870465439373,0.8666666666666667
1681,600606,绿地控股,2026-07-14,2026-07-14,518,-0.018042027638304918,0.25,240,0.1,0.04440416866335704,0.7833333333333333,-0.009978450289208988,0.23333333333333334,120,1.0,0.04217205191936722,0.6833333333333333
1682,600018,上港集团,2026-07-14,2026-07-14,518,-0.01804402535064133,0.3,180,10.0,0.018386386698498534,0.6166666666666667,-0.02579560625888412,0.36666666666666664,120,10.0,0.02582506250548068,0.65
1683,603613,国联股份,2026-07-14,2026-07-14,518,-0.018167078903219377,0.43333333333333335,120,0.1,0.03899487200862909,0.7833333333333333,0.08857479648731242,1.0,120,0.1,0.05377618746211594,0.9333333333333333
1684,600758,辽宁能源,2026-07-14,2026-07-14,518,-0.018189169159104936,0.48333333333333334,120,10.0,0.08268183651629482,0.6333333333333333,0.02053134843041497,0.6333333333333333,120,1.0,0.10531051747658284,0.6333333333333333
1685,002369,卓翼科技,2026-07-14,2026-07-14,518,-0.01818961599848962,0.18333333333333332,120,0.1,0.025650956614673297,0.8333333333333334,-0.0459159316593557,0.1,120,1.0,0.036138838223002984,0.9
1686,000960,锡业股份,2026-07-14,2026-07-14,518,-0.01820293244754602,0.5333333333333333,120,10.0,0.09036339787298095,0.6833333333333333,0.049424014581494015,0.7666666666666667,180,10.0,0.08456069642672386,0.7833333333333333
1687,600626,申达股份,2026-07-14,2026-07-14,518,-0.018205748913261786,0.2833333333333333,120,10.0,0.032250772683185755,0.6833333333333333,-0.04564039508847437,0.08333333333333333,120,10.0,0.04043422257696213,0.7666666666666667
1688,002097,山河智能,2026-07-14,2026-07-14,518,-0.018221079511081824,0.23333333333333334,120,10.0,0.03088355730995328,0.6833333333333333,-0.017313903721956507,0.15,120,0.1,0.04011072522061147,0.85
1689,002061,浙江交科,2026-07-14,2026-07-14,518,-0.018295520755731164,0.18333333333333332,180,10.0,0.02462534959967983,0.5333333333333333,-0.01433793626393572,0.15,180,0.1,0.025480151601183207,0.7333333333333333
1690,600170,上海建工,2026-07-14,2026-07-14,518,-0.018301244751429895,0.16666666666666666,240,0.1,0.025225325577781406,0.5166666666666667,-0.05021551571802178,0.03333333333333333,240,0.1,0.03465413840519045,0.6
1691,002564,天沃科技,2026-07-14,2026-07-14,517,-0.018305824966509877,0.13333333333333333,120,10.0,0.03280742973578318,0.8166666666666667,-0.022794654408522606,0.11666666666666667,120,10.0,0.05556351721515075,0.7666666666666667
1692,600117,西宁特钢,2026-07-14,2026-07-14,517,-0.018333163531790268,0.3,120,10.0,0.025642105429519786,0.7166666666666667,-0.021499514737854025,0.13333333333333333,120,10.0,0.03043578401478438,0.7833333333333333
1693,600803,新奥股份,2026-07-14,2026-07-14,512,-0.018449704144272244,0.25,240,10.0,0.038082281325617216,0.5333333333333333,-0.021294640087446245,0.21666666666666667,240,10.0,0.05620348207905515,0.5666666666666667
1694,000009,中国宝安,2026-07-14,2026-07-14,518,-0.01851707866336518,0.2,180,10.0,0.02832226163050546,0.7333333333333333,-0.02599952294003363,0.13333333333333333,180,10.0,0.038437185827517276,0.8166666666666667
1695,601579,会稽山,2026-07-14,2026-07-14,518,-0.018532438496782277,0.18333333333333332,120,10.0,0.029610070672467896,0.75,-0.016845014464315487,0.2,120,10.0,0.03571927336793804,0.75
1696,002410,广联达,2026-07-14,2026-07-14,518,-0.018543965334719775,0.11666666666666667,240,10.0,0.035759919076576815,0.5833333333333334,-0.029252835228781447,0.08333333333333333,120,10.0,0.05623678288798435,0.5833333333333334
1697,000917,电广传媒,2026-07-14,2026-07-14,518,-0.018552581826092537,0.21666666666666667,240,10.0,0.05085307249821272,0.5,-0.055228955811555756,0.08333333333333333,180,10.0,0.07068483690518122,0.5833333333333334
1698,600551,时代出版,2026-07-14,2026-07-14,518,-0.018562977496809477,0.21666666666666667,120,10.0,0.027590536056676017,0.6,-0.012035825327064957,0.1,120,10.0,0.036344440479117925,0.6833333333333333
1699,603797,联泰环保,2026-07-14,2026-07-14,518,-0.018641640695149966,0.15,120,10.0,0.026605693157908717,0.6166666666666667,-0.02174082520328676,0.15,120,10.0,0.03805127662151509,0.7833333333333333
1700,600251,冠农股份,2026-07-14,2026-07-14,518,-0.01865288292676389,0.3333333333333333,180,1.0,0.049901772931920906,0.5833333333333334,-0.036784780900223434,0.25,120,1.0,0.06644772920019877,0.7333333333333333
1701,002330,得利斯,2026-07-14,2026-07-14,518,-0.018669566440193186,0.11666666666666667,120,0.1,0.030594806888002347,0.6166666666666667,-0.03422531761698642,0.08333333333333333,120,10.0,0.04302819343665962,0.6666666666666666
1702,000652,泰达股份,2026-07-14,2026-07-14,518,-0.018669775628045077,0.18333333333333332,240,0.1,0.025977301901488933,0.75,-0.01645232694193763,0.26666666666666666,240,0.1,0.04634271685783324,0.7666666666666667
1703,603269,海鸥股份,2026-07-14,2026-07-14,518,-0.018680447517009615,0.48333333333333334,180,10.0,0.10869380662405057,0.4666666666666667,-0.18996205830735158,0.21666666666666667,180,0.1,0.13699565425000212,0.8
1704,000995,皇台酒业,2026-07-14,2026-07-14,518,-0.01872898346960815,0.4,240,10.0,0.037912371892335116,0.75,-0.0322612351352797,0.2833333333333333,240,0.1,0.0601380933877617,0.7166666666666667
1705,600035,楚天高速,2026-07-14,2026-07-14,518,-0.018759297347535148,0.13333333333333333,120,10.0,0.016712874606408138,0.7333333333333333,-0.10481085192963516,0.0,120,0.1,0.018511102911852515,0.8166666666666667
1706,600368,五洲交通,2026-07-14,2026-07-14,518,-0.01878132319221903,0.3,240,0.1,0.02491240801309872,0.6333333333333333,-0.062488672278612684,0.03333333333333333,240,0.1,0.03031993502526787,0.6833333333333333
1707,002516,旷达科技,2026-07-14,2026-07-14,513,-0.01884304827518772,0.38333333333333336,120,10.0,0.03593488986076311,0.55,-0.03164726576146722,0.13333333333333333,240,10.0,0.04052708145014558,0.7666666666666667
1708,600639,浦东金桥,2026-07-14,2026-07-14,518,-0.018846742104143704,0.2,180,10.0,0.024028297964275434,0.6,-0.048432823436481344,0.03333333333333333,180,1.0,0.02916536355506937,0.8333333333333334
1709,600426,华鲁恒升,2026-07-14,2026-07-14,518,-0.01887889439185021,0.31666666666666665,240,0.1,0.06570387461399847,0.55,-0.09314266941468699,0.08333333333333333,120,1.0,0.07428079712618117,0.7833333333333333
1710,002412,汉森制药,2026-07-14,2026-07-14,518,-0.01889132758491282,0.31666666666666665,180,10.0,0.041406748203958725,0.55,-0.027046737501402168,0.3333333333333333,120,1.0,0.0591975931264667,0.6
1711,600822,上海物贸,2026-07-14,2026-07-14,518,-0.0189803001009599,0.08333333333333333,120,10.0,0.02942413080513957,0.5833333333333334,-0.03564033417939873,0.05,120,10.0,0.043982827931133596,0.5833333333333334
1712,002353,杰瑞股份,2026-07-14,2026-07-14,518,-0.019025648381558388,0.26666666666666666,120,10.0,0.06855479805752572,0.65,0.15026878040430827,0.9,180,10.0,0.07398096655406428,0.7666666666666667
1713,002797,第一创业,2026-07-14,2026-07-14,518,-0.019042215544365304,0.3333333333333333,240,0.1,0.04123573490140907,0.5,-0.02504140273852596,0.36666666666666664,240,10.0,0.05630792385501285,0.5333333333333333
1714,603605,珀莱雅,2026-07-14,2026-07-14,518,-0.019089729974777692,0.3,240,10.0,0.04668249591497343,0.48333333333333334,-0.0385277662280268,0.45,120,10.0,0.06397865586336746,0.5333333333333333
1715,002639,雪人集团,2026-07-14,2026-07-14,518,-0.019107706189200862,0.26666666666666666,180,0.1,0.05902807597866973,0.5666666666666667,-0.03874204956598311,0.03333333333333333,120,0.1,0.07995373126323531,0.65
1716,603058,永吉股份,2026-07-14,2026-07-14,508,-0.01911461580454833,0.21666666666666667,240,0.1,0.046715779584786746,0.5333333333333333,-0.015234392549812681,0.18333333333333332,240,10.0,0.06150215344970735,0.5833333333333334
1717,002628,成都路桥,2026-07-14,2026-07-14,518,-0.01913657153940536,0.4,240,10.0,0.0613594671547824,0.4666666666666667,-0.017011173333247677,0.5,240,10.0,0.08107255926880137,0.5
1718,603280,南方路机,2026-07-14,2026-07-14,518,-0.01917575295014979,0.08333333333333333,120,10.0,0.029715013673496153,0.7333333333333333,-0.05533946963129126,0.05,120,1.0,0.043990783064523656,0.7166666666666667
1719,603985,恒润股份,2026-07-14,2026-07-14,518,-0.01928469981396206,0.26666666666666666,240,10.0,0.07068790549320719,0.5333333333333333,0.043144871974878124,0.4666666666666667,240,10.0,0.10758474431634478,0.5166666666666667
1720,002846,英联股份,2026-07-14,2026-07-14,518,-0.019322289727442155,0.26666666666666666,120,10.0,0.05409790140173167,0.7333333333333333,-0.005342717295772202,0.36666666666666664,120,10.0,0.07541908440759507,0.7666666666666667
1721,000726,鲁  泰Ａ,2026-07-14,2026-07-14,518,-0.01932966317812035,0.16666666666666666,120,0.1,0.026778588619747502,0.55,-0.020824917469819064,0.15,120,10.0,0.032518681974615514,0.6666666666666666
1722,600137,浪莎股份,2026-07-14,2026-07-14,518,-0.019478885324262705,0.3333333333333333,120,1.0,0.037198645301352896,0.7,-0.03478790099608924,0.31666666666666665,120,0.1,0.04706559158335664,0.7666666666666667
1723,601186,中国铁建,2026-07-14,2026-07-14,518,-0.01948999288203982,0.1,180,10.0,0.01608443335868679,0.7166666666666667,-0.024093428596061284,0.08333333333333333,240,0.1,0.019898279331430978,0.7833333333333333
1724,603893,瑞芯微,2026-07-14,2026-07-14,518,-0.019528441324813135,0.5333333333333333,120,10.0,0.05764396862460601,0.5833333333333334,-0.033805957573232716,0.5666666666666667,120,1.0,0.0794736686720752,0.5833333333333334
1725,000407,胜利股份,2026-07-14,2026-07-14,508,-0.01955207993530822,0.16666666666666666,240,10.0,0.03792613758529561,0.6166666666666667,-0.0457323821646008,0.06666666666666667,240,0.1,0.052421919754792254,0.5666666666666667
1726,002849,威星智能,2026-07-14,2026-07-14,518,-0.019558114660640415,0.26666666666666666,120,10.0,0.04644766201802179,0.6333333333333333,-0.03670238171500803,0.2,120,1.0,0.05229628949631649,0.7
1727,002758,浙农股份,2026-07-14,2026-07-14,518,-0.019562026108523672,0.18333333333333332,180,10.0,0.03331450305947041,0.4666666666666667,-0.030817949390803248,0.11666666666666667,180,10.0,0.041989568380214455,0.6166666666666667
1728,001215,千味央厨,2026-07-14,2026-07-14,518,-0.019566312894808383,0.4666666666666667,120,10.0,0.05878128615527172,0.7833333333333333,0.01238836724980997,0.65,120,10.0,0.08218942018315434,0.7
1729,603171,税友股份,2026-07-14,2026-07-14,518,-0.01961273803893532,0.3,180,10.0,0.0652681245633787,0.5666666666666667,0.007098388933517429,0.3333333333333333,240,10.0,0.07698483454689065,0.7166666666666667
1730,601865,福莱特,2026-07-14,2026-07-14,518,-0.019664685838021594,0.16666666666666666,120,10.0,0.04093624156330048,0.6333333333333333,-0.04570489273800049,0.08333333333333333,180,0.1,0.04606135767915836,0.7666666666666667
1731,601818,光大银行,2026-07-14,2026-07-14,518,-0.01970325561835778,0.16666666666666666,120,10.0,0.01454701078058262,0.7333333333333333,-0.05009678324189394,0.0,120,0.1,0.012986809715116373,0.6833333333333333
1732,000898,鞍钢股份,2026-07-14,2026-07-14,518,-0.019735434025958915,0.03333333333333333,180,10.0,0.024239833965869713,0.6333333333333333,-0.032610358328376,0.03333333333333333,120,10.0,0.03611112184659926,0.6
1733,002860,星帅尔,2026-07-14,2026-07-14,518,-0.019830152510838486,0.55,180,0.1,0.05422365368327379,0.6166666666666667,-0.04522176358846666,0.5333333333333333,180,10.0,0.07429795937274483,0.6333333333333333
1734,600692,亚通股份,2026-07-14,2026-07-14,518,-0.019835926475290738,0.23333333333333334,120,10.0,0.04363702611737878,0.5833333333333334,-0.027860810433508083,0.26666666666666666,120,1.0,0.07058855357926669,0.5166666666666667
1735,603129,春风动力,2026-07-14,2026-07-14,518,-0.019851208522860472,0.3333333333333333,180,10.0,0.03573566823804608,0.7166666666666667,-0.00514068081383119,0.4666666666666667,180,0.1,0.052870253611233424,0.75
1736,002588,史丹利,2026-07-14,2026-07-14,518,-0.019854043984528398,0.2,120,10.0,0.045200203533014315,0.45,-0.045476497501181594,0.11666666666666667,120,10.0,0.0570551922235272,0.65
1737,600495,晋西车轴,2026-07-14,2026-07-14,518,-0.01987015312012736,0.21666666666666667,240,10.0,0.027834829260391786,0.6833333333333333,-0.07373455216032929,0.05,120,10.0,0.04016531070405414,0.7
1738,001311,多利科技,2026-07-14,2026-07-14,518,-0.019917862956303184,0.3,240,10.0,0.07024925960027972,0.6833333333333333,-0.10564658901052569,0.06666666666666667,240,10.0,0.08565652327111642,0.7666666666666667
1739,000858,五 粮 液,2026-07-14,2026-07-14,518,-0.019954460409114083,0.11666666666666667,240,10.0,0.026961904905691312,0.8333333333333334,-0.0442807406203418,0.05,240,0.1,0.035312867894368764,0.95
1740,600515,海南机场,2026-07-14,2026-07-14,518,-0.02002112215675499,0.16666666666666666,120,10.0,0.02105377871403844,0.8,-0.03414428463403041,0.1,120,10.0,0.025635672955730587,0.8833333333333333
1741,600305,恒顺醋业,2026-07-14,2026-07-14,518,-0.020080650805030645,0.13333333333333333,120,10.0,0.01759416164358879,0.6,-0.03111618424650289,0.08333333333333333,120,10.0,0.02459537400852798,0.6166666666666667
1742,600684,珠江股份,2026-07-14,2026-07-14,518,-0.020103083010044518,0.08333333333333333,180,10.0,0.028210120852634715,0.7666666666666667,-0.03575249682462672,0.1,120,10.0,0.038842647119105636,0.9166666666666666
1743,000571,新大洲A,2026-07-14,2026-07-14,518,-0.020168732812532505,0.3333333333333333,180,10.0,0.07347666061364132,0.5166666666666667,0.015779832132175885,0.43333333333333335,180,10.0,0.0967589722040463,0.5166666666666667
1744,605358,立昂微,2026-07-14,2026-07-14,518,-0.020183970871911573,0.5,240,10.0,0.09131710555868626,0.7,-0.07991376026728836,0.45,120,10.0,0.1264684939930936,0.7833333333333333
1745,000715,中兴商业,2026-07-14,2026-07-14,518,-0.020213090644274963,0.16666666666666666,120,10.0,0.03960638993693723,0.48333333333333334,-0.02754028504187167,0.21666666666666667,120,10.0,0.06038336265845096,0.7
1746,002158,汉钟精机,2026-07-14,2026-07-14,518,-0.020222197386880126,0.5833333333333334,120,10.0,0.08087135392119583,0.6666666666666666,0.06796293480570809,0.9166666666666666,120,10.0,0.12800525453062464,0.7333333333333333
1747,601077,渝农商行,2026-07-14,2026-07-14,518,-0.020235519745675477,0.2,240,10.0,0.028778922875775274,0.5833333333333334,-0.033916226537447455,0.11666666666666667,240,10.0,0.03844469214094114,0.5666666666666667
1748,603005,晶方科技,2026-07-14,2026-07-14,518,-0.020256029954311583,0.5333333333333333,120,10.0,0.08397121402466202,0.6166666666666667,-0.03535257275235205,0.6166666666666667,120,10.0,0.11349356076517297,0.6666666666666666
1749,603508,思维列控,2026-07-14,2026-07-14,513,-0.020270535912775965,0.21666666666666667,120,10.0,0.039164772130754845,0.5,-0.029789541655452893,0.21666666666666667,120,10.0,0.051844955765523136,0.6333333333333333
1750,002858,力盛体育,2026-07-14,2026-07-14,518,-0.020276086127659673,0.23333333333333334,120,10.0,0.052670367813472535,0.5666666666666667,-0.04382801147395427,0.03333333333333333,120,10.0,0.07359230875146931,0.6833333333333333
1751,000401,金隅冀东,2026-07-14,2026-07-14,518,-0.020293427472249548,0.25,120,10.0,0.0295732000047129,0.75,-0.04719691328928244,0.11666666666666667,120,10.0,0.0402960492547649,0.9333333333333333
1752,002290,禾盛新材,2026-07-14,2026-07-14,518,-0.020297953986417597,0.43333333333333335,120,10.0,0.07375834352084154,0.6166666666666667,0.09197291506359201,0.7333333333333333,120,10.0,0.10509446993457594,0.6833333333333333
1753,603325,博隆技术,2026-07-14,2026-07-14,518,-0.0203366628012166,0.3,120,10.0,0.055421755565079646,0.55,-0.06837977728242287,0.18333333333333332,120,1.0,0.06966534638662858,0.6166666666666667
1754,002291,遥望科技,2026-07-14,2026-07-14,518,-0.02035496728982817,0.13333333333333333,180,10.0,0.047145139230688575,0.5333333333333333,-0.003290959106251032,0.1,180,10.0,0.08072041435100807,0.6166666666666667
1755,000788,北大医药,2026-07-14,2026-07-14,518,-0.020386089553098754,0.13333333333333333,240,10.0,0.044080179713485705,0.48333333333333334,-0.034672237481914045,0.08333333333333333,240,10.0,0.0573557097557836,0.48333333333333334
1756,600773,西藏城投,2026-07-14,2026-07-14,518,-0.020389168470667775,0.2833333333333333,180,0.1,0.09003768600622038,0.6166666666666667,-0.020224052954083607,0.23333333333333334,180,0.1,0.16119612959701188,0.6333333333333333
1757,600127,金健米业,2026-07-14,2026-07-14,518,-0.020408860014904107,0.2,120,1.0,0.03851825246770199,0.5333333333333333,-0.04708732524662876,0.08333333333333333,120,1.0,0.04692697563337398,0.6666666666666666
1758,601665,齐鲁银行,2026-07-14,2026-07-14,518,-0.0204168757437798,0.31666666666666665,240,1.0,0.027286883824954165,0.6333333333333333,-0.04786155944975486,0.25,240,0.1,0.03688562950601115,0.7333333333333333
1759,002694,顾地科技,2026-07-14,2026-07-14,517,-0.020436110969899484,0.18333333333333332,120,0.1,0.04178858071888694,0.75,-0.04699454935293678,0.1,180,10.0,0.048824339396428725,0.7833333333333333
1760,002184,海得控制,2026-07-14,2026-07-14,518,-0.020474787547147138,0.35,120,0.1,0.0322671089961784,0.75,0.01807798815010872,0.7833333333333333,120,0.1,0.034362242101490845,0.75
1761,002526,山东矿机,2026-07-14,2026-07-14,518,-0.020485188676072075,0.11666666666666667,120,10.0,0.03048942595873961,0.7166666666666667,-0.06623455191486112,0.016666666666666666,240,0.1,0.04399962231820661,0.6
1762,600185,珠免集团,2026-07-14,2026-07-14,518,-0.02050969091902974,0.15,120,10.0,0.03817711960909586,0.45,-0.020051499672322115,0.16666666666666666,120,10.0,0.052232849985209405,0.5333333333333333
1763,001400,江顺科技,2026-07-14,2026-07-14,296,-0.020512908521890277,0.18333333333333332,120,10.0,0.1381221262918423,0.45,-0.0093212693135745,0.2,120,0.1,0.1884092208479452,0.6833333333333333
1764,003012,东鹏控股,2026-07-14,2026-07-14,518,-0.020523774005269845,0.21666666666666667,180,10.0,0.02663007413069807,0.8166666666666667,-0.05358171635105668,0.11666666666666667,180,10.0,0.046214070306509765,0.8666666666666667
1765,600039,四川路桥,2026-07-14,2026-07-14,518,-0.020534749159314716,0.3,120,10.0,0.03599673627617079,0.9,-0.011771047233211237,0.43333333333333335,120,10.0,0.04789794941348856,0.7666666666666667
1766,603237,五芳斋,2026-07-14,2026-07-14,518,-0.020561347091236658,0.18333333333333332,120,10.0,0.0297851758965618,0.75,-0.029696223979509544,0.21666666666666667,120,10.0,0.05570608048829914,0.65
1767,601311,骆驼股份,2026-07-14,2026-07-14,518,-0.02057025650291886,0.2,240,10.0,0.03416139040064301,0.5166666666666667,-0.0331549849510909,0.2,120,1.0,0.04290649183701745,0.7333333333333333
1768,000686,东北证券,2026-07-14,2026-07-14,518,-0.020637490589566612,0.2833333333333333,120,10.0,0.03195635908130281,0.6833333333333333,-0.0017064545065669998,0.5333333333333333,120,10.0,0.03986525195171144,0.7
1769,000983,山西焦煤,2026-07-14,2026-07-14,518,-0.020639338794120887,0.3333333333333333,120,10.0,0.051118745351322145,0.5833333333333334,-0.0666991984873418,0.15,120,0.1,0.057331623218345375,0.7166666666666667
1770,002093,国脉科技,2026-07-14,2026-07-14,518,-0.020647647579899,0.2,180,10.0,0.03844868058264909,0.6333333333333333,-0.06343717513695996,0.03333333333333333,180,1.0,0.05446546977372366,0.75
1771,002218,拓日新能,2026-07-14,2026-07-14,518,-0.02069051947366035,0.1,240,10.0,0.0616772143768306,0.35,-0.0014265467124958357,0.13333333333333333,240,10.0,0.10443294263980735,0.4
1772,603658,安图生物,2026-07-14,2026-07-14,518,-0.020706892147008632,0.23333333333333334,180,1.0,0.02457999437426506,0.65,-0.03339321808541966,0.15,120,1.0,0.02335118640298203,0.7166666666666667
1773,000731,四川美丰,2026-07-14,2026-07-14,518,-0.020738287681821843,0.21666666666666667,120,10.0,0.038397135161509804,0.6166666666666667,-0.07212012794404957,0.08333333333333333,120,10.0,0.04827159934345806,0.7166666666666667
1774,601686,友发集团,2026-07-14,2026-07-14,518,-0.02073952856354835,0.2,120,10.0,0.024467596051411713,0.65,-0.026129976313644054,0.15,120,1.0,0.030731796607391663,0.6666666666666666
1775,600363,联创光电,2026-07-14,2026-07-14,518,-0.02074275456629297,0.23333333333333334,180,10.0,0.07739656354599665,0.6166666666666667,0.012696991833685597,0.4,120,10.0,0.09241873706041578,0.5833333333333334
1776,603069,海汽集团,2026-07-14,2026-07-14,518,-0.020743935770110154,0.21666666666666667,240,10.0,0.0503155791784416,0.5166666666666667,-0.014432519058637967,0.26666666666666666,120,10.0,0.07244504874848963,0.6333333333333333
1777,000750,国海证券,2026-07-14,2026-07-14,518,-0.02079455932276988,0.21666666666666667,120,10.0,0.02457340554338827,0.55,-0.009793259009323395,0.36666666666666664,120,10.0,0.028529336828946775,0.65
1778,603656,泰禾智能,2026-07-14,2026-07-14,518,-0.02081068905600872,0.2,120,10.0,0.02668102041401239,0.5333333333333333,-0.004540014946046143,0.2,180,10.0,0.0311039310797659,0.7
1779,002595,豪迈科技,2026-07-14,2026-07-14,518,-0.02081162778714127,0.3,240,10.0,0.058789653483679274,0.7166666666666667,-0.04810562871922725,0.2,240,10.0,0.08460238440708306,0.9333333333333333
1780,600919,江苏银行,2026-07-14,2026-07-14,518,-0.02082443405363693,0.16666666666666666,240,1.0,0.017645191989577116,0.6166666666666667,-0.04079019170136324,0.06666666666666667,240,0.1,0.022923832852216615,0.65
1781,000728,国元证券,2026-07-14,2026-07-14,518,-0.020828998700271113,0.25,180,10.0,0.029253210267781722,0.6333333333333333,-0.021562573235037387,0.36666666666666664,180,10.0,0.036384261392924416,0.6833333333333333
1782,003029,吉大正元,2026-07-14,2026-07-14,518,-0.020841047891915522,0.25,120,10.0,0.030590106421246818,0.6666666666666666,-0.04244441522769287,0.2,120,10.0,0.04745956601552968,0.75
1783,002178,延华智能,2026-07-14,2026-07-14,518,-0.020867994634153977,0.13333333333333333,180,10.0,0.04057615947291649,0.5333333333333333,-0.172603274879176,0.0,120,0.1,0.04636069393741006,0.75
1784,000538,云南白药,2026-07-14,2026-07-14,518,-0.020898120999604357,0.16666666666666666,120,1.0,0.02143214072107448,0.6166666666666667,-0.025237492433177116,0.15,120,1.0,0.024845011844454024,0.7166666666666667
1785,002054,德美化工,2026-07-14,2026-07-14,518,-0.020928951765545847,0.13333333333333333,120,10.0,0.051519443469874186,0.36666666666666664,-0.02670116305332542,0.06666666666666667,120,10.0,0.08168427028734344,0.4166666666666667
1786,001207,联科科技,2026-07-14,2026-07-14,518,-0.020943857530875153,0.38333333333333336,180,10.0,0.05162221730892332,0.55,-0.0349726299825475,0.38333333333333336,240,10.0,0.0822813612446292,0.8166666666666667
1787,002095,生 意 宝,2026-07-14,2026-07-14,518,-0.021026174490408757,0.15,240,10.0,0.0354732925528355,0.5333333333333333,-0.04074957923694608,0.03333333333333333,120,10.0,0.052427567264560444,0.5
1788,603029,天鹅股份,2026-07-14,2026-07-14,518,-0.021074788676815434,0.13333333333333333,120,0.1,0.03749731337213913,0.6,-0.0390253377851898,0.05,120,0.1,0.05144493206889651,0.6833333333333333
1789,002671,龙泉股份,2026-07-14,2026-07-14,518,-0.021090147684868523,0.13333333333333333,120,10.0,0.026230778611891655,0.6,-0.04984194071707018,0.1,120,10.0,0.03759246831074338,0.7833333333333333
1790,001217,华尔泰,2026-07-14,2026-07-14,518,-0.021097764757931216,0.1,180,10.0,0.0474963056448737,0.31666666666666665,-0.08640924483000766,0.03333333333333333,180,0.1,0.05130933850121488,0.7166666666666667
1791,600764,中国海防,2026-07-14,2026-07-14,518,-0.02122616100142877,0.11666666666666667,240,10.0,0.03779148802565722,0.5,0.021402725106240708,0.31666666666666665,120,10.0,0.04887881668213899,0.7833333333333333
1792,600826,兰生股份,2026-07-14,2026-07-14,518,-0.021289961702567934,0.38333333333333336,180,10.0,0.05056579801131272,0.5833333333333334,-0.031414368789001744,0.23333333333333334,180,10.0,0.05709899735110051,0.7666666666666667
1793,600391,航发科技,2026-07-14,2026-07-14,518,-0.021298181374729403,0.3,180,10.0,0.08784948239767866,0.5166666666666667,-0.060631129083461674,0.15,180,10.0,0.08974577111979293,0.5333333333333333
1794,603127,昭衍新药,2026-07-14,2026-07-14,518,-0.02134658663863971,0.4666666666666667,240,10.0,0.055591434657046974,0.6833333333333333,-0.062319782688656726,0.4,180,1.0,0.0809476139796133,0.7166666666666667
1795,603369,今世缘,2026-07-14,2026-07-14,518,-0.02136379357415885,0.55,240,10.0,0.04265735591294601,0.6,-0.009500459776077337,0.7333333333333333,120,10.0,0.062015472323676234,0.55
1796,001231,农心科技,2026-07-14,2026-07-14,518,-0.02137261497550855,0.13333333333333333,120,10.0,0.05146544636698123,0.38333333333333336,-0.017444405166508355,0.11666666666666667,120,10.0,0.0813089966034885,0.48333333333333334
1797,603876,鼎胜新材,2026-07-14,2026-07-14,518,-0.021379623794153174,0.3,120,0.1,0.06696860102977115,0.6333333333333333,-0.10254371416773025,0.15,120,0.1,0.0819927811047059,0.7
1798,603527,众源新材,2026-07-14,2026-07-14,518,-0.021407236094975562,0.45,240,0.1,0.07263892235430609,0.5666666666666667,-0.07258620851518888,0.31666666666666665,120,1.0,0.07693083114448988,0.6833333333333333
1799,600774,汉商集团,2026-07-14,2026-07-14,518,-0.02142123237021389,0.06666666666666667,120,10.0,0.0350772603776703,0.5666666666666667,-0.03495489278689862,0.08333333333333333,120,10.0,0.06270626451965458,0.5
1800,002399,海普瑞,2026-07-14,2026-07-14,518,-0.02142539416547647,0.2,120,10.0,0.026039067331769267,0.6,-0.033590004009306076,0.23333333333333334,120,10.0,0.043624183443783986,0.6666666666666666
1801,002777,久远银海,2026-07-14,2026-07-14,518,-0.021437003624401076,0.16666666666666666,180,10.0,0.0342932333659144,0.7333333333333333,-0.03861018596636702,0.13333333333333333,120,10.0,0.052920783647107374,0.7
1802,603357,设计总院,2026-07-14,2026-07-14,518,-0.021437762432826447,0.08333333333333333,180,10.0,0.030927971333586362,0.5833333333333334,-0.04715730022925765,0.03333333333333333,120,10.0,0.041170124286177875,0.6666666666666666
1803,600511,国药股份,2026-07-14,2026-07-14,518,-0.021483422724210596,0.15,180,10.0,0.021874274550639394,0.5333333333333333,-0.028823726619945277,0.05,180,10.0,0.02532653712782984,0.5333333333333333
1804,600250,南京商旅,2026-07-14,2026-07-14,503,-0.021494724326698696,0.06666666666666667,240,0.1,0.03705838638509188,0.5666666666666667,-0.06976461648141645,0.016666666666666666,240,0.1,0.07875089370613057,0.4666666666666667
1805,601107,四川成渝,2026-07-14,2026-07-14,508,-0.021495653950820395,0.3,240,0.1,0.03345945302940588,0.6333333333333333,-0.02748127568053088,0.3333333333333333,240,0.1,0.05160636412457087,0.65
1806,605008,长鸿高科,2026-07-14,2026-07-14,509,-0.02150361740760979,0.3333333333333333,240,0.1,0.03204719244082973,0.5666666666666667,-0.03445496942689756,0.31666666666666665,180,0.1,0.04095879151684804,0.5166666666666667
1807,603860,中公高科,2026-07-14,2026-07-14,518,-0.02150677860346798,0.15,120,1.0,0.029276229195505585,0.6166666666666667,-0.01688970532471056,0.3,120,0.1,0.045597603951909184,0.65
1808,600051,宁波联合,2026-07-14,2026-07-14,518,-0.02151136473301337,0.11666666666666667,180,0.1,0.03591380788812051,0.5666666666666667,-0.05009708092557884,0.03333333333333333,120,0.1,0.05159049541336423,0.7166666666666667
1809,002778,中晟高科,2026-07-14,2026-07-14,513,-0.02152902239104188,0.11666666666666667,120,10.0,0.03298925477837534,0.6166666666666667,-0.04702379838807595,0.03333333333333333,120,10.0,0.04811805248256515,0.5833333333333334
1810,600776,东方通信,2026-07-14,2026-07-14,518,-0.021533284883922244,0.26666666666666666,180,10.0,0.07150946892325145,0.5,-0.006954804298893936,0.31666666666666665,180,10.0,0.0988925448604233,0.5333333333333333
1811,601089,福元医药,2026-07-14,2026-07-14,518,-0.021584573358485435,0.3,240,10.0,0.0460329563570381,0.5333333333333333,-0.023071311191267433,0.31666666666666665,240,10.0,0.0777780173852749,0.5166666666666667
1812,600519,贵州茅台,2026-07-14,2026-07-14,518,-0.021657313507554683,0.06666666666666667,240,10.0,0.028233333378271847,0.36666666666666664,-0.0625791698519491,0.03333333333333333,180,0.1,0.03780239108979382,0.5
1813,000651,格力电器,2026-07-14,2026-07-14,518,-0.021691038121832942,0.3,120,10.0,0.019442663142977424,0.7,-0.044142442578978425,0.2,120,10.0,0.026051078505844375,0.7666666666666667
1814,600780,通宝能源,2026-07-14,2026-07-14,518,-0.021715602523250686,0.31666666666666665,240,1.0,0.05231401004542362,0.6,-0.015218048466115967,0.26666666666666666,240,0.1,0.05959649545916864,0.6166666666666667
1815,603689,皖天然气,2026-07-14,2026-07-14,518,-0.02172160889656234,0.16666666666666666,240,10.0,0.02449137660933677,0.7,-0.04687705994600173,0.05,240,0.1,0.034792143812675924,0.75
1816,000869,张  裕Ａ,2026-07-14,2026-07-14,518,-0.02176242663025641,0.11666666666666667,120,10.0,0.01806587980478701,0.7666666666666667,-0.0137857444780805,0.11666666666666667,120,1.0,0.020104229833159976,0.8333333333333334
1817,600720,中交设计,2026-07-14,2026-07-14,518,-0.02176255724678694,0.13333333333333333,240,10.0,0.031456809820100004,0.48333333333333334,-0.13016827508448164,0.03333333333333333,120,0.1,0.038053324632144184,0.7666666666666667
1818,002958,青农商行,2026-07-14,2026-07-14,518,-0.02180343847346326,0.05,120,10.0,0.017049349235678194,0.55,-0.05162403023766238,0.0,120,0.1,0.018811689477959484,0.7166666666666667
1819,002405,四维图新,2026-07-14,2026-07-14,518,-0.021829139435217595,0.18333333333333332,240,10.0,0.03730437875355128,0.6333333333333333,-0.027615733953248713,0.15,240,10.0,0.05975452111265767,0.7
1820,002271,东方雨虹,2026-07-14,2026-07-14,518,-0.021856772257224374,0.16666666666666666,240,10.0,0.052303756277184324,0.6,-0.06280587060638573,0.016666666666666666,240,1.0,0.05615908090633546,0.65
1821,600318,新力金融,2026-07-14,2026-07-14,518,-0.021876808341073355,0.26666666666666666,240,10.0,0.03274143548383418,0.6666666666666666,-0.05589249138695748,0.13333333333333333,180,1.0,0.04335643162959514,0.75
1822,002922,伊戈尔,2026-07-14,2026-07-14,518,-0.02188803447135848,0.18333333333333332,120,10.0,0.06932986332745944,0.7,-0.03952008046587383,0.05,120,10.0,0.08564681724541306,0.8333333333333334
1823,600216,浙江医药,2026-07-14,2026-07-14,518,-0.021896059346009595,0.18333333333333332,240,0.1,0.03074654697644116,0.8166666666666667,-0.04224924149279326,0.2,120,0.1,0.044556416421697956,0.7
1824,600615,鑫源智造,2026-07-14,2026-07-14,518,-0.021923577496376138,0.3333333333333333,120,10.0,0.05036173648366181,0.5833333333333334,-0.011140158131447996,0.36666666666666664,120,10.0,0.047809940112045576,0.65
1825,000713,国投丰乐,2026-07-14,2026-07-14,518,-0.02192458366743165,0.15,120,10.0,0.029648134549989047,0.5333333333333333,-0.04220672550618316,0.05,120,10.0,0.036377026339055187,0.6
1826,002254,泰和新材,2026-07-14,2026-07-14,518,-0.02196273522338675,0.5333333333333333,120,10.0,0.09747496340806286,0.7333333333333333,-0.005881178593972559,0.6,240,1.0,0.13176682743425538,0.7666666666666667
1827,603617,君禾股份,2026-07-14,2026-07-14,518,-0.022032766876171794,0.23333333333333334,240,10.0,0.03506681836252253,0.6333333333333333,0.019064257287270014,0.6333333333333333,180,0.1,0.04055131037689148,0.5833333333333334
1828,002381,双箭股份,2026-07-14,2026-07-14,518,-0.022053308897428393,0.11666666666666667,240,0.1,0.028294427496583337,0.6333333333333333,-0.05124509179427536,0.06666666666666667,120,1.0,0.037169875352909575,0.6666666666666666
1829,000830,鲁西化工,2026-07-14,2026-07-14,518,-0.022088141249134503,0.2833333333333333,240,0.1,0.052189381914063214,0.5666666666666667,-0.024091993219079316,0.26666666666666666,240,1.0,0.060507447397414385,0.5166666666666667
1830,600333,长春燃气,2026-07-14,2026-07-14,518,-0.022094852088528703,0.4666666666666667,120,10.0,0.03647094415596388,0.7,-0.025023828743966803,0.45,120,10.0,0.04669227134553999,0.6333333333333333
1831,601012,隆基绿能,2026-07-14,2026-07-14,518,-0.02209986173327244,0.16666666666666666,240,0.1,0.04206416945540597,0.5666666666666667,-0.031104686865854887,0.11666666666666667,240,0.1,0.05822463549901435,0.5833333333333334
1832,603833,欧派家居,2026-07-14,2026-07-14,518,-0.022130442634561938,0.38333333333333336,180,0.1,0.04395016471188622,0.7666666666666667,-0.045991236164118,0.4166666666666667,180,0.1,0.053384646047151346,0.8666666666666667
1833,603238,诺邦股份,2026-07-14,2026-07-14,518,-0.022134828658882395,0.13333333333333333,180,10.0,0.03218138820151805,0.7,-0.015172780993981144,0.3333333333333333,120,10.0,0.052543280157623294,0.75
1834,600729,重庆百货,2026-07-14,2026-07-14,518,-0.02213707258081063,0.15,120,0.1,0.024684714266653023,0.65,-0.04030956113884725,0.03333333333333333,120,10.0,0.027732705843931404,0.7333333333333333
1835,600096,云天化,2026-07-14,2026-07-14,518,-0.022140835324933175,0.13333333333333333,240,0.1,0.04794215490688996,0.48333333333333334,-0.15254923603780193,0.016666666666666666,120,1.0,0.06473671224474814,0.7333333333333333
1836,603231,索宝蛋白,2026-07-14,2026-07-14,518,-0.022144676287737954,0.1,240,10.0,0.024991567002590354,0.5666666666666667,-0.033148218078389816,0.18333333333333332,120,10.0,0.037070919557168305,0.6166666666666667
1837,603345,安井食品,2026-07-14,2026-07-14,518,-0.022147018575700513,0.23333333333333334,120,10.0,0.042686295895566814,0.6,-0.011421569712385959,0.2833333333333333,120,10.0,0.05543883876207477,0.6
1838,600977,中国电影,2026-07-14,2026-07-14,518,-0.022249567452725962,0.2,120,10.0,0.04550686723401486,0.55,-0.044741491883548735,0.21666666666666667,120,10.0,0.05402932801059055,0.55
1839,600638,新黄浦,2026-07-14,2026-07-14,518,-0.022258984601826785,0.2833333333333333,120,10.0,0.040044651095135615,0.6166666666666667,-0.034650343175381425,0.16666666666666666,120,10.0,0.0560096453175205,0.75
1840,601825,沪农商行,2026-07-14,2026-07-14,518,-0.022277279075682735,0.23333333333333334,120,10.0,0.0297126916724802,0.5,-0.07382669944279123,0.016666666666666666,120,10.0,0.036177588988146964,0.6
1841,603076,乐惠国际,2026-07-14,2026-07-14,518,-0.022309009963301003,0.25,240,0.1,0.04682933831210921,0.7166666666666667,-0.03163804568106977,0.2833333333333333,120,1.0,0.06456674686247839,0.65
1842,000020,深华发Ａ,2026-07-14,2026-07-14,518,-0.022317284270592753,0.11666666666666667,180,0.1,0.05201102109845181,0.5333333333333333,-0.05143912640313789,0.05,180,0.1,0.08303593922145773,0.5666666666666667
1843,601607,上海医药,2026-07-14,2026-07-14,518,-0.022332902651562164,0.016666666666666666,120,0.1,0.011988442699286896,0.65,-0.005863991151965953,0.18333333333333332,120,1.0,0.015267961858579102,0.7333333333333333
1844,002344,海宁皮城,2026-07-14,2026-07-14,518,-0.022343101669797947,0.11666666666666667,120,10.0,0.028061786684002443,0.5333333333333333,-0.03575632058810839,0.13333333333333333,120,0.1,0.031502587913576754,0.8833333333333333
1845,000598,兴蓉环境,2026-07-14,2026-07-14,518,-0.022437069081705306,0.31666666666666665,120,10.0,0.022182553800191372,0.6333333333333333,-0.022006376930011153,0.36666666666666664,120,10.0,0.02403832365369312,0.7333333333333333
1846,002829,星网宇达,2026-07-14,2026-07-14,518,-0.02244347237265655,0.3333333333333333,240,10.0,0.07660377499370376,0.65,-0.0905641037449125,0.18333333333333332,120,10.0,0.08954529006940957,0.7166666666666667
1847,605108,同庆楼,2026-07-14,2026-07-14,518,-0.022497580676501233,0.16666666666666666,180,10.0,0.03742775908225881,0.7,-0.06239092863731367,0.06666666666666667,120,10.0,0.049365268120446205,0.8666666666666667
1848,000761,本钢板材,2026-07-14,2026-07-14,518,-0.022552472947102102,0.15,120,10.0,0.03048507751114771,0.6333333333333333,-0.03635654552464757,0.05,120,10.0,0.044533453918235634,0.65
1849,002098,浔兴股份,2026-07-14,2026-07-14,518,-0.022586538043711565,0.05,180,10.0,0.027594076838785585,0.7,-0.05432391749581045,0.0,120,10.0,0.040972935795405924,0.6833333333333333
1850,603126,中材节能,2026-07-14,2026-07-14,518,-0.022638994386092116,0.11666666666666667,120,10.0,0.04483143098400442,0.5833333333333334,-0.029952584808408064,0.08333333333333333,120,10.0,0.07294370636589598,0.6
1851,605339,南侨食品,2026-07-14,2026-07-14,518,-0.02264015452359381,0.16666666666666666,180,10.0,0.03948994537915566,0.65,-0.03906616771699188,0.18333333333333332,180,10.0,0.05707614937284238,0.6833333333333333
1852,600962,国投中鲁,2026-07-14,2026-07-14,508,-0.022643621726000037,0.5,240,10.0,0.06752565251644076,0.6166666666666667,-0.10790625933910422,0.2,240,1.0,0.07793423416336434,0.8
1853,002695,煌上煌,2026-07-14,2026-07-14,518,-0.022659534439232354,0.35,180,0.1,0.03738730009718816,0.8833333333333333,0.015298575741488058,0.6333333333333333,180,0.1,0.04701673548703341,0.7833333333333333
1854,600529,山东药玻,2026-07-14,2026-07-14,518,-0.022703661773823824,0.21666666666666667,120,10.0,0.026676128403526646,0.6166666666666667,-0.008729314306290703,0.4666666666666667,120,10.0,0.030146144042901935,0.6333333333333333
1855,002233,塔牌集团,2026-07-14,2026-07-14,518,-0.02271350650810672,0.21666666666666667,120,10.0,0.03381791327457195,0.6333333333333333,-0.03291221132117732,0.18333333333333332,120,10.0,0.051049051232262006,0.6333333333333333
1856,000759,中百集团,2026-07-14,2026-07-14,518,-0.02272661372853336,0.35,180,10.0,0.05173111931468102,0.7333333333333333,-0.07412193341793936,0.23333333333333334,120,10.0,0.05889309424077874,0.6666666666666666
1857,001333,光华股份,2026-07-14,2026-07-14,518,-0.022730804317551343,0.2833333333333333,240,10.0,0.04338190650906656,0.6166666666666667,0.008418836721709975,0.43333333333333335,120,10.0,0.05107032852931905,0.6833333333333333
1858,603919,金徽酒,2026-07-14,2026-07-14,518,-0.022732247657384373,0.5,120,10.0,0.057146496232589876,0.48333333333333334,-0.031421937412898296,0.38333333333333336,120,1.0,0.051900617198243286,0.8
1859,605116,奥锐特,2026-07-14,2026-07-14,518,-0.022775855957393572,0.21666666666666667,120,10.0,0.04029728288144943,0.65,-0.07838441573389182,0.06666666666666667,120,1.0,0.047175648087452796,0.7166666666666667
1860,603506,南都物业,2026-07-14,2026-07-14,518,-0.022782077318954257,0.18333333333333332,120,1.0,0.03855807661422138,0.5833333333333334,-0.028058397923574962,0.15,120,0.1,0.052134209286009564,0.7166666666666667
1861,003000,劲仔食品,2026-07-14,2026-07-14,518,-0.022801639154752945,0.3,240,1.0,0.025358513151252735,0.6666666666666666,-0.008314243633283584,0.48333333333333334,240,10.0,0.031479611295446054,0.85
1862,603321,梅轮电梯,2026-07-14,2026-07-14,518,-0.022803400623471318,0.13333333333333333,120,10.0,0.03244377995272385,0.5333333333333333,-0.041093412627986756,0.08333333333333333,120,10.0,0.04890117452729825,0.6666666666666666
1863,600530,交大昂立,2026-07-14,2026-07-14,516,-0.022810829644094692,0.3333333333333333,180,10.0,0.07583304568009566,0.6833333333333333,-0.09514900918331455,0.26666666666666666,120,10.0,0.10594945961575523,0.75
1864,603062,麦加芯彩,2026-07-14,2026-07-14,518,-0.0228279216857713,0.3,240,10.0,0.05405372101095473,0.45,-0.0748007501999163,0.16666666666666666,240,0.1,0.0682217543795933,0.65
1865,003003,天元股份,2026-07-14,2026-07-14,518,-0.022840658946070257,0.11666666666666667,120,0.1,0.03572363022671759,0.6,-0.03799625943374279,0.06666666666666667,120,0.1,0.046963321315183444,0.7833333333333333
1866,000597,东北制药,2026-07-14,2026-07-14,518,-0.022903609598188764,0.21666666666666667,240,10.0,0.033145268297935175,0.48333333333333334,-0.02911885669120877,0.16666666666666666,120,10.0,0.04284428954007435,0.5166666666666667
1867,600398,海澜之家,2026-07-14,2026-07-14,518,-0.022914993418044073,0.2,240,10.0,0.032382242269802,0.55,-0.0276308483344434,0.1,180,10.0,0.0399087428804068,0.6
1868,002320,海峡股份,2026-07-14,2026-07-14,518,-0.022963032195511542,0.15,120,10.0,0.026099085361461986,0.75,-0.009274931941026604,0.3,120,0.1,0.02571509111075977,0.8833333333333333
1869,603999,读者传媒,2026-07-14,2026-07-14,518,-0.02298410951266958,0.1,120,10.0,0.034657046717024347,0.7,-0.04630929157227548,0.03333333333333333,120,10.0,0.04187874928179592,0.8666666666666667
1870,603639,海利尔,2026-07-14,2026-07-14,518,-0.023003015816270567,0.15,240,10.0,0.03181225178934312,0.6166666666666667,-0.028516608481365238,0.1,240,10.0,0.039413612718661374,0.7333333333333333
1871,002511,中顺洁柔,2026-07-14,2026-07-14,518,-0.02301877141868798,0.25,240,10.0,0.03765838322607334,0.4166666666666667,0.014837044934731624,0.43333333333333335,120,10.0,0.055339793319580215,0.5333333333333333
1872,603217,元利科技,2026-07-14,2026-07-14,518,-0.023019099463510974,0.35,120,10.0,0.06313901919917791,0.45,0.02733859243913752,0.5666666666666667,120,10.0,0.08990335707550273,0.5166666666666667
1873,600019,宝钢股份,2026-07-14,2026-07-14,518,-0.023020422000688184,0.18333333333333332,120,10.0,0.021468042005220202,0.7333333333333333,-0.03677952822773101,0.05,120,10.0,0.024841158722653762,0.7666666666666667
1874,601059,信达证券,2026-07-14,2026-07-14,498,-0.023022843210029058,0.25,120,10.0,0.022170768220391136,0.6166666666666667,0.007881116757568508,0.7333333333333333,120,0.1,0.0287296263757987,0.6333333333333333
1875,603381,永臻股份,2026-07-14,2026-07-14,497,-0.023024261403867298,0.3333333333333333,120,0.1,0.038090635618116514,0.8666666666666667,-0.10373769436825356,0.06666666666666667,240,0.1,0.05652181992937119,0.7666666666666667
1876,603348,文灿股份,2026-07-14,2026-07-14,518,-0.023036551795832035,0.11666666666666667,240,10.0,0.03554662254775105,0.65,-0.003416190427633494,0.31666666666666665,120,0.1,0.04831922145516786,0.85
1877,600397,江钨装备,2026-07-14,2026-07-14,518,-0.023041037778293437,0.45,180,10.0,0.11360586913382305,0.5666666666666667,0.0682607041928287,0.7166666666666667,240,10.0,0.16873576967446846,0.5833333333333334
1878,603602,纵横通信,2026-07-14,2026-07-14,518,-0.023107581375624874,0.15,120,10.0,0.026620582429943355,0.7333333333333333,-0.04624198135911551,0.06666666666666667,120,10.0,0.032385897599392845,0.8
1879,000031,大悦城,2026-07-14,2026-07-14,518,-0.02312016067826324,0.15,240,10.0,0.040406091680706635,0.6333333333333333,-0.048164550926213454,0.08333333333333333,240,10.0,0.0578286632250631,0.65
1880,600535,天士力,2026-07-14,2026-07-14,516,-0.023127226517246052,0.15,240,1.0,0.023606480537795804,0.6666666666666666,-0.0231629035767475,0.35,120,10.0,0.028800556737914918,0.8
1881,000890,法尔胜,2026-07-14,2026-07-14,518,-0.02317894248674654,0.3,180,0.1,0.10938812941550276,0.6833333333333333,-0.05995146993084728,0.25,180,0.1,0.1388249196692711,0.7
1882,002555,三七互娱,2026-07-14,2026-07-14,518,-0.02318403445447159,0.25,240,0.1,0.04397883147107662,0.4,-0.042289458935480174,0.15,240,0.1,0.06858667765646555,0.45
1883,002206,海 利 得,2026-07-14,2026-07-14,518,-0.02325721862262386,0.15,120,10.0,0.034954921974106774,0.55,-0.03447376248707123,0.1,120,10.0,0.044975283763422975,0.4666666666666667
1884,600666,奥瑞德,2026-07-14,2026-07-14,517,-0.023302558425759116,0.15,180,10.0,0.09125874612257609,0.38333333333333336,-0.03494664713059735,0.1,180,0.1,0.11680199053511364,0.5833333333333334
1885,600585,海螺水泥,2026-07-14,2026-07-14,518,-0.023341319102144913,0.18333333333333332,120,10.0,0.02679494861065928,0.75,-0.05957991541142268,0.03333333333333333,120,10.0,0.036548080905310046,0.85
1886,603918,金桥信息,2026-07-14,2026-07-14,518,-0.023387575571274216,0.11666666666666667,240,10.0,0.032935462805243974,0.7,-0.047068841015819804,0.05,240,0.1,0.045741785930700087,0.7333333333333333
1887,002324,普利特,2026-07-14,2026-07-14,518,-0.023486930731692356,0.18333333333333332,240,0.1,0.06812820789562586,0.7833333333333333,-0.09047974434817405,0.11666666666666667,240,0.1,0.10276668847666476,0.6
1888,603551,奥普科技,2026-07-14,2026-07-14,518,-0.023505734701646804,0.18333333333333332,180,1.0,0.032095683497748,0.5833333333333334,-0.02700365170307949,0.2,180,0.1,0.0490886532016787,0.8166666666666667
1889,600062,华润双鹤,2026-07-14,2026-07-14,518,-0.0235520634684543,0.06666666666666667,120,1.0,0.018996042485558043,0.6166666666666667,-0.041223663953518855,0.0,120,10.0,0.02086025379317925,0.75
1890,600827,百联股份,2026-07-14,2026-07-14,518,-0.023603214839433936,0.1,240,10.0,0.02374195348357429,0.6666666666666666,-0.043529642590038525,0.03333333333333333,240,0.1,0.022682397666171975,0.7333333333333333
1891,002912,中新赛克,2026-07-14,2026-07-14,518,-0.023612344566253662,0.2,240,0.1,0.04063498015313858,0.65,-0.020149612994063336,0.13333333333333333,240,10.0,0.05684934765238158,0.8
1892,000952,广济药业,2026-07-14,2026-07-14,518,-0.023633365617367393,0.2,240,10.0,0.055892980154629485,0.2833333333333333,-0.03002262462332229,0.16666666666666666,180,10.0,0.08544322951108213,0.48333333333333334
1893,600326,西藏天路,2026-07-14,2026-07-14,518,-0.023657168179321807,0.1,120,10.0,0.037274660765842516,0.7166666666666667,-0.0023368393284569702,0.31666666666666665,120,1.0,0.04966973775204669,0.7666666666666667
1894,002337,赛象科技,2026-07-14,2026-07-14,518,-0.023746781425142645,0.08333333333333333,120,1.0,0.031816524094533255,0.5833333333333334,-0.04650776658174144,0.05,120,10.0,0.046175788708018854,0.7833333333333333
1895,603926,铁流股份,2026-07-14,2026-07-14,518,-0.023754580570440977,0.2833333333333333,180,1.0,0.06226549171728719,0.6666666666666666,-0.06108707099333069,0.11666666666666667,120,1.0,0.06432375846814198,0.8333333333333334
1896,601108,财通证券,2026-07-14,2026-07-14,518,-0.02380480015463656,0.3,180,10.0,0.03803029633797882,0.48333333333333334,-0.039031676101928245,0.25,120,10.0,0.05512879119255938,0.55
1897,600718,东软集团,2026-07-14,2026-07-14,508,-0.023821774021077328,0.15,240,10.0,0.028243827582481843,0.6166666666666667,-0.09884776208339978,0.05,240,0.1,0.0393072792850219,0.6333333333333333
1898,603073,彩蝶实业,2026-07-14,2026-07-14,518,-0.0238990221008618,0.15,120,10.0,0.03446382044795341,0.5833333333333334,-0.004684842594929741,0.45,120,1.0,0.04606669385802606,0.7833333333333333
1899,600512,腾达建设,2026-07-14,2026-07-14,518,-0.023900425715785635,0.11666666666666667,120,10.0,0.03316761862533283,0.35,-0.029388160885216667,0.08333333333333333,120,10.0,0.042194253664819374,0.6666666666666666
1900,002238,天威视讯,2026-07-14,2026-07-14,518,-0.023944052298556503,0.13333333333333333,120,10.0,0.040023676325272074,0.6,-0.0616764239617423,0.03333333333333333,120,10.0,0.05736182630789378,0.6333333333333333
1901,603606,东方电缆,2026-07-14,2026-07-14,518,-0.023946849376626354,0.31666666666666665,240,10.0,0.05883111310812174,0.6833333333333333,-0.058999453865868454,0.08333333333333333,120,10.0,0.07646294240729783,0.85
1902,002007,华兰生物,2026-07-14,2026-07-14,518,-0.02395638674500377,0.11666666666666667,240,10.0,0.02468273765789859,0.6,-0.0310333026093363,0.08333333333333333,120,10.0,0.03372358461649337,0.5
1903,002968,新大正,2026-07-14,2026-07-14,508,-0.02398206665364535,0.08333333333333333,120,10.0,0.034832642569552326,0.6333333333333333,-0.03825577139333866,0.06666666666666667,120,10.0,0.05517736782251355,0.7
1904,600496,精工钢构,2026-07-14,2026-07-14,518,-0.023986071397473805,0.23333333333333334,120,10.0,0.037904751044944666,0.65,0.043652879199533465,0.8166666666666667,120,0.1,0.04906568002202456,0.8
1905,601390,中国中铁,2026-07-14,2026-07-14,518,-0.023993996967443483,0.03333333333333333,120,10.0,0.02681870130948471,0.5166666666666667,-0.044439012594363225,0.0,120,10.0,0.03691195449122286,0.5333333333333333
1906,600604,市北高新,2026-07-14,2026-07-14,518,-0.024017454417412796,0.2,120,10.0,0.03490921027726264,0.6166666666666667,-0.04164624613224863,0.08333333333333333,120,10.0,0.03833070594505062,0.5666666666666667
1907,002423,中粮资本,2026-07-14,2026-07-14,518,-0.024073364658939833,0.15,120,0.1,0.025250793695227557,0.7166666666666667,0.007594481555234164,0.5333333333333333,180,1.0,0.023492626140664087,0.7833333333333333
1908,601339,百隆东方,2026-07-14,2026-07-14,518,-0.02412469257448582,0.21666666666666667,120,10.0,0.047210651323866946,0.5833333333333334,-0.019228457412228613,0.2833333333333333,120,10.0,0.08028418860375484,0.5333333333333333
1909,600817,宇通重工,2026-07-14,2026-07-14,518,-0.024134622397931883,0.06666666666666667,120,10.0,0.03525549254579882,0.5833333333333334,-0.04650614846041745,0.08333333333333333,120,10.0,0.05664788067308444,0.5833333333333334
1910,002881,美格智能,2026-07-14,2026-07-14,518,-0.024202815748298193,0.43333333333333335,240,0.1,0.045188769058390754,0.6833333333333333,-0.06868640679454294,0.2,240,0.1,0.05228984225931998,0.8
1911,000973,佛塑科技,2026-07-14,2026-07-14,508,-0.024242408952552644,0.11666666666666667,120,1.0,0.08641083406286122,0.48333333333333334,-0.09129134452221739,0.0,120,10.0,0.12825420401153548,0.48333333333333334
1912,601155,新城控股,2026-07-14,2026-07-14,518,-0.024278991963147978,0.3,240,10.0,0.04604293280290268,0.7333333333333333,-0.05318613557951603,0.06666666666666667,240,10.0,0.051447044106007526,0.7833333333333333
1913,000882,华联股份,2026-07-14,2026-07-14,518,-0.02430067708094244,0.16666666666666666,120,10.0,0.028978829226702422,0.65,-0.03675288542617895,0.03333333333333333,120,10.0,0.03007188718465047,0.7333333333333333
1914,000880,潍柴重机,2026-07-14,2026-07-14,518,-0.02437663039574171,0.38333333333333336,240,10.0,0.06505598031271889,0.6333333333333333,-0.005703589820646668,0.45,180,10.0,0.08142206878051134,0.75
1915,002646,天佑德酒,2026-07-14,2026-07-14,518,-0.0243854694337658,0.06666666666666667,120,10.0,0.0198646900859696,0.75,-0.021909951385916327,0.1,120,10.0,0.02581406336786912,0.7666666666666667
1916,601106,中国一重,2026-07-14,2026-07-14,518,-0.024415682735950742,0.16666666666666666,240,10.0,0.057279108717291354,0.45,-0.10638257927086334,0.03333333333333333,120,10.0,0.08187429506096182,0.5333333333333333
1917,002066,瑞泰科技,2026-07-14,2026-07-14,518,-0.02441955933707329,0.4166666666666667,120,10.0,0.04315035578802886,0.6666666666666666,-0.016291602360783714,0.5166666666666667,120,10.0,0.053936752526569695,0.8166666666666667
1918,002429,兆驰股份,2026-07-14,2026-07-14,518,-0.024433469800449154,0.3,120,0.1,0.0718250160258252,0.5833333333333334,-0.07754959041518508,0.03333333333333333,120,0.1,0.07446272893566644,0.6333333333333333
1919,603106,恒银科技,2026-07-14,2026-07-14,518,-0.02444077579728107,0.13333333333333333,120,10.0,0.04097797685557343,0.6,0.05408146007452427,0.5666666666666667,120,10.0,0.05104637092991292,0.7
1920,600838,上海九百,2026-07-14,2026-07-14,518,-0.024445185219482257,0.13333333333333333,120,10.0,0.04024875631574818,0.5166666666666667,-0.025746399021655497,0.1,120,10.0,0.050990750199252054,0.6666666666666666
1921,001339,智微智能,2026-07-14,2026-07-14,518,-0.02452318910695846,0.4,120,10.0,0.10239151088052081,0.6833333333333333,-0.0784740152646787,0.4666666666666667,240,10.0,0.1731357799157023,0.6833333333333333
1922,603967,中创物流,2026-07-14,2026-07-14,518,-0.02456519798325628,0.23333333333333334,120,10.0,0.04090572572369078,0.6,0.04968560935804868,0.6,120,0.1,0.05872476719060913,0.55
1923,003008,开普检测,2026-07-14,2026-07-14,518,-0.024567256741662297,0.13333333333333333,120,10.0,0.04031169526905087,0.6,-0.041494076769657134,0.08333333333333333,120,10.0,0.058695738063543106,0.6333333333333333
1924,002683,广东宏大,2026-07-14,2026-07-14,518,-0.024593881114523167,0.23333333333333334,120,10.0,0.07152574983180958,0.5666666666666667,-0.022327539042985026,0.2,120,10.0,0.08771241963349377,0.5166666666666667
1925,601933,永辉超市,2026-07-14,2026-07-14,518,-0.024611529277598843,0.38333333333333336,120,10.0,0.04120576620769088,0.7,-0.027669902825867176,0.23333333333333334,120,10.0,0.04845334831917424,0.75
1926,002296,辉煌科技,2026-07-14,2026-07-14,518,-0.02465068187953553,0.16666666666666666,120,1.0,0.03892388263306083,0.5333333333333333,-0.023500740099181593,0.06666666666666667,120,10.0,0.05808093828411749,0.6
1927,002857,三晖电气,2026-07-14,2026-07-14,518,-0.024661828251076733,0.3,180,10.0,0.05169926379084185,0.6,-0.05712390920986854,0.18333333333333332,180,10.0,0.06859802786459715,0.65
1928,002765,蓝黛科技,2026-07-14,2026-07-14,516,-0.024728737304717006,0.13333333333333333,120,10.0,0.04446078114662802,0.65,-0.08636171575867103,0.016666666666666666,120,10.0,0.048747750749074364,0.8
1929,600380,健康元,2026-07-14,2026-07-14,518,-0.024742299518298056,0.06666666666666667,180,10.0,0.02239991076377663,0.5166666666666667,-0.03308108663604328,0.06666666666666667,180,10.0,0.02764607132839499,0.6333333333333333
1930,002160,常铝股份,2026-07-14,2026-07-14,513,-0.024766420314911223,0.05,120,10.0,0.04547449803183503,0.4166666666666667,-0.030280616897652806,0.06666666666666667,120,10.0,0.08186460973544347,0.4166666666666667
1931,002228,合兴包装,2026-07-14,2026-07-14,518,-0.024772104519144866,0.06666666666666667,120,10.0,0.03159045269073665,0.5666666666666667,-0.034106306094872245,0.06666666666666667,120,10.0,0.04113199312594841,0.7666666666666667
1932,600728,佳都科技,2026-07-14,2026-07-14,518,-0.02480855311750176,0.11666666666666667,120,10.0,0.028118231008682083,0.65,-0.04527938802933784,0.06666666666666667,120,10.0,0.044158309161715106,0.65
1933,600389,江山股份,2026-07-14,2026-07-14,518,-0.02484810399688576,0.06666666666666667,240,10.0,0.05026272525409514,0.5333333333333333,-0.09372537269490869,0.0,120,1.0,0.06466160372948455,0.6666666666666666
1934,000620,盈新发展,2026-07-14,2026-07-14,518,-0.0248639468887008,0.35,120,10.0,0.07388471004490547,0.5166666666666667,0.045534407663703536,0.75,120,0.1,0.08314437945311386,0.6333333333333333
1935,605507,国邦医药,2026-07-14,2026-07-14,518,-0.025027614468445532,0.2,120,10.0,0.05712751525605308,0.55,-0.044802339105618025,0.18333333333333332,120,10.0,0.07565903677672574,0.8666666666666667
1936,002537,海联金汇,2026-07-14,2026-07-14,518,-0.025038397146814446,0.1,180,10.0,0.03638120874557778,0.6,-0.06265596416576467,0.03333333333333333,120,10.0,0.048770401384760055,0.8
1937,002096,易普力,2026-07-14,2026-07-14,518,-0.025046660009655376,0.13333333333333333,240,0.1,0.04566994481272597,0.6666666666666666,-0.027984824988264087,0.15,240,0.1,0.057005315377759144,0.8333333333333334
1938,002791,坚朗五金,2026-07-14,2026-07-14,518,-0.025083586508485523,0.23333333333333334,240,10.0,0.044659720460878724,0.7,-0.05481109165920369,0.11666666666666667,240,10.0,0.060493336221507356,0.65
1939,600935,华塑股份,2026-07-14,2026-07-14,518,-0.025091667894333466,0.11666666666666667,120,10.0,0.030884098959135433,0.6166666666666667,-0.02781110634843287,0.11666666666666667,120,10.0,0.04206171592885069,0.55
1940,002163,海南发展,2026-07-14,2026-07-14,518,-0.02512971698803642,0.11666666666666667,120,10.0,0.04357515558984558,0.6,-0.06961552706285172,0.016666666666666666,120,10.0,0.06450677033651453,0.7
1941,603395,红四方,2026-07-14,2026-07-14,395,-0.025193939111019803,0.16666666666666666,120,10.0,0.028142470100280068,0.7333333333333333,-0.03339339459707899,0.11666666666666667,120,10.0,0.04102102032627532,0.7166666666666667
1942,002063,远光软件,2026-07-14,2026-07-14,518,-0.02523564758859684,0.15,240,10.0,0.0359540500394958,0.4666666666666667,-0.12265596283908661,0.0,120,1.0,0.045867476662528855,0.7
1943,002578,闽发铝业,2026-07-14,2026-07-14,518,-0.025249291778847466,0.25,180,0.1,0.05226859765430196,0.65,-0.04969072846679038,0.1,120,10.0,0.07156064536727139,0.6166666666666667
1944,002252,上海莱士,2026-07-14,2026-07-14,508,-0.025257086794547405,0.13333333333333333,120,10.0,0.025696925273498164,0.6666666666666666,-0.20526292327052423,0.0,240,0.1,0.035775091792810486,0.8166666666666667
1945,002262,恩华药业,2026-07-14,2026-07-14,518,-0.02525796204127892,0.16666666666666666,180,1.0,0.02905635861954015,0.6833333333333333,-0.020610704395244192,0.2,180,0.1,0.03437808120444558,0.85
1946,601669,中国电建,2026-07-14,2026-07-14,518,-0.025267962287870413,0.18333333333333332,120,10.0,0.03281243986055226,0.6833333333333333,-0.028389808131139442,0.13333333333333333,120,10.0,0.04201414340735953,0.7166666666666667
1947,600860,京城股份,2026-07-14,2026-07-14,518,-0.02530244674283999,0.08333333333333333,240,0.1,0.04781042508539183,0.4666666666666667,-0.09004402970247409,0.016666666666666666,120,0.1,0.06378650561822045,0.7333333333333333
1948,002609,捷顺科技,2026-07-14,2026-07-14,518,-0.025319603450232417,0.13333333333333333,180,10.0,0.02639482302207054,0.65,-0.03282223270308947,0.21666666666666667,180,10.0,0.0388109395919087,0.6166666666666667
1949,000532,华金资本,2026-07-14,2026-07-14,518,-0.025336338210196225,0.15,120,1.0,0.034743316174042214,0.7666666666666667,-0.038555796851593646,0.05,180,10.0,0.039081391415759406,0.8166666666666667
1950,600988,赤峰黄金,2026-07-14,2026-07-14,516,-0.025348329453616987,0.2833333333333333,240,1.0,0.09603063862132492,0.48333333333333334,-0.1148215010323343,0.13333333333333333,240,1.0,0.10329786588484664,0.5833333333333334
1951,601065,江盐集团,2026-07-14,2026-07-14,518,-0.02538273130812853,0.13333333333333333,120,10.0,0.02466633368803778,0.4666666666666667,-0.14839625262243294,0.0,120,0.1,0.02840495386295746,0.8166666666666667
1952,603071,物产环能,2026-07-14,2026-07-14,518,-0.02538525595040775,0.23333333333333334,240,10.0,0.040568818801840045,0.6166666666666667,-0.15921626815922887,0.0,120,0.1,0.041659680236271465,0.7
1953,603216,梦天家居,2026-07-14,2026-07-14,509,-0.025392292034808837,0.11666666666666667,120,10.0,0.05560495519395361,0.5666666666666667,-0.0446367135016346,0.1,120,10.0,0.1028505292986404,0.5333333333333333
1954,002852,道道全,2026-07-14,2026-07-14,518,-0.025397222168499246,0.15,240,10.0,0.03100998988229293,0.7,-0.052278204713401534,0.03333333333333333,120,10.0,0.041304685210307404,0.7166666666666667
1955,603179,新泉股份,2026-07-14,2026-07-14,518,-0.02543113257668958,0.38333333333333336,180,10.0,0.0921584309750208,0.45,-0.019299937640674295,0.4166666666666667,120,10.0,0.09207359832967768,0.65
1956,605208,永茂泰,2026-07-14,2026-07-14,518,-0.02543580735899488,0.45,180,0.1,0.0545502280249791,0.6,-0.05854536363086671,0.26666666666666666,120,1.0,0.05109777343089305,0.8333333333333334
1957,000545,金浦钛业,2026-07-14,2026-07-14,508,-0.025450910950100915,0.16666666666666666,180,10.0,0.06548322976897336,0.36666666666666664,-0.01698024254399535,0.26666666666666666,120,10.0,0.08508532344093213,0.38333333333333336
1958,601200,上海环境,2026-07-14,2026-07-14,518,-0.025455817218719506,0.1,240,10.0,0.025080956833702647,0.6,-0.14859243115221218,0.0,120,0.1,0.028477416453453065,0.7
1959,600055,万东医疗,2026-07-14,2026-07-14,518,-0.02548609025862908,0.21666666666666667,120,10.0,0.03516057304087964,0.7,-0.0653368739538572,0.05,120,10.0,0.041311764064247684,0.75
1960,002302,西部建设,2026-07-14,2026-07-14,518,-0.025529275402422596,0.13333333333333333,240,10.0,0.02680674990580375,0.5833333333333334,-0.09325127007275866,0.0,180,0.1,0.037180828287709494,0.8
1961,002873,新天药业,2026-07-14,2026-07-14,518,-0.025529532862305603,0.15,240,10.0,0.04334684295507952,0.4666666666666667,-0.051875737684606925,0.15,120,0.1,0.06454045596656052,0.6333333333333333
1962,002698,博实股份,2026-07-14,2026-07-14,518,-0.025542773486243082,0.2833333333333333,120,10.0,0.054657399269564345,0.6166666666666667,-0.022178042911091326,0.31666666666666665,120,1.0,0.051911449983782866,0.75
1963,000153,丰原药业,2026-07-14,2026-07-14,518,-0.025552987463478255,0.11666666666666667,120,0.1,0.03187333840463152,0.6,-0.034759778258436985,0.08333333333333333,120,10.0,0.041070231632686194,0.6333333333333333
1964,600717,天津港,2026-07-14,2026-07-14,509,-0.025598020785567322,0.2,180,10.0,0.02933761452719747,0.5333333333333333,-0.08572305836224173,0.016666666666666666,240,0.1,0.03369892424956715,0.7666666666666667
1965,600323,瀚蓝环境,2026-07-14,2026-07-14,516,-0.02560491293521185,0.2833333333333333,180,0.1,0.030979708857210787,0.6666666666666666,-0.04143294632110459,0.21666666666666667,180,0.1,0.04072879511633452,0.5833333333333334
1966,002492,恒基达鑫,2026-07-14,2026-07-14,518,-0.025633412970155967,0.08333333333333333,120,10.0,0.05154279020788922,0.5166666666666667,-0.05465145218372054,0.016666666666666666,120,10.0,0.08389690237214446,0.5166666666666667
1967,003002,壶化股份,2026-07-14,2026-07-14,518,-0.02566859052458269,0.06666666666666667,180,10.0,0.04953984532320762,0.45,-0.02417778898705986,0.05,180,0.1,0.08021994702208232,0.65
1968,000546,金圆股份,2026-07-14,2026-07-14,518,-0.02578339319665553,0.38333333333333336,180,0.1,0.055244585194907624,0.7,0.010790974808703783,0.43333333333333335,180,0.1,0.0988490452002644,0.6833333333333333
1969,600824,益民集团,2026-07-14,2026-07-14,518,-0.025829749689225613,0.16666666666666666,120,10.0,0.024823267771128973,0.6333333333333333,-0.03129613299454005,0.15,120,10.0,0.03456071557633768,0.7
1970,600085,同仁堂,2026-07-14,2026-07-14,518,-0.025857083815769608,0.16666666666666666,240,10.0,0.02505709086878636,0.6333333333333333,-0.08183277759292794,0.05,240,10.0,0.03209623336713114,0.65
1971,601226,华电科工,2026-07-14,2026-07-14,518,-0.0259329108226392,0.16666666666666666,240,10.0,0.04277145566737151,0.5,-0.05060672578046649,0.1,240,0.1,0.06102465134005706,0.6833333333333333
1972,603739,蔚蓝生物,2026-07-14,2026-07-14,518,-0.025963513898618527,0.03333333333333333,120,10.0,0.04232831964539274,0.4666666666666667,-0.024949977843724762,0.06666666666666667,120,10.0,0.05776568415138023,0.4166666666666667
1973,600469,风神股份,2026-07-14,2026-07-14,518,-0.026036902817815035,0.11666666666666667,120,10.0,0.04234642964154807,0.45,-0.06288971568409993,0.016666666666666666,120,10.0,0.05777002021303763,0.31666666666666665
1974,002835,同为股份,2026-07-14,2026-07-14,518,-0.02607464243737482,0.05,120,10.0,0.028331343640662737,0.6666666666666666,-0.060577855915407264,0.03333333333333333,120,10.0,0.0427750935057837,0.7166666666666667
1975,002146,荣盛发展,2026-07-14,2026-07-14,518,-0.02620349398552629,0.15,120,0.1,0.0357784665314366,0.7666666666666667,-0.05118560437938357,0.03333333333333333,120,10.0,0.04392169567813853,0.7333333333333333
1976,600976,健民集团,2026-07-14,2026-07-14,518,-0.02626857941069982,0.26666666666666666,240,10.0,0.03808275741917879,0.75,-0.060553944997476704,0.1,240,10.0,0.03857624646409728,0.8166666666666667
1977,600820,隧道股份,2026-07-14,2026-07-14,518,-0.026277529107118742,0.1,240,0.1,0.018525883965470794,0.5666666666666667,-0.02799399065884671,0.08333333333333333,240,0.1,0.022748523936581277,0.7166666666666667
1978,000625,长安汽车,2026-07-14,2026-07-14,518,-0.02631440174768747,0.16666666666666666,120,1.0,0.027521054591036796,0.8,-0.059237625154910684,0.016666666666666666,120,1.0,0.03155003893391037,0.9333333333333333
1979,600559,老白干酒,2026-07-14,2026-07-14,518,-0.02632536713211217,0.15,120,10.0,0.022900827593522646,0.6833333333333333,-0.047573887672055115,0.08333333333333333,120,10.0,0.02774450221922438,0.7666666666666667
1980,600425,青松建化,2026-07-14,2026-07-14,518,-0.026356817491835587,0.06666666666666667,240,0.1,0.022533128801792795,0.6,-0.04116473514787439,0.03333333333333333,240,0.1,0.03376097816508539,0.7166666666666667
1981,000059,华锦股份,2026-07-14,2026-07-14,518,-0.02636323291460175,0.3333333333333333,180,10.0,0.048259613648648836,0.6,-0.060159958213273364,0.15,180,10.0,0.05661766625810047,0.75
1982,002802,洪汇新材,2026-07-14,2026-07-14,518,-0.02642198649609457,0.08333333333333333,120,10.0,0.05695978175793777,0.43333333333333335,0.0006167132253811821,0.16666666666666666,120,10.0,0.0852670921752848,0.4166666666666667
1983,002813,路畅科技,2026-07-14,2026-07-14,518,-0.026477171574370163,0.16666666666666666,240,0.1,0.04233341673153695,0.6,-0.03910918003866215,0.11666666666666667,240,0.1,0.0645679534781009,0.7166666666666667
1984,000897,津滨发展,2026-07-14,2026-07-14,518,-0.02649888293053921,0.08333333333333333,120,10.0,0.030952073145589325,0.5666666666666667,-0.04060484922279801,0.03333333333333333,120,10.0,0.03852081354921575,0.7
1985,600210,紫江企业,2026-07-14,2026-07-14,518,-0.026529313274379896,0.06666666666666667,120,10.0,0.019573441553993074,0.48333333333333334,-0.03563592894884655,0.03333333333333333,120,10.0,0.028028639837135553,0.5
1986,002332,仙琚制药,2026-07-14,2026-07-14,518,-0.02654075282092457,0.11666666666666667,120,10.0,0.01855053182672086,0.6166666666666667,-0.03917548168574202,0.03333333333333333,120,10.0,0.019995250399699925,0.8333333333333334
1987,601801,皖新传媒,2026-07-14,2026-07-14,518,-0.02655801068528372,0.11666666666666667,120,10.0,0.027979643521471264,0.55,-0.04136510040213755,0.05,120,10.0,0.034352077234841766,0.7
1988,000069,华侨城Ａ,2026-07-14,2026-07-14,518,-0.026579050075371365,0.23333333333333334,240,10.0,0.0368574967548948,0.6333333333333333,-0.07783582653168705,0.05,180,1.0,0.046270890208345274,0.7
1989,003037,三和管桩,2026-07-14,2026-07-14,518,-0.026585303025637413,0.15,120,0.1,0.03195933223341912,0.75,-0.035725117470640055,0.18333333333333332,120,1.0,0.04029473409543336,0.65
1990,600609,金杯汽车,2026-07-14,2026-07-14,518,-0.026639310937720522,0.11666666666666667,120,10.0,0.02767832692743578,0.7166666666666667,-0.03747524487959614,0.1,120,10.0,0.038452620889748386,0.7833333333333333
1991,603628,清源股份,2026-07-14,2026-07-14,518,-0.026639505072445665,0.06666666666666667,240,1.0,0.03802202356299418,0.5666666666666667,-0.04601667598790844,0.06666666666666667,120,10.0,0.053538688636099604,0.7
1992,600056,中国医药,2026-07-14,2026-07-14,518,-0.026669035464525266,0.11666666666666667,180,10.0,0.02653355978485672,0.5166666666666667,-0.013082720551325021,0.16666666666666666,120,0.1,0.03247295748367397,0.55
1993,002225,濮耐股份,2026-07-14,2026-07-14,518,-0.02668068551973828,0.26666666666666666,240,1.0,0.07488456174955528,0.65,-0.03934245652241575,0.4166666666666667,120,10.0,0.10628380573379721,0.6666666666666666
1994,002566,益盛药业,2026-07-14,2026-07-14,518,-0.02669253506056779,0.16666666666666666,120,10.0,0.04509555805927868,0.5333333333333333,-0.05005946349446044,0.08333333333333333,120,0.1,0.06639322997488113,0.6333333333333333
1995,603236,移远通信,2026-07-14,2026-07-14,518,-0.026752649629841883,0.31666666666666665,120,10.0,0.06644798585104639,0.6333333333333333,0.02020448171494215,0.55,180,1.0,0.08702377374095056,0.6833333333333333
1996,603798,康普顿,2026-07-14,2026-07-14,517,-0.026776132051399212,0.2833333333333333,240,10.0,0.06250206188624112,0.5666666666666667,-0.0571765509377345,0.08333333333333333,240,0.1,0.07092349623342932,0.7166666666666667
1997,002900,哈三联,2026-07-14,2026-07-14,518,-0.02681146757426743,0.21666666666666667,180,10.0,0.03444771820330619,0.6333333333333333,-0.0011974782057826566,0.2833333333333333,180,0.1,0.0472180560846493,0.6
1998,000755,山西高速,2026-07-14,2026-07-14,518,-0.026828921201883838,0.21666666666666667,120,10.0,0.03151312627136534,0.6333333333333333,-0.0770070851588069,0.016666666666666666,120,10.0,0.03251771545269811,0.7833333333333333
1999,002009,天奇股份,2026-07-14,2026-07-14,518,-0.02683083064117018,0.25,180,10.0,0.07776047898080196,0.48333333333333334,-0.027974208657619126,0.2,180,10.0,0.09530300533337216,0.4666666666666667
2000,002825,纳尔股份,2026-07-14,2026-07-14,518,-0.02688067199175878,0.18333333333333332,120,1.0,0.04944923154954508,0.6,-0.09892854848634608,0.06666666666666667,120,0.1,0.06533313788129028,0.7666666666666667
2001,603218,日月股份,2026-07-14,2026-07-14,518,-0.02688350481836268,0.1,120,1.0,0.03740288348400741,0.7166666666666667,-0.058817911324676855,0.016666666666666666,120,1.0,0.04768379198003441,0.7833333333333333
2002,002885,京泉华,2026-07-14,2026-07-14,518,-0.026929257423155536,0.45,180,10.0,0.10403375007623678,0.65,0.30869525367880557,1.0,240,1.0,0.16073500972997598,0.7166666666666667
2003,002714,牧原股份,2026-07-14,2026-07-14,518,-0.026932013659693922,0.2833333333333333,180,10.0,0.04729904644733634,0.65,-0.07856045069339412,0.21666666666666667,180,10.0,0.06586749221587068,0.6166666666666667
2004,601615,明阳智能,2026-07-14,2026-07-14,510,-0.027005966124893165,0.2833333333333333,240,10.0,0.07175218474916521,0.6166666666666667,-0.049112862124409074,0.05,240,10.0,0.09956094935129102,0.65
2005,000712,锦龙股份,2026-07-14,2026-07-14,518,-0.027047007235406664,0.3333333333333333,120,1.0,0.04518676655173036,0.7666666666666667,0.018087761103824318,0.7666666666666667,120,10.0,0.049509208395621736,0.7333333333333333
2006,002880,卫光生物,2026-07-14,2026-07-14,518,-0.027063861950686045,0.1,120,10.0,0.03440777453436565,0.5333333333333333,-0.07360057496426312,0.05,120,10.0,0.04776441720191035,0.55
2007,002078,太阳纸业,2026-07-14,2026-07-14,518,-0.02710859459730181,0.2833333333333333,120,10.0,0.03931125261978094,0.45,-0.048849024309022826,0.08333333333333333,120,10.0,0.042416542464777704,0.6333333333333333
2008,603017,中衡设计,2026-07-14,2026-07-14,518,-0.027109067327790254,0.15,240,10.0,0.08651735593484107,0.5333333333333333,-0.08964516085371511,0.05,240,0.1,0.10988778199349807,0.65
2009,001222,源飞宠物,2026-07-14,2026-07-14,518,-0.027114663776178893,0.15,120,10.0,0.032948034573568326,0.7166666666666667,-0.053179180440727,0.06666666666666667,120,1.0,0.0428053516989849,0.8666666666666667
2010,605300,佳禾食品,2026-07-14,2026-07-14,518,-0.027115914041302383,0.16666666666666666,120,1.0,0.03242513492016868,0.7333333333333333,0.07705702978953116,0.9,120,1.0,0.038132989777770195,0.8833333333333333
2011,002004,华邦健康,2026-07-14,2026-07-14,518,-0.027129403714248605,0.15,180,10.0,0.04121909982447385,0.36666666666666664,-0.04150648884780385,0.08333333333333333,120,10.0,0.05794339482112413,0.4666666666666667
2012,600315,上海家化,2026-07-14,2026-07-14,518,-0.027149839659335998,0.16666666666666666,120,10.0,0.028784840862931975,0.5333333333333333,-0.050753978642189106,0.0,120,10.0,0.030151932124310152,0.7166666666666667
2013,002920,德赛西威,2026-07-14,2026-07-14,518,-0.027222303752195472,0.2833333333333333,240,10.0,0.04211504798378276,0.6833333333333333,-0.02869533438068246,0.18333333333333332,180,1.0,0.04409614927930628,0.6833333333333333
2014,000655,金岭矿业,2026-07-14,2026-07-14,518,-0.027233110743072733,0.08333333333333333,240,0.1,0.03636365556288324,0.5,-0.040512154330630115,0.0,120,10.0,0.05763224298737035,0.55
2015,000932,华菱钢铁,2026-07-14,2026-07-14,518,-0.027270942957957345,0.13333333333333333,180,0.1,0.03068866820911267,0.8166666666666667,-0.05980129997270928,0.03333333333333333,180,0.1,0.0511516260143992,0.8166666666666667
2016,603630,拉芳家化,2026-07-14,2026-07-14,518,-0.027276273332313642,0.2,120,10.0,0.042818739890256335,0.5,0.04176615141282159,0.6,240,0.1,0.06257184957038216,0.5166666666666667
2017,603373,安邦护卫,2026-07-14,2026-07-14,518,-0.02731709596776329,0.3333333333333333,240,10.0,0.08914386071837624,0.5166666666666667,0.08920936298978954,0.8,120,0.1,0.10189818809572432,0.6666666666666666
2018,002021,中捷资源,2026-07-14,2026-07-14,517,-0.027323094350088558,0.21666666666666667,240,10.0,0.05110165828545,0.48333333333333334,-0.08475191820413297,0.08333333333333333,120,10.0,0.07335973322731813,0.5166666666666667
2019,601138,工业富联,2026-07-14,2026-07-14,518,-0.02733474682587611,0.35,240,10.0,0.06570471712781739,0.6333333333333333,-0.019917314715763593,0.35,180,10.0,0.0842666102860628,0.7166666666666667
2020,603960,克来机电,2026-07-14,2026-07-14,518,-0.027368538261607383,0.3,240,10.0,0.06579830379725767,0.5666666666666667,0.017216833856577275,0.36666666666666664,120,10.0,0.08177241595483374,0.5666666666666667
2021,603810,丰山集团,2026-07-14,2026-07-14,518,-0.02737917669136289,0.11666666666666667,120,10.0,0.034708798036906664,0.6,-0.019113157741933152,0.2,120,10.0,0.05095397457328689,0.7
2022,601333,广深铁路,2026-07-14,2026-07-14,518,-0.027467641734054155,0.15,120,10.0,0.021701985615073343,0.65,-0.09591599736476861,0.0,120,0.1,0.018411558766230445,0.9
2023,600970,中材国际,2026-07-14,2026-07-14,518,-0.027498698168254142,0.11666666666666667,240,0.1,0.03986953106791053,0.5666666666666667,-0.07247970852450533,0.03333333333333333,120,0.1,0.05631893218921035,0.6833333333333333
2024,600873,梅花生物,2026-07-14,2026-07-14,518,-0.027531874218415686,0.2833333333333333,240,0.1,0.04309007558496931,0.6333333333333333,-0.07479478843524195,0.11666666666666667,240,0.1,0.0571185657234964,0.8
2025,002981,朝阳科技,2026-07-14,2026-07-14,518,-0.027551308349931428,0.36666666666666664,180,10.0,0.04781621619561842,0.5833333333333334,-0.044776769355241296,0.3333333333333333,120,0.1,0.05828225864958695,0.65
2026,000913,钱江摩托,2026-07-14,2026-07-14,518,-0.027559284239796686,0.2,180,10.0,0.04678608716393733,0.5166666666666667,-0.06501259477303178,0.06666666666666667,180,0.1,0.04276220603460427,0.75
2027,600546,山煤国际,2026-07-14,2026-07-14,518,-0.027564955697835753,0.4166666666666667,120,0.1,0.05093633002524429,0.6666666666666666,0.0903176140141823,0.95,120,1.0,0.06205364368524304,0.7166666666666667
2028,000899,赣能股份,2026-07-14,2026-07-14,518,-0.027597226370604848,0.21666666666666667,120,1.0,0.06423426471495518,0.5,-0.04867327132284682,0.2,120,0.1,0.06068313896975636,0.6833333333333333
2029,002573,清新环境,2026-07-14,2026-07-14,518,-0.027611173264826885,0.13333333333333333,180,10.0,0.028236926455533964,0.4666666666666667,-0.06611482020342284,0.05,120,10.0,0.03571254244271904,0.8
2030,600846,同济科技,2026-07-14,2026-07-14,518,-0.02763861672622228,0.26666666666666666,120,10.0,0.05325956114391938,0.5666666666666667,-0.012937769888114889,0.38333333333333336,120,10.0,0.0734442142364302,0.6166666666666667
2031,002702,海欣食品,2026-07-14,2026-07-14,518,-0.027704482809427305,0.15,120,10.0,0.03900120691257442,0.6166666666666667,-0.046762855769664706,0.2,120,10.0,0.08537100335681062,0.6
2032,600960,渤海汽车,2026-07-14,2026-07-14,508,-0.02778963198645531,0.11666666666666667,120,0.1,0.04412684779167741,0.38333333333333336,-0.06726917843823083,0.03333333333333333,120,10.0,0.06440642994145503,0.43333333333333335
2033,601003,柳钢股份,2026-07-14,2026-07-14,510,-0.027838169159075776,0.16666666666666666,180,10.0,0.03811215674898345,0.5166666666666667,-0.06160435886686311,0.05,120,10.0,0.05024530473190944,0.65
2034,600961,株冶集团,2026-07-14,2026-07-14,518,-0.02786225221689946,0.43333333333333335,120,10.0,0.12358273126099037,0.75,0.18550999470427684,0.9666666666666667,240,10.0,0.1806908829933644,0.7833333333333333
2035,601798,蓝科高新,2026-07-14,2026-07-14,518,-0.02794555679248401,0.2,120,10.0,0.04033849608656526,0.7166666666666667,-0.022656353435818552,0.2833333333333333,120,10.0,0.05514833387273318,0.65
2036,601116,三江购物,2026-07-14,2026-07-14,518,-0.027957055238544318,0.08333333333333333,120,10.0,0.051887682945329666,0.45,-0.08624881631300768,0.016666666666666666,120,10.0,0.06720028286393137,0.48333333333333334
2037,600706,曲江文旅,2026-07-14,2026-07-14,518,-0.02807442178529351,0.1,120,1.0,0.02560144803145598,0.7333333333333333,-0.04283298499012524,0.016666666666666666,120,10.0,0.03573641638470344,0.8
2038,603320,迪贝电气,2026-07-14,2026-07-14,518,-0.028130231239983424,0.25,180,1.0,0.06127730616621242,0.65,0.07540869258516253,0.6166666666666667,120,0.1,0.07524265035671247,0.7166666666666667
2039,600232,金鹰股份,2026-07-14,2026-07-14,518,-0.028135198185767894,0.06666666666666667,120,10.0,0.04271406699302706,0.6166666666666667,-0.04543389110336021,0.016666666666666666,120,10.0,0.06476769860698098,0.6333333333333333
2040,002907,华森制药,2026-07-14,2026-07-14,518,-0.028138029744349282,0.23333333333333334,120,1.0,0.03253963039117572,0.5666666666666667,-0.26323547818195075,0.0,120,0.1,0.030805606058892265,0.7666666666666667
2041,002140,东华科技,2026-07-14,2026-07-14,518,-0.028145352557812146,0.11666666666666667,120,10.0,0.03405649964008128,0.65,-0.04314062212802604,0.05,120,1.0,0.04793788629386072,0.6833333333333333
2042,000659,珠海中富,2026-07-14,2026-07-14,516,-0.028147912609269264,0.13333333333333333,240,10.0,0.05834124901502064,0.36666666666666664,-0.07853767893995672,0.016666666666666666,240,10.0,0.07702341356610298,0.4666666666666667
2043,601702,华峰铝业,2026-07-14,2026-07-14,518,-0.028156840355412438,0.21666666666666667,120,1.0,0.04517988311441404,0.75,-0.07035604645380096,0.1,120,10.0,0.05509306124450956,0.7333333333333333
2044,002416,爱施德,2026-07-14,2026-07-14,518,-0.028197903747901158,0.18333333333333332,240,10.0,0.05565028454330244,0.5333333333333333,-0.12731777462570568,0.0,180,0.1,0.08208335764493804,0.5666666666666667
2045,002311,海大集团,2026-07-14,2026-07-14,518,-0.02823033863378127,0.2833333333333333,180,10.0,0.03592090185645798,0.5833333333333334,-0.045376475196271776,0.21666666666666667,180,10.0,0.03870706840059183,0.65
2046,002177,御银股份,2026-07-14,2026-07-14,518,-0.028269840641204344,0.13333333333333333,180,0.1,0.05999136818707774,0.5166666666666667,-0.034215989634331416,0.06666666666666667,180,0.1,0.09220436594298458,0.38333333333333336
2047,000829,天音控股,2026-07-14,2026-07-14,518,-0.02827218858829297,0.36666666666666664,180,0.1,0.057185016937213666,0.6333333333333333,-0.0016874564583554373,0.4,180,0.1,0.06312999228051179,0.8666666666666667
2048,605136,丽人丽妆,2026-07-14,2026-07-14,518,-0.028328900155178756,0.11666666666666667,120,10.0,0.039700593832250546,0.75,-0.040837181444551264,0.08333333333333333,120,10.0,0.06273485265578867,0.8
2049,600510,黑牡丹,2026-07-14,2026-07-14,518,-0.028393217362084208,0.21666666666666667,120,10.0,0.07045970298215362,0.6333333333333333,0.007059534103136396,0.31666666666666665,120,10.0,0.11645366921508396,0.6333333333333333
2050,000039,中集集团,2026-07-14,2026-07-14,518,-0.028411851569882667,0.18333333333333332,120,10.0,0.06564501306563326,0.6333333333333333,-0.12690686775029414,0.016666666666666666,120,1.0,0.08080506875272676,0.6833333333333333
2051,002517,恺英网络,2026-07-14,2026-07-14,518,-0.028424398989877468,0.31666666666666665,120,10.0,0.05418136774127878,0.4666666666666667,-0.029622651207975286,0.45,120,10.0,0.0790883541797424,0.5333333333333333
2052,600309,万华化学,2026-07-14,2026-07-14,518,-0.028447564194318035,0.2,240,0.1,0.03631741691716248,0.6,-0.04264873511987734,0.13333333333333333,240,0.1,0.060364720838286486,0.5
2053,002732,燕塘乳业,2026-07-14,2026-07-14,518,-0.02848886919124754,0.08333333333333333,120,1.0,0.023817864303123226,0.6666666666666666,-0.03505142999747993,0.05,120,1.0,0.026543836207221193,0.7666666666666667
2054,603210,泰鸿万立,2026-07-14,2026-07-14,307,-0.028491563745677285,0.2833333333333333,180,10.0,0.034083220030718925,0.7166666666666667,-0.04548245157296516,0.16666666666666666,120,10.0,0.04176853259066607,0.7666666666666667
2055,002045,国光电器,2026-07-14,2026-07-14,518,-0.02852083518278549,0.11666666666666667,120,10.0,0.033961288400429356,0.8,-0.024518008959109678,0.1,120,10.0,0.04448528597950418,0.9333333333333333
2056,002133,广宇集团,2026-07-14,2026-07-14,518,-0.028552130006492333,0.13333333333333333,120,10.0,0.03162560128315688,0.6833333333333333,-0.03730680939290709,0.13333333333333333,120,10.0,0.042953168080289025,0.7166666666666667
2057,002681,奋达科技,2026-07-14,2026-07-14,518,-0.028553723995693947,0.26666666666666666,180,10.0,0.037292931589393175,0.7166666666666667,-0.02457395340543779,0.4166666666666667,120,1.0,0.046598674091735855,0.6666666666666666
2058,600834,申通地铁,2026-07-14,2026-07-14,518,-0.02860082879224969,0.06666666666666667,120,10.0,0.022728261064667066,0.6333333333333333,-0.048065282435987504,0.06666666666666667,120,10.0,0.032350171650403756,0.6666666666666666
2059,603192,汇得科技,2026-07-14,2026-07-14,518,-0.028605978233819142,0.1,120,10.0,0.042471099379299805,0.38333333333333336,-0.01786623092792615,0.1,120,10.0,0.06803168451591378,0.45
2060,600017,日照港,2026-07-14,2026-07-14,518,-0.028609792177030878,0.16666666666666666,120,10.0,0.019894501848082023,0.5333333333333333,-0.03245321085251193,0.08333333333333333,120,10.0,0.0271839808345392,0.6833333333333333
2061,603660,苏州科达,2026-07-14,2026-07-14,518,-0.02861415144570724,0.35,180,10.0,0.07880356946576168,0.6333333333333333,0.15453900714642965,0.85,120,1.0,0.11818536791119762,0.6
2062,000965,天保基建,2026-07-14,2026-07-14,518,-0.028617769546776785,0.06666666666666667,120,10.0,0.0324793533749994,0.5833333333333334,-0.041431722553178986,0.03333333333333333,120,10.0,0.03690363926511649,0.6833333333333333
2063,603136,天目湖,2026-07-14,2026-07-14,518,-0.028660790045769293,0.18333333333333332,180,10.0,0.028051734330910166,0.6166666666666667,-0.046627560630961074,0.13333333333333333,180,10.0,0.040026596362859115,0.65
2064,000623,吉林敖东,2026-07-14,2026-07-14,518,-0.028687603931136722,0.18333333333333332,120,0.1,0.027009085227313444,0.65,-0.03758797178798805,0.23333333333333334,120,10.0,0.031939934148502235,0.75
2065,002925,盈趣科技,2026-07-14,2026-07-14,518,-0.02868953929283468,0.35,240,10.0,0.04871854655892786,0.5,0.04404828732031539,0.8,120,10.0,0.05429708856160639,0.7166666666666667
2066,002917,金奥博,2026-07-14,2026-07-14,518,-0.0287436571437497,0.21666666666666667,180,0.1,0.0480295846477016,0.6,0.002937663516458938,0.36666666666666664,180,0.1,0.05443440177373061,0.8166666666666667
2067,600547,山东黄金,2026-07-14,2026-07-14,518,-0.028764717808564544,0.2833333333333333,240,0.1,0.057528970236461266,0.7,-0.011370602543248398,0.18333333333333332,120,0.1,0.07715255329843873,0.6333333333333333
2068,002755,奥赛康,2026-07-14,2026-07-14,518,-0.028771269413033415,0.43333333333333335,180,10.0,0.05372083839607289,0.6166666666666667,0.14117484621111268,0.9833333333333333,120,0.1,0.08009976299460349,0.7333333333333333
2069,600796,钱江生化,2026-07-14,2026-07-14,518,-0.02880927902409241,0.08333333333333333,120,10.0,0.03307461066924952,0.5166666666666667,-0.025672395732400696,0.13333333333333333,120,10.0,0.045828175121599986,0.6166666666666667
2070,601606,长城军工,2026-07-14,2026-07-14,518,-0.028835919106325384,0.06666666666666667,120,10.0,0.04547179365950004,0.6833333333333333,-0.07892412268886995,0.0,120,10.0,0.05739610852615109,0.6666666666666666
2071,600188,兖矿能源,2026-07-14,2026-07-14,518,-0.028839010889258686,0.2833333333333333,120,10.0,0.07122223910498363,0.5666666666666667,-0.08244839220607522,0.2,120,10.0,0.10529614881814343,0.6166666666666667
2072,002927,泰永长征,2026-07-14,2026-07-14,518,-0.028851456394302484,0.36666666666666664,180,0.1,0.06841525094560195,0.7666666666666667,0.004547637410462168,0.4666666666666667,180,0.1,0.07766701843123482,0.8166666666666667
2073,601168,西部矿业,2026-07-14,2026-07-14,518,-0.028858508068356638,0.31666666666666665,240,10.0,0.057898993815705437,0.6166666666666667,-0.06932161191930336,0.16666666666666666,240,10.0,0.07345140800670706,0.6333333333333333
2074,605117,德业股份,2026-07-14,2026-07-14,518,-0.028860781919241497,0.18333333333333332,240,10.0,0.07165653528850233,0.4666666666666667,-0.011595319969315811,0.23333333333333334,240,10.0,0.12476235724085386,0.4666666666666667
2075,002749,国光股份,2026-07-14,2026-07-14,518,-0.028872221410557876,0.16666666666666666,240,10.0,0.04033019509706162,0.8333333333333334,-0.0473778655107798,0.18333333333333332,180,10.0,0.06370783615652012,0.8333333333333334
2076,002170,芭田股份,2026-07-14,2026-07-14,518,-0.02892218877248624,0.1,120,10.0,0.04311506551045333,0.4666666666666667,-0.05114184997356751,0.06666666666666667,240,1.0,0.05986293993078997,0.4166666666666667
2077,603848,好太太,2026-07-14,2026-07-14,518,-0.02893096946643441,0.2,180,10.0,0.03808879026239212,0.4666666666666667,-0.028901088960239366,0.43333333333333335,120,10.0,0.04401783665171687,0.65
2078,603676,卫信康,2026-07-14,2026-07-14,518,-0.028937874219704472,0.18333333333333332,120,10.0,0.030255784545275687,0.5833333333333334,-0.01479155798440256,0.35,120,10.0,0.04469824611013242,0.6166666666666667
2079,002292,奥飞娱乐,2026-07-14,2026-07-14,518,-0.02895408883583927,0.15,240,10.0,0.04187004488755206,0.5333333333333333,0.12924568168884418,1.0,120,1.0,0.06822919527363,0.48333333333333334
2080,603982,泉峰汽车,2026-07-14,2026-07-14,518,-0.02897194250647045,0.03333333333333333,120,10.0,0.03029515565797368,0.7666666666666667,-0.007833360533250018,0.16666666666666666,120,1.0,0.035735982121450356,0.7833333333333333
2081,603027,千禾味业,2026-07-14,2026-07-14,518,-0.028990776428949535,0.1,120,10.0,0.039191187695697995,0.45,-0.05006224742019169,0.08333333333333333,120,10.0,0.06005009167281007,0.7
2082,002469,三维化学,2026-07-14,2026-07-14,518,-0.02901746139668227,0.23333333333333334,120,10.0,0.04154861956163669,0.7,-0.06907340352094174,0.16666666666666666,120,10.0,0.04596746153889141,0.8833333333333333
2083,003013,地铁设计,2026-07-14,2026-07-14,508,-0.029049680132551412,0.3333333333333333,180,0.1,0.03669270919480752,0.5833333333333334,0.015412379967281085,0.7666666666666667,120,0.1,0.0417740047241962,0.6666666666666666
2084,000885,城发环境,2026-07-14,2026-07-14,518,-0.029086540171323914,0.06666666666666667,240,0.1,0.01914356241466196,0.6333333333333333,-0.03785473297110308,0.05,240,1.0,0.028514835346564966,0.6833333333333333
2085,003031,中瓷电子,2026-07-14,2026-07-14,518,-0.029099497476876433,0.4,120,10.0,0.10095110254024114,0.7166666666666667,0.3660211684022717,0.9833333333333333,120,0.1,0.15916980662621752,0.6833333333333333
2086,603477,巨星农牧,2026-07-14,2026-07-14,518,-0.029100261447239217,0.26666666666666666,180,10.0,0.05697324295219276,0.6166666666666667,-0.03107812770918089,0.36666666666666664,240,10.0,0.08734524640927639,0.5
2087,605589,圣泉集团,2026-07-14,2026-07-14,518,-0.02931824000574027,0.5333333333333333,120,0.1,0.08929722180363936,0.6,0.10514452162827882,0.8,120,0.1,0.14063794451483438,0.5666666666666667
2088,002073,软控股份,2026-07-14,2026-07-14,518,-0.02932634214051045,0.05,120,0.1,0.02622878276380618,0.8166666666666667,-0.05311357616973704,0.1,180,1.0,0.0459932392035626,0.8166666666666667
2089,000554,泰山石油,2026-07-14,2026-07-14,518,-0.029332141162967715,0.11666666666666667,240,10.0,0.039286186103401885,0.55,-0.019836162356313938,0.15,240,10.0,0.06279253902210054,0.5666666666666667
2090,600829,人民同泰,2026-07-14,2026-07-14,518,-0.02939016636841378,0.18333333333333332,240,0.1,0.04424223052837203,0.38333333333333336,-0.015009386015208416,0.2,240,0.1,0.07502318329794282,0.36666666666666664
2091,000776,广发证券,2026-07-14,2026-07-14,518,-0.02939062404611631,0.31666666666666665,120,10.0,0.03914186900983248,0.7666666666666667,0.00253609489514695,0.6333333333333333,120,1.0,0.04984772673324445,0.8166666666666667
2092,601518,吉林高速,2026-07-14,2026-07-14,518,-0.02945201142734413,0.2,180,10.0,0.024168145911734232,0.7166666666666667,-0.02696366224227844,0.2,180,10.0,0.023863087827357982,0.8333333333333334
2093,600373,中文传媒,2026-07-14,2026-07-14,518,-0.029454683316871566,0.13333333333333333,240,10.0,0.026811172099737393,0.6166666666666667,-0.04766656690846085,0.016666666666666666,240,10.0,0.040303086127120795,0.5
2094,605183,确成股份,2026-07-14,2026-07-14,518,-0.029482868398457984,0.21666666666666667,240,10.0,0.03868456897717153,0.6166666666666667,-0.033582774752469034,0.26666666666666666,120,10.0,0.049484248293638594,0.7333333333333333
2095,600748,上实发展,2026-07-14,2026-07-14,518,-0.02952628743628374,0.18333333333333332,240,10.0,0.045854049303327246,0.65,-0.04445243999671019,0.18333333333333332,240,10.0,0.06143707279103012,0.7
2096,002640,跨境通,2026-07-14,2026-07-14,518,-0.029543002626994976,0.26666666666666666,120,10.0,0.060149058184770815,0.7833333333333333,-0.06486319672545465,0.23333333333333334,120,10.0,0.07667754341436157,0.8333333333333334
2097,002738,中矿资源,2026-07-14,2026-07-14,518,-0.02957054411460141,0.23333333333333334,240,0.1,0.08438328368222968,0.5666666666666667,-0.06565665223577184,0.13333333333333333,240,10.0,0.10134761804848876,0.5833333333333334
2098,600721,百花医药,2026-07-14,2026-07-14,508,-0.029618229718624205,0.13333333333333333,120,10.0,0.0501158973584408,0.4666666666666667,-0.050569185085777194,0.06666666666666667,120,10.0,0.0681492573820388,0.5166666666666667
2099,001322,箭牌家居,2026-07-14,2026-07-14,518,-0.029643828921874553,0.2,120,10.0,0.03402673689479339,0.55,-0.05250493731349776,0.23333333333333334,120,10.0,0.05626451965783015,0.5833333333333334
2100,600835,上海机电,2026-07-14,2026-07-14,518,-0.029745355057766144,0.36666666666666664,120,10.0,0.04807611217576545,0.6166666666666667,-0.017701212768686893,0.4666666666666667,120,10.0,0.04875977359495471,0.6833333333333333
2101,600101,明星电力,2026-07-14,2026-07-14,518,-0.0297907637043204,0.2833333333333333,180,0.1,0.03611636078700099,0.6,0.003355579447359036,0.45,240,0.1,0.04988065810969095,0.7333333333333333
2102,000692,惠天热电,2026-07-14,2026-07-14,517,-0.02980497643057902,0.35,120,10.0,0.06939904836097781,0.4666666666666667,-0.0025153831718765134,0.4166666666666667,240,0.1,0.08953910673384607,0.5333333333333333
2103,603808,歌力思,2026-07-14,2026-07-14,518,-0.029808317519760454,0.03333333333333333,120,10.0,0.045740912124570106,0.5666666666666667,-0.03522813090661733,0.03333333333333333,120,10.0,0.06753635164272133,0.5166666666666667
2104,600249,两面针,2026-07-14,2026-07-14,516,-0.02982468151858462,0.06666666666666667,180,10.0,0.0425309670475826,0.4,-0.057508557753885914,0.06666666666666667,120,10.0,0.05407904174829275,0.6
2105,600987,航民股份,2026-07-14,2026-07-14,518,-0.02983765371600704,0.08333333333333333,120,10.0,0.030627689822432753,0.45,-0.03020921371752501,0.11666666666666667,120,10.0,0.03872545062155255,0.6166666666666667
2106,001218,丽臣实业,2026-07-14,2026-07-14,518,-0.029872484473691927,0.2,120,0.1,0.03945533590953901,0.7166666666666667,-0.031203971549509345,0.11666666666666667,120,1.0,0.037612157034539476,0.85
2107,603117,万林物流,2026-07-14,2026-07-14,517,-0.029894662546204494,0.23333333333333334,120,10.0,0.03534679907573123,0.7666666666666667,-0.014074249046651,0.35,180,0.1,0.04507677267742946,0.8333333333333334
2108,000727,冠捷科技,2026-07-14,2026-07-14,518,-0.02989665092986979,0.2833333333333333,120,0.1,0.038933429103001314,0.7,-0.06357925951568105,0.1,120,0.1,0.042003519304751505,0.7
2109,600533,栖霞建设,2026-07-14,2026-07-14,518,-0.029926758073001616,0.13333333333333333,120,10.0,0.03364869749136084,0.7,-0.03937606529814151,0.13333333333333333,120,0.1,0.03869933745768433,0.7333333333333333
2110,603916,苏博特,2026-07-14,2026-07-14,518,-0.029933755168388435,0.3,120,10.0,0.07359907193429915,0.6666666666666666,0.11827794986820642,0.9,120,0.1,0.07545204369554197,0.75
2111,002851,麦格米特,2026-07-14,2026-07-14,518,-0.029941398241429835,0.43333333333333335,240,10.0,0.08316839819999489,0.6666666666666666,-0.03473547014489256,0.5166666666666667,120,10.0,0.10096535385078212,0.7
2112,600903,贵州燃气,2026-07-14,2026-07-14,512,-0.02997706255670803,0.3333333333333333,180,10.0,0.08279393085951099,0.75,-0.02182928976713584,0.5833333333333334,180,10.0,0.1079524024919944,0.8833333333333333
2113,000035,中国天楹,2026-07-14,2026-07-14,518,-0.030023405810271752,0.1,240,0.1,0.043530094957136785,0.43333333333333335,-0.03748529341518194,0.08333333333333333,240,0.1,0.06267872115297955,0.5666666666666667
2114,601388,怡球资源,2026-07-14,2026-07-14,518,-0.030032875599024837,0.05,120,10.0,0.05087851127577938,0.45,-0.03227739652851847,0.08333333333333333,120,10.0,0.09407319257090323,0.35
2115,600716,凤凰股份,2026-07-14,2026-07-14,518,-0.03003977208815609,0.08333333333333333,180,10.0,0.035114132747855305,0.48333333333333334,-0.047396175766532475,0.25,120,10.0,0.05205944271726303,0.65
2116,002708,光洋股份,2026-07-14,2026-07-14,509,-0.030106585362021474,0.35,120,0.1,0.06528418240987593,0.7,0.17300960169972746,0.9833333333333333,120,0.1,0.06601313004034787,0.8333333333333334
2117,002162,悦心健康,2026-07-14,2026-07-14,518,-0.030111331274090575,0.1,180,10.0,0.03768700117127093,0.5666666666666667,-0.08971533803264989,0.03333333333333333,180,10.0,0.05974812096106739,0.5666666666666667
2118,605296,神农集团,2026-07-14,2026-07-14,518,-0.03012264882824452,0.3,180,10.0,0.045754463171401964,0.6166666666666667,-0.05704702128026864,0.13333333333333333,120,0.1,0.05106916140686303,0.6833333333333333
2119,002809,红墙股份,2026-07-14,2026-07-14,518,-0.030168251230851914,0.13333333333333333,180,10.0,0.03687856380735434,0.7166666666666667,-0.04162795765229145,0.08333333333333333,180,10.0,0.05761196867586801,0.75
2120,001238,浙江正特,2026-07-14,2026-07-14,518,-0.030188582342782544,0.16666666666666666,120,10.0,0.053660199403895804,0.6166666666666667,-0.06166379877757836,0.05,120,10.0,0.07490743758927314,0.6833333333333333
2121,600097,开创国际,2026-07-14,2026-07-14,518,-0.03025516259715085,0.13333333333333333,120,0.1,0.026559489814617445,0.7333333333333333,-0.060136103840173365,0.06666666666666667,120,0.1,0.03591007765184708,0.8166666666666667
2122,000860,顺鑫农业,2026-07-14,2026-07-14,518,-0.03029453982302674,0.18333333333333332,180,10.0,0.023072423045153927,0.7666666666666667,-0.06486285409521816,0.05,180,10.0,0.029517627443580257,0.8
2123,600518,康美药业,2026-07-14,2026-07-14,517,-0.03033583553183863,0.13333333333333333,120,10.0,0.029827037399875165,0.75,-0.06941783712493399,0.05,120,10.0,0.04113529936171844,0.8166666666666667
2124,603326,我乐家居,2026-07-14,2026-07-14,518,-0.030340346308203342,0.11666666666666667,120,10.0,0.03172035272357868,0.7,-0.0400064213137625,0.13333333333333333,120,10.0,0.051937993341785255,0.7166666666666667
2125,603368,柳药集团,2026-07-14,2026-07-14,518,-0.030349352854323382,0.03333333333333333,240,0.1,0.02075425468937377,0.6333333333333333,-0.028664749744075457,0.1,180,10.0,0.023981643220174483,0.7666666666666667
2126,600600,青岛啤酒,2026-07-14,2026-07-14,518,-0.030388276279884156,0.1,120,10.0,0.021914471695422624,0.7333333333333333,-0.10877669286608041,0.0,180,0.1,0.028921610744432866,0.7666666666666667
2127,001382,新亚电缆,2026-07-14,2026-07-14,319,-0.030402690620661366,0.21666666666666667,120,1.0,0.04842891440460075,0.6666666666666666,-0.0010253129150412134,0.31666666666666665,180,10.0,0.06339921243145688,0.5666666666666667
2128,002882,金龙羽,2026-07-14,2026-07-14,518,-0.03042467398793828,0.15,180,0.1,0.055667322012700214,0.5833333333333334,-0.04923693641641688,0.18333333333333332,180,0.1,0.0684120060558291,0.7
2129,600763,通策医疗,2026-07-14,2026-07-14,518,-0.03043251499907419,0.25,180,10.0,0.038157853965396074,0.5,-0.07227769030348564,0.03333333333333333,180,0.1,0.04477925412734736,0.6333333333333333
2130,002800,天顺股份,2026-07-14,2026-07-14,517,-0.030500958250412175,0.08333333333333333,180,10.0,0.05399528550333448,0.5,-0.06398970794812307,0.0,240,10.0,0.07797336829645718,0.65
2131,601008,连云港,2026-07-14,2026-07-14,518,-0.030538038601750486,0.1,120,10.0,0.02332105090345341,0.6666666666666666,-0.052131844986075156,0.016666666666666666,120,10.0,0.026310732860799806,0.7
2132,001286,陕西能源,2026-07-14,2026-07-14,518,-0.030583293685246014,0.13333333333333333,120,10.0,0.043798627717119315,0.5666666666666667,-0.069045732668523,0.03333333333333333,120,10.0,0.05873071723445224,0.5666666666666667
2133,603309,维力医疗,2026-07-14,2026-07-14,518,-0.030626216221239972,0.18333333333333332,240,10.0,0.04013492083380369,0.6333333333333333,-0.05473210807481073,0.13333333333333333,180,10.0,0.052447376032136825,0.6333333333333333
2134,000921,海信家电,2026-07-14,2026-07-14,518,-0.03062913087913731,0.2833333333333333,180,10.0,0.040584114586408225,0.5166666666666667,-0.05667181462484517,0.2833333333333333,180,1.0,0.057023311712532464,0.6
2135,603223,恒通股份,2026-07-14,2026-07-14,517,-0.03064892941689239,0.5,240,10.0,0.07277319438680413,0.7166666666666667,0.12199267720197861,1.0,240,0.1,0.09877353417770508,0.8666666666666667
2136,603871,嘉友国际,2026-07-14,2026-07-14,518,-0.030651747265267433,0.26666666666666666,120,10.0,0.04767378127610289,0.48333333333333334,-0.05624311594985216,0.21666666666666667,240,0.1,0.06040080236205731,0.6666666666666666
2137,600853,龙建股份,2026-07-14,2026-07-14,518,-0.03065673192037968,0.05,240,10.0,0.02885410822679514,0.6666666666666666,-0.06460577635563172,0.03333333333333333,180,10.0,0.04546528988867037,0.6166666666666667
2138,600765,中航重机,2026-07-14,2026-07-14,518,-0.030704233095478907,0.23333333333333334,180,1.0,0.038953508868763004,0.6166666666666667,-0.053304383045888054,0.05,180,1.0,0.04347401191042486,0.6333333333333333
2139,002817,黄山胶囊,2026-07-14,2026-07-14,518,-0.030774642434055595,0.06666666666666667,120,10.0,0.033436502858559404,0.65,-0.035503771029502,0.06666666666666667,120,10.0,0.04686324339128369,0.7333333333333333
2140,000739,普洛药业,2026-07-14,2026-07-14,518,-0.03079111658356614,0.31666666666666665,240,10.0,0.03635745520412655,0.6333333333333333,-0.0568275668277836,0.26666666666666666,240,10.0,0.04777258825143463,0.6166666666666667
2141,002911,佛燃能源,2026-07-14,2026-07-14,518,-0.030843768128269982,0.13333333333333333,240,10.0,0.03420639452583996,0.7,-0.06668368147684489,0.05,240,0.1,0.0532757162505216,0.6833333333333333
2142,000953,河化股份,2026-07-14,2026-07-14,513,-0.03085688740504253,0.16666666666666666,120,10.0,0.03651452710808577,0.5666666666666667,-0.0009279693568352843,0.4166666666666667,120,1.0,0.05805449004194548,0.65
2143,600861,北京人力,2026-07-14,2026-07-14,518,-0.03091884151451168,0.1,120,10.0,0.030411480445909196,0.5666666666666667,-0.046246367942126936,0.13333333333333333,120,10.0,0.04373233350597764,0.7333333333333333
2144,601808,中海油服,2026-07-14,2026-07-14,518,-0.03094821410887893,0.13333333333333333,240,0.1,0.029090717310755135,0.7,-0.06626970375209831,0.08333333333333333,240,0.1,0.045948102475886855,0.6666666666666666
2145,600456,宝钛股份,2026-07-14,2026-07-14,518,-0.03096693269951567,0.21666666666666667,180,10.0,0.050009361490923596,0.5166666666666667,-0.04779639422324165,0.08333333333333333,180,10.0,0.06048824518500833,0.5
2146,601908,京运通,2026-07-14,2026-07-14,518,-0.030987294826322266,0.2,240,0.1,0.04866375277487857,0.6666666666666666,-0.06368061782187112,0.06666666666666667,240,0.1,0.06280686009508792,0.7
2147,603565,中谷物流,2026-07-14,2026-07-14,518,-0.031000079366542987,0.25,240,10.0,0.03762113512554102,0.7666666666666667,-0.009385731080404922,0.5333333333333333,180,10.0,0.04192152633348058,0.75
2148,000792,盐湖股份,2026-07-14,2026-07-14,518,-0.031005574604804003,0.18333333333333332,240,0.1,0.052560602329081205,0.6,-0.0723801396089869,0.016666666666666666,240,0.1,0.059922847807945975,0.6833333333333333
2149,600848,上海临港,2026-07-14,2026-07-14,518,-0.031011358518289518,0.11666666666666667,120,10.0,0.02883503786107152,0.65,-0.07993430646877804,0.05,240,1.0,0.03626566262146432,0.8333333333333334
2150,002011,盾安环境,2026-07-14,2026-07-14,518,-0.0310117670779358,0.11666666666666667,120,10.0,0.030864507067503922,0.65,-0.06130356398765703,0.05,120,1.0,0.03244405557549078,0.6666666666666666
2151,002495,佳隆股份,2026-07-14,2026-07-14,518,-0.031042005015181423,0.16666666666666666,120,10.0,0.04017242720379441,0.4666666666666667,-0.06269058324565288,0.08333333333333333,120,1.0,0.05691189578615761,0.5333333333333333
2152,001390,古麒绒材,2026-07-14,2026-07-14,274,-0.031054089718174843,0.11666666666666667,120,10.0,0.04212463331566883,0.5666666666666667,-0.038838083799502154,0.13333333333333333,120,10.0,0.04840849173359339,0.7833333333333333
2153,002877,智能自控,2026-07-14,2026-07-14,518,-0.031076335710154876,0.05,180,0.1,0.04008725419874452,0.5666666666666667,-0.06729073319225054,0.0,120,0.1,0.04571301822128125,0.65
2154,000529,广弘控股,2026-07-14,2026-07-14,518,-0.031108373163538944,0.13333333333333333,120,0.1,0.024479763087858993,0.7333333333333333,-0.06636112184713888,0.08333333333333333,120,0.1,0.034702467674871625,0.7166666666666667
2155,605188,国光连锁,2026-07-14,2026-07-14,518,-0.031130117312087344,0.15,120,10.0,0.03899706808905416,0.5833333333333334,-0.04705497812239726,0.06666666666666667,120,10.0,0.041185764386873346,0.9
2156,603131,上海沪工,2026-07-14,2026-07-14,518,-0.031182945814696317,0.25,240,10.0,0.07320541926571586,0.48333333333333334,0.014954201388220227,0.43333333333333335,120,10.0,0.09056702248977803,0.6166666666666667
2157,002967,广电计量,2026-07-14,2026-07-14,518,-0.031213747126189104,0.3,240,0.1,0.04981632382958212,0.5166666666666667,-0.032199238780599125,0.3,240,10.0,0.06196757998950131,0.6166666666666667
2158,600287,苏豪时尚,2026-07-14,2026-07-14,516,-0.03123111480624333,0.08333333333333333,240,10.0,0.026371944044880802,0.5666666666666667,-0.06531024219452775,0.03333333333333333,120,0.1,0.04009184349544838,0.6833333333333333
2159,002370,亚太药业,2026-07-14,2026-07-14,513,-0.031235918572120762,0.11666666666666667,240,10.0,0.05567531283707399,0.5666666666666667,-0.016724327196467558,0.15,120,10.0,0.09456752050045443,0.38333333333333336
2160,600212,绿能慧充,2026-07-14,2026-07-14,518,-0.03133145430428645,0.06666666666666667,240,10.0,0.04179379056446735,0.6,0.010489770389803539,0.21666666666666667,120,0.1,0.05392925145117307,0.7833333333333333
2161,002360,同德化工,2026-07-14,2026-07-14,517,-0.031364179340900133,0.2,180,10.0,0.05414113933241457,0.5833333333333334,-0.045979364291645904,0.08333333333333333,180,10.0,0.06476219418587238,0.5666666666666667
2162,600161,天坛生物,2026-07-14,2026-07-14,518,-0.03140973004665658,0.08333333333333333,120,10.0,0.025863129988198435,0.7,-0.047453170324959076,0.06666666666666667,240,10.0,0.03416687170758397,0.7666666666666667
2163,603877,太平鸟,2026-07-14,2026-07-14,518,-0.031453862019672166,0.18333333333333332,120,0.1,0.028586563270167294,0.7333333333333333,-0.024571234657651424,0.31666666666666665,240,0.1,0.044645520481228725,0.6833333333333333
2164,000019,深粮控股,2026-07-14,2026-07-14,518,-0.031518431251215846,0.15,180,1.0,0.03850836295986628,0.5833333333333334,-0.049200634966165877,0.1,120,0.1,0.0426704986727134,0.6833333333333333
2165,002571,德力股份,2026-07-14,2026-07-14,513,-0.03152172211188904,0.13333333333333333,120,10.0,0.04548607396874355,0.6,-0.01916941090138269,0.21666666666666667,240,0.1,0.06487364840456337,0.5833333333333334
2166,002941,新疆交建,2026-07-14,2026-07-14,518,-0.031527071093985504,0.11666666666666667,240,10.0,0.04528645747479022,0.7,-0.07776785489354775,0.05,240,10.0,0.06171070452429481,0.7666666666666667
2167,000048,京基智农,2026-07-14,2026-07-14,518,-0.03154709670696404,0.36666666666666664,240,10.0,0.09163454239491771,0.38333333333333336,-0.1012955829981469,0.26666666666666666,240,10.0,0.14682818967662803,0.6166666666666667
2168,002572,索菲亚,2026-07-14,2026-07-14,518,-0.03156246848135966,0.31666666666666665,180,10.0,0.04465351033975111,0.7166666666666667,-0.03496753003795644,0.11666666666666667,240,0.1,0.051649081957919604,0.7666666666666667
2169,605338,巴比食品,2026-07-14,2026-07-14,518,-0.03158114338125361,0.16666666666666666,120,10.0,0.047160865613819644,0.6,-0.0762614206638802,0.11666666666666667,120,0.1,0.057930928986531495,0.7833333333333333
2170,002425,凯撒文化,2026-07-14,2026-07-14,516,-0.03163507191362151,0.25,120,10.0,0.03200032566276621,0.7666666666666667,-0.04560406555538017,0.23333333333333334,120,1.0,0.043035765990273415,0.7666666666666667
2171,600841,动力新科,2026-07-14,2026-07-14,518,-0.031636962054778055,0.15,240,0.1,0.05144468093466143,0.6666666666666666,-0.0830974460658849,0.1,120,1.0,0.06857144203004113,0.8166666666666667
2172,002035,华帝股份,2026-07-14,2026-07-14,518,-0.031656343698151325,0.11666666666666667,240,10.0,0.03410380142278827,0.6,-0.03686400971301211,0.06666666666666667,240,0.1,0.03870499428400174,0.85
2173,600787,中储股份,2026-07-14,2026-07-14,518,-0.031668496278171476,0.18333333333333332,180,0.1,0.02571086663882199,0.65,-1.1602833631767229e-06,0.2833333333333333,120,1.0,0.02966118834295051,0.8
2174,002057,中钢天源,2026-07-14,2026-07-14,518,-0.03170261263848195,0.26666666666666666,120,0.1,0.062353816927105024,0.65,0.149698042022519,0.95,120,10.0,0.08346808814748043,0.6
2175,000568,泸州老窖,2026-07-14,2026-07-14,518,-0.031704812797319196,0.08333333333333333,240,10.0,0.030482970986822674,0.5,-0.084942586810627,0.03333333333333333,240,0.1,0.03665797918815709,0.7
2176,600866,星湖科技,2026-07-14,2026-07-14,518,-0.03182256549073386,0.25,120,1.0,0.031651645645551355,0.6833333333333333,0.018421007282988774,0.75,120,1.0,0.039533809427665795,0.9
2177,600596,新安股份,2026-07-14,2026-07-14,518,-0.0318516894821915,0.3,120,10.0,0.061659704280246384,0.5666666666666667,0.09001210169108574,0.85,120,10.0,0.08209056019333112,0.75
2178,002476,宝莫股份,2026-07-14,2026-07-14,518,-0.03185723432507963,0.11666666666666667,120,10.0,0.034786345390607876,0.6666666666666666,-0.03029299478355196,0.08333333333333333,120,10.0,0.044071660912195866,0.6
2179,601619,嘉泽新能,2026-07-14,2026-07-14,518,-0.03187098878934477,0.13333333333333333,180,0.1,0.06350869699871202,0.5,-0.01880420348232816,0.13333333333333333,240,10.0,0.09940627855237445,0.4
2180,603043,广州酒家,2026-07-14,2026-07-14,518,-0.031893333640039365,0.15,240,10.0,0.025797093932616432,0.55,-0.08083394706457157,0.08333333333333333,240,0.1,0.0326567125771867,0.6833333333333333
2181,603045,福达合金,2026-07-14,2026-07-14,518,-0.03190037629271999,0.4666666666666667,120,1.0,0.1405321420002183,0.6666666666666666,0.05965479050705831,0.6666666666666666,120,10.0,0.2063752275250782,0.7333333333333333
2182,603239,浙江仙通,2026-07-14,2026-07-14,518,-0.031924776133473234,0.13333333333333333,120,10.0,0.06777034592109558,0.5333333333333333,-0.004046035983389637,0.16666666666666666,120,10.0,0.09233037474894833,0.6166666666666667
2183,603496,恒为科技,2026-07-14,2026-07-14,509,-0.031937170945076095,0.36666666666666664,120,10.0,0.08070902310805204,0.5833333333333334,-0.028895549606843027,0.4166666666666667,120,10.0,0.10401858185418462,0.65
2184,000519,中兵红箭,2026-07-14,2026-07-14,518,-0.031937847926106794,0.35,120,10.0,0.05650513960737548,0.6166666666666667,-0.032732360427958566,0.35,240,10.0,0.05779684580842023,0.6333333333333333
2185,600797,浙大网新,2026-07-14,2026-07-14,518,-0.03201879364709644,0.16666666666666666,240,10.0,0.04366621265648162,0.6666666666666666,-0.10463598421766565,0.0,240,1.0,0.05389160883617481,0.6833333333333333
2186,600218,全柴动力,2026-07-14,2026-07-14,518,-0.03202098098687356,0.11666666666666667,120,10.0,0.033059823860764496,0.5666666666666667,-0.03428381894402678,0.13333333333333333,120,10.0,0.05103472653220899,0.7666666666666667
2187,601898,中煤能源,2026-07-14,2026-07-14,518,-0.03205206459857352,0.3,120,10.0,0.07032700519772363,0.5166666666666667,-0.07389479500821632,0.08333333333333333,120,10.0,0.09465840763249425,0.36666666666666664
2188,603528,多伦科技,2026-07-14,2026-07-14,518,-0.032105126595514594,0.06666666666666667,180,10.0,0.03667250745268683,0.55,-0.050051677607528045,0.06666666666666667,180,10.0,0.054327950422402564,0.5833333333333334
2189,001331,胜通能源,2026-07-14,2026-07-14,489,-0.03213254430051438,0.25,240,10.0,0.10411891441909443,0.4166666666666667,-0.05813496817979573,0.15,240,10.0,0.16053720159531956,0.55
2190,600794,保税科技,2026-07-14,2026-07-14,518,-0.03215367478051894,0.08333333333333333,180,10.0,0.02496780341703079,0.5166666666666667,-0.04783126564593483,0.05,180,10.0,0.03578245042944527,0.7166666666666667
2191,600526,菲达环保,2026-07-14,2026-07-14,518,-0.03216405016794861,0.08333333333333333,180,10.0,0.03244779138663075,0.55,-0.029149660650910084,0.15,120,10.0,0.04132613238924816,0.6
2192,000975,山金国际,2026-07-14,2026-07-14,518,-0.0321730484026433,0.31666666666666665,240,10.0,0.0779841903351588,0.5166666666666667,-0.12988049005590546,0.08333333333333333,240,0.1,0.07262495296495163,0.7666666666666667
2193,603633,徕木股份,2026-07-14,2026-07-14,518,-0.03218952604242182,0.3333333333333333,240,1.0,0.05842324284363683,0.6166666666666667,-0.07531392041311236,0.23333333333333334,240,10.0,0.07080796772652649,0.6833333333333333
2194,603536,惠发食品,2026-07-14,2026-07-14,518,-0.032195925057265505,0.08333333333333333,120,10.0,0.03125731212878995,0.6,-0.03186743295254303,0.2,120,0.1,0.033091888694428896,0.8166666666666667
2195,000635,英 力 特,2026-07-14,2026-07-14,518,-0.03223719222501468,0.1,120,10.0,0.029669368618515966,0.55,-0.05995440198010238,0.016666666666666666,120,10.0,0.03976253173337924,0.75
2196,002258,利尔化学,2026-07-14,2026-07-14,518,-0.03223986955383299,0.26666666666666666,120,10.0,0.04842070768378679,0.43333333333333335,-0.059091994798296105,0.21666666666666667,120,10.0,0.07075545519226542,0.36666666666666664
2197,002598,山东章鼓,2026-07-14,2026-07-14,517,-0.03230577195184658,0.13333333333333333,180,10.0,0.03029285413491093,0.7333333333333333,-0.03353409976161217,0.11666666666666667,180,10.0,0.04273585238977236,0.7333333333333333
2198,605155,西大门,2026-07-14,2026-07-14,518,-0.03234290595667085,0.18333333333333332,240,10.0,0.049878711241807865,0.55,-0.01622007695412314,0.16666666666666666,120,10.0,0.06746487749867455,0.6
2199,601228,广州港,2026-07-14,2026-07-14,518,-0.0323706659131456,0.08333333333333333,180,0.1,0.020200662557521235,0.5,-0.05817654239128351,0.016666666666666666,180,0.1,0.023956749803833048,0.65
2200,600882,妙可蓝多,2026-07-14,2026-07-14,518,-0.03239369402700034,0.26666666666666666,120,10.0,0.05727334487557352,0.5166666666666667,-0.056772923678376955,0.26666666666666666,120,10.0,0.06347795553475227,0.6
2201,601068,中铝国际,2026-07-14,2026-07-14,518,-0.03240598388637585,0.016666666666666666,120,10.0,0.05136875733921863,0.45,-0.09598848679711483,0.0,120,10.0,0.07799150971742537,0.5333333333333333
2202,600352,浙江龙盛,2026-07-14,2026-07-14,518,-0.03240696676391104,0.15,240,10.0,0.0405267639297496,0.65,-0.0812344987608557,0.11666666666666667,240,10.0,0.06543167336885372,0.5
2203,000915,华特达因,2026-07-14,2026-07-14,518,-0.032457837481277,0.08333333333333333,120,10.0,0.028286126528484716,0.5833333333333334,-0.0775027940386849,0.0,120,10.0,0.03645562962097412,0.65
2204,002551,尚荣医疗,2026-07-14,2026-07-14,518,-0.03246864238924969,0.18333333333333332,120,10.0,0.031710324146033586,0.7166666666666667,-0.03810933651396248,0.23333333333333334,120,1.0,0.04732331434461221,0.6833333333333333
2205,000931,中 关 村,2026-07-14,2026-07-14,518,-0.03247741989001342,0.13333333333333333,120,10.0,0.03871712778584683,0.5166666666666667,-0.042452323937572554,0.2,120,0.1,0.05656796793831608,0.6
2206,603912,佳力图,2026-07-14,2026-07-14,518,-0.03248394578187178,0.23333333333333334,240,10.0,0.061875629231753534,0.5666666666666667,-0.03793911557988501,0.31666666666666665,240,0.1,0.09259905959383567,0.5333333333333333
2207,000981,山子高科,2026-07-14,2026-07-14,518,-0.032524623511037284,0.11666666666666667,120,10.0,0.06963436768574874,0.5,-0.05651077425878064,0.016666666666666666,120,0.1,0.104042168877188,0.48333333333333334
2208,600893,航发动力,2026-07-14,2026-07-14,518,-0.03254046344081818,0.21666666666666667,120,1.0,0.04817485848526368,0.6833333333333333,-0.06709387764607014,0.06666666666666667,120,10.0,0.06517537474741558,0.6
2209,002675,东诚药业,2026-07-14,2026-07-14,518,-0.03256154257535059,0.016666666666666666,120,10.0,0.01817730355738435,0.7166666666666667,-0.046800226054835414,0.0,120,10.0,0.021667864678076347,0.7333333333333333
2210,002535,林州重机,2026-07-14,2026-07-14,518,-0.0325814145274167,0.2,240,10.0,0.04551754341114758,0.65,-0.055717622302953004,0.15,240,10.0,0.06731138410759017,0.8333333333333334
2211,002391,长青股份,2026-07-14,2026-07-14,518,-0.032630103391248354,0.13333333333333333,120,0.1,0.03617965551200142,0.36666666666666664,-0.026793216867303026,0.26666666666666666,240,0.1,0.05815928378048028,0.48333333333333334
2212,600681,百川能源,2026-07-14,2026-07-14,518,-0.03269903052468445,0.21666666666666667,120,10.0,0.034922724913872744,0.5,-0.06153847427842138,0.08333333333333333,120,10.0,0.05812056921479981,0.4666666666666667
2213,600556,天下秀,2026-07-14,2026-07-14,518,-0.032701227852103096,0.016666666666666666,240,0.1,0.04982619774755493,0.55,-0.03470038163292829,0.03333333333333333,240,10.0,0.08441171785144551,0.4166666666666667
2214,002686,亿利达,2026-07-14,2026-07-14,514,-0.032752504848016464,0.26666666666666666,240,10.0,0.05967680445661758,0.48333333333333334,-0.08427295808126331,0.15,240,1.0,0.07799567956341025,0.7
2215,000633,合金投资,2026-07-14,2026-07-14,513,-0.032767173563259436,0.11666666666666667,120,10.0,0.04080866214333958,0.4666666666666667,-0.0680315355945389,0.06666666666666667,120,0.1,0.05157836563328778,0.7333333333333333
2216,002672,东江环保,2026-07-14,2026-07-14,518,-0.032974655033945866,0.18333333333333332,120,10.0,0.04678206168945058,0.6166666666666667,-0.042584164885111006,0.1,120,10.0,0.06459165898320834,0.43333333333333335
2217,603035,常熟汽饰,2026-07-14,2026-07-14,518,-0.032986404061074906,0.08333333333333333,180,0.1,0.025448860978054568,0.7166666666666667,-0.0435030592823039,0.05,180,0.1,0.031255815616007813,0.8166666666666667
2218,603121,华培动力,2026-07-14,2026-07-14,508,-0.03302344654850317,0.2,240,10.0,0.05459047212518897,0.8,-0.07286831954073153,0.21666666666666667,240,10.0,0.0973452984145931,0.8
2219,000789,万年青,2026-07-14,2026-07-14,518,-0.0330372080227932,0.08333333333333333,180,10.0,0.026377266669146537,0.5833333333333334,-0.05602307054472712,0.03333333333333333,180,10.0,0.03545081399223644,0.95
2220,600282,南钢股份,2026-07-14,2026-07-14,518,-0.03308109523117363,0.05,120,10.0,0.03583552037979383,0.5166666666666667,-0.03319061803045486,0.0,120,10.0,0.046756956874373784,0.45
2221,601567,三星医疗,2026-07-14,2026-07-14,518,-0.03312124566949065,0.16666666666666666,240,10.0,0.053945354665043646,0.7333333333333333,0.008646321079781388,0.5,120,0.1,0.07731430874442974,0.8
2222,603187,海容冷链,2026-07-14,2026-07-14,518,-0.03321395119370441,0.13333333333333333,240,0.1,0.031573887885577016,0.6,-0.051132589684868744,0.1,240,0.1,0.04359152127086681,0.6333333333333333
2223,000030,富奥股份,2026-07-14,2026-07-14,518,-0.03323040084014257,0.13333333333333333,120,10.0,0.03952823793832294,0.4166666666666667,-0.12766778947482385,0.016666666666666666,120,0.1,0.04537282682142581,0.7333333333333333
2224,002692,远程股份,2026-07-14,2026-07-14,518,-0.033293200265027946,0.1,180,10.0,0.05844203917318689,0.65,-0.0658850826852892,0.11666666666666667,240,10.0,0.08695632800807099,0.6333333333333333
2225,002863,今飞凯达,2026-07-14,2026-07-14,518,-0.033326637905119194,0.06666666666666667,120,10.0,0.03002646196191416,0.6166666666666667,-0.039253955530467385,0.05,120,10.0,0.043624607426096626,0.65
2226,603230,内蒙新华,2026-07-14,2026-07-14,518,-0.033451968745202135,0.05,120,0.1,0.02389802448807915,0.7166666666666667,-0.05592330594443029,0.016666666666666666,120,0.1,0.02886516868340357,0.8833333333333333
2227,605028,世茂能源,2026-07-14,2026-07-14,509,-0.03346302491488965,0.15,240,10.0,0.0549459164193687,0.4,0.015331178897489986,0.36666666666666664,120,1.0,0.0731538728650261,0.4166666666666667
2228,000029,深深房Ａ,2026-07-14,2026-07-14,518,-0.03347935690847921,0.3333333333333333,180,0.1,0.08250891063946383,0.6333333333333333,-0.05290983745554685,0.38333333333333336,180,1.0,0.09972711648422852,0.7333333333333333
2229,600868,梅雁吉祥,2026-07-14,2026-07-14,518,-0.0335563314733705,0.15,240,0.1,0.05479402570141205,0.55,-0.09934547240037306,0.03333333333333333,180,0.1,0.06208364319487958,0.6666666666666666
2230,002601,龙佰集团,2026-07-14,2026-07-14,518,-0.03357400879248651,0.2833333333333333,240,10.0,0.05381138458785274,0.5833333333333334,-0.09296826704095157,0.25,240,0.1,0.08230804501284698,0.48333333333333334
2231,001379,腾达科技,2026-07-14,2026-07-14,518,-0.033642105631710426,0.06666666666666667,120,10.0,0.03622977376214058,0.65,-0.02722807042936428,0.1,120,10.0,0.048062307382847974,0.7
2232,002430,杭氧股份,2026-07-14,2026-07-14,518,-0.03366634695621497,0.3333333333333333,120,10.0,0.06703729314794137,0.65,-0.05662339762712172,0.1,120,0.1,0.06743308600648842,0.7666666666666667
2233,002019,亿帆医药,2026-07-14,2026-07-14,518,-0.03376548415223059,0.08333333333333333,240,10.0,0.02971548169542941,0.7,-0.07762482858894265,0.016666666666666666,180,10.0,0.030883291742988265,0.8166666666666667
2234,002067,景兴纸业,2026-07-14,2026-07-14,518,-0.033765850274800537,0.25,120,1.0,0.04232615615167847,0.7166666666666667,0.02103237879204106,0.6166666666666667,120,0.1,0.04687936533396323,0.7833333333333333
2235,000410,沈阳机床,2026-07-14,2026-07-14,518,-0.03377144479351109,0.11666666666666667,240,10.0,0.03329627158391138,0.8,-0.15610123569209847,0.0,120,0.1,0.0430955581655105,0.7833333333333333
2236,605488,福莱新材,2026-07-14,2026-07-14,518,-0.033838270936736546,0.3333333333333333,180,1.0,0.06612829813537016,0.65,-0.1030646307416273,0.06666666666666667,180,10.0,0.05666266475119632,0.7
2237,600435,北方导航,2026-07-14,2026-07-14,518,-0.03388416218151781,0.08333333333333333,180,1.0,0.04480240286298614,0.55,-0.04606065189435104,0.06666666666666667,180,10.0,0.0713744945983091,0.35
2238,601098,中南传媒,2026-07-14,2026-07-14,518,-0.03389810074230418,0.16666666666666666,120,10.0,0.024862184600027253,0.6833333333333333,-0.04277273259876435,0.11666666666666667,120,10.0,0.029180297340161,0.65
2239,002987,京北方,2026-07-14,2026-07-14,518,-0.033975569030655524,0.15,120,10.0,0.044042959198671176,0.8,-0.0469133203946252,0.23333333333333334,180,0.1,0.05951173791510319,0.85
2240,000045,深纺织Ａ,2026-07-14,2026-07-14,518,-0.034023987158640225,0.08333333333333333,120,1.0,0.027418197103331314,0.7,-0.027405200921490968,0.23333333333333334,120,0.1,0.040796396601413924,0.6666666666666666
2241,002445,中南文化,2026-07-14,2026-07-14,508,-0.03404415938517799,0.21666666666666667,180,0.1,0.040902096466043106,0.7166666666666667,-0.11293611859361626,0.016666666666666666,180,0.1,0.044501997620979804,0.9
2242,000863,三湘印象,2026-07-14,2026-07-14,518,-0.034159570203499336,0.21666666666666667,120,1.0,0.06556629940914663,0.5833333333333334,-0.07704771498228415,0.21666666666666667,180,0.1,0.09555076790851849,0.65
2243,002091,江苏国泰,2026-07-14,2026-07-14,518,-0.03417905770694743,0.06666666666666667,180,10.0,0.03700337232089944,0.65,-0.024528441640268562,0.23333333333333334,120,10.0,0.05162577707713763,0.6
2244,601088,中国神华,2026-07-14,2026-07-14,508,-0.034222397614207166,0.21666666666666667,120,0.1,0.03812107979935168,0.6166666666666667,-0.039444203200904,0.03333333333333333,120,0.1,0.04708117214988258,0.6666666666666666
2245,000902,新洋丰,2026-07-14,2026-07-14,518,-0.03422532961714415,0.15,180,10.0,0.037878458629697166,0.6166666666666667,-0.05766169502625572,0.1,180,10.0,0.056635567833532664,0.6333333333333333
2246,002519,银河电子,2026-07-14,2026-07-14,518,-0.034229842233486366,0.18333333333333332,180,0.1,0.05835637126267189,0.5333333333333333,0.02699894926520447,0.4,180,0.1,0.08697216142985859,0.48333333333333334
2247,002176,江特电机,2026-07-14,2026-07-14,513,-0.03425904542135127,0.36666666666666664,120,10.0,0.09092094257070978,0.55,0.015885920899323322,0.4666666666666667,120,10.0,0.14044565218083568,0.6166666666666667
2248,605555,德昌股份,2026-07-14,2026-07-14,514,-0.03426218090493677,0.26666666666666666,240,0.1,0.04597922892887873,0.7333333333333333,-0.06840972903227474,0.06666666666666667,240,0.1,0.05113817169346689,0.7666666666666667
2249,002956,西麦食品,2026-07-14,2026-07-14,518,-0.034284338124514493,0.31666666666666665,120,10.0,0.07440490456564337,0.48333333333333334,-0.013763557096720622,0.23333333333333334,120,10.0,0.09823875007468333,0.5333333333333333
2250,000061,农 产 品,2026-07-14,2026-07-14,518,-0.03432861988493513,0.2,120,10.0,0.025144512394659844,0.8333333333333334,-0.059154875543311745,0.16666666666666666,120,10.0,0.040196607706536734,0.8833333333333333
2251,605098,行动教育,2026-07-14,2026-07-14,518,-0.034328796612019465,0.18333333333333332,120,10.0,0.06094957949697706,0.5,-0.12965236377339445,0.06666666666666667,120,0.1,0.09048898193339357,0.5333333333333333
2252,000707,双环科技,2026-07-14,2026-07-14,518,-0.03434054426823749,0.06666666666666667,120,10.0,0.030637459651579213,0.7,-0.04818285622109937,0.03333333333333333,120,10.0,0.04008400047028213,0.8666666666666667
2253,002312,川发龙蟒,2026-07-14,2026-07-14,518,-0.03435235859623136,0.18333333333333332,240,10.0,0.06360592456966406,0.3333333333333333,-0.039436376618276356,0.15,240,10.0,0.0847495586465509,0.45
2254,002322,理工能科,2026-07-14,2026-07-14,518,-0.03435628350912369,0.1,180,10.0,0.03609548444763288,0.6666666666666666,-0.05811130640839807,0.08333333333333333,180,10.0,0.04486637302735882,0.8166666666666667
2255,000058,深 赛 格,2026-07-14,2026-07-14,518,-0.03439546862170958,0.05,120,1.0,0.022428070111897076,0.6833333333333333,-0.045507857213236025,0.016666666666666666,120,0.1,0.02801013979735108,0.8666666666666667
2256,002768,国恩股份,2026-07-14,2026-07-14,518,-0.034395810074456065,0.4166666666666667,180,10.0,0.06791788403425629,0.6666666666666666,0.030325856367191387,0.7333333333333333,180,10.0,0.09601257507452651,0.8
2257,000911,广农糖业,2026-07-14,2026-07-14,517,-0.034426629860718705,0.2833333333333333,120,10.0,0.06747279205907876,0.5833333333333334,-0.1027606138514191,0.05,120,10.0,0.08300242028185617,0.7
2258,002724,海洋王,2026-07-14,2026-07-14,518,-0.03447544940593342,0.06666666666666667,240,10.0,0.029670079650014804,0.7833333333333333,-0.05946802084815537,0.05,240,10.0,0.04784373825223567,0.7666666666666667
2259,002467,二六三,2026-07-14,2026-07-14,518,-0.0345117145325568,0.18333333333333332,180,0.1,0.05460046578038176,0.6,-0.06692046889979336,0.016666666666666666,120,10.0,0.07010966035097964,0.65
2260,002003,伟星股份,2026-07-14,2026-07-14,518,-0.034543436688968907,0.13333333333333333,120,10.0,0.030343061203980906,0.5666666666666667,-0.0688230779786016,0.0,120,0.1,0.031456109494601925,0.7
2261,600452,涪陵电力,2026-07-14,2026-07-14,518,-0.03458052691647169,0.3,240,1.0,0.05347355735820063,0.7166666666666667,-0.00846030957236102,0.48333333333333334,180,10.0,0.07388483469554577,0.7166666666666667
2262,600239,云南城投,2026-07-14,2026-07-14,517,-0.034648025363903996,0.23333333333333334,120,10.0,0.052617862677079644,0.6333333333333333,-0.07396701604601166,0.11666666666666667,120,10.0,0.0644722683539752,0.8
2263,600858,银座股份,2026-07-14,2026-07-14,518,-0.03467465171546528,0.016666666666666666,120,10.0,0.034044382041845636,0.5,-0.0447885629120278,0.03333333333333333,120,10.0,0.0506032707015491,0.43333333333333335
2264,603255,鼎际得,2026-07-14,2026-07-14,518,-0.034722983278005826,0.25,240,10.0,0.04599302363311319,0.6166666666666667,0.035025352110473744,0.8833333333333333,120,1.0,0.07760606801561024,0.55
2265,600818,中路股份,2026-07-14,2026-07-14,517,-0.03475467901167393,0.3,180,10.0,0.05351326156017146,0.5666666666666667,-0.03651089551533293,0.38333333333333336,180,10.0,0.07733744038924133,0.75
2266,603036,如通股份,2026-07-14,2026-07-14,518,-0.0347698121500191,0.18333333333333332,120,0.1,0.051436819612279513,0.6,0.03686754548130284,0.5166666666666667,120,0.1,0.0675573798532258,0.55
2267,603883,老百姓,2026-07-14,2026-07-14,518,-0.03478428225391098,0.05,120,10.0,0.027542637129597678,0.7166666666666667,-0.02831184418223937,0.06666666666666667,120,10.0,0.034172061851008295,0.7333333333333333
2268,601019,山东出版,2026-07-14,2026-07-14,518,-0.034784485139115716,0.16666666666666666,120,10.0,0.03144253523887844,0.5833333333333334,-0.07386313577630897,0.11666666666666667,120,10.0,0.04094697310531777,0.8166666666666667
2269,000923,河钢资源,2026-07-14,2026-07-14,518,-0.03482455099226003,0.18333333333333332,240,10.0,0.04866701229092925,0.6,-0.06066056203098999,0.05,240,10.0,0.0643610208409573,0.5666666666666667
2270,002101,广东鸿图,2026-07-14,2026-07-14,518,-0.034850815707103106,0.15,180,10.0,0.03316589114310247,0.6166666666666667,-0.06724828688627012,0.18333333333333332,180,10.0,0.04696880651663467,0.7833333333333333
2271,003816,中国广核,2026-07-14,2026-07-14,518,-0.03486207661920895,0.1,120,10.0,0.028512124370746603,0.7,-0.042336770417552134,0.03333333333333333,120,10.0,0.02972441951116979,0.7
2272,000948,南天信息,2026-07-14,2026-07-14,518,-0.0349238849443948,0.15,120,10.0,0.039360588967737385,0.65,-0.10254230624617106,0.06666666666666667,120,10.0,0.0470917168079849,0.8333333333333334
2273,600160,巨化股份,2026-07-14,2026-07-14,518,-0.03499092310042198,0.4,180,0.1,0.07318645512058514,0.5833333333333334,0.11393047060116127,0.8833333333333333,180,0.1,0.0992388533380945,0.6333333333333333
2274,600814,杭州解百,2026-07-14,2026-07-14,518,-0.03499238995345892,0.05,240,10.0,0.032405655604028645,0.31666666666666665,-0.08759858213289742,0.016666666666666666,180,0.1,0.03530351447295193,0.6666666666666666
2275,605001,威奥股份,2026-07-14,2026-07-14,518,-0.035004983921266476,0.06666666666666667,120,10.0,0.03828113082063188,0.55,-0.05496131996499449,0.03333333333333333,120,10.0,0.05540882693114438,0.5833333333333334
2276,600248,陕建股份,2026-07-14,2026-07-14,518,-0.03501191747827463,0.15,240,10.0,0.02755995025837864,0.65,-0.031015066793858185,0.11666666666666667,120,10.0,0.03621259136426944,0.8
2277,600307,酒钢宏兴,2026-07-14,2026-07-14,518,-0.035018307457148595,0.03333333333333333,240,0.1,0.030317192427290925,0.55,-0.076400429811866,0.0,180,1.0,0.03875671619824285,0.6166666666666667
2278,002191,劲嘉股份,2026-07-14,2026-07-14,518,-0.03507415650809733,0.25,120,10.0,0.031368277201485946,0.6833333333333333,-0.011511419673737292,0.5166666666666667,240,0.1,0.044725259837553134,0.6166666666666667
2279,002094,青岛金王,2026-07-14,2026-07-14,518,-0.03509980045518299,0.1,180,10.0,0.03310124382282649,0.7333333333333333,-0.07856472803087608,0.03333333333333333,120,0.1,0.042580037679313225,0.8
2280,002460,赣锋锂业,2026-07-14,2026-07-14,518,-0.03514268942544424,0.1,120,10.0,0.0670328869620722,0.43333333333333335,-0.10788892357830762,0.0,120,10.0,0.0847268474505183,0.5333333333333333
2281,002279,久其软件,2026-07-14,2026-07-14,518,-0.03515715727141658,0.1,240,0.1,0.0496165670571889,0.5,-0.11926970062010961,0.016666666666666666,240,0.1,0.0720208766467461,0.55
2282,002593,日上集团,2026-07-14,2026-07-14,518,-0.03516977657186786,0.08333333333333333,120,10.0,0.03547843616067648,0.5166666666666667,-0.06222258013491001,0.05,120,1.0,0.04776476492692771,0.7166666666666667
2283,601598,中国外运,2026-07-14,2026-07-14,518,-0.035224087646560355,0.1,180,0.1,0.02543319400573629,0.7166666666666667,-0.030443846846222748,0.03333333333333333,180,0.1,0.03674140528911384,0.6333333333333333
2284,600925,苏能股份,2026-07-14,2026-07-14,518,-0.035235305854686226,0.16666666666666666,120,10.0,0.02721818002613397,0.6,-0.16403369357078723,0.0,120,0.1,0.03271866100078833,0.6166666666666667
2285,002926,华西证券,2026-07-14,2026-07-14,518,-0.03524929864666211,0.05,120,0.1,0.017699156457556223,0.7833333333333333,-0.0320063956136619,0.2,120,0.1,0.021357117044880542,0.8166666666666667
2286,003035,南网能源,2026-07-14,2026-07-14,518,-0.03532591887364102,0.25,240,10.0,0.056947019347819976,0.5666666666666667,-0.037651642632397765,0.15,240,10.0,0.08959559172113736,0.5166666666666667
2287,002616,长青集团,2026-07-14,2026-07-14,518,-0.035339414826715335,0.16666666666666666,240,10.0,0.04081943845793709,0.5166666666666667,-0.12807768827233063,0.0,240,0.1,0.05319218131017086,0.6333333333333333
2288,600754,锦江酒店,2026-07-14,2026-07-14,518,-0.03536834090515572,0.1,240,0.1,0.03674264130047555,0.6833333333333333,-0.06706663061137169,0.016666666666666666,240,10.0,0.04362752631769202,0.9833333333333333
2289,000985,大庆华科,2026-07-14,2026-07-14,518,-0.03536950658896815,0.05,120,10.0,0.037730192182003054,0.6166666666666667,-0.04330444121580295,0.05,120,10.0,0.05274711608540248,0.7666666666666667
2290,002276,万马股份,2026-07-14,2026-07-14,518,-0.03538174417608943,0.15,120,10.0,0.04099450880741012,0.7833333333333333,-0.08297416390598067,0.016666666666666666,120,10.0,0.05515474581034375,0.75
2291,600862,中航高科,2026-07-14,2026-07-14,518,-0.03539303165530298,0.26666666666666666,120,10.0,0.05497604758586778,0.5,-0.031277383854528856,0.25,120,10.0,0.07125257948855022,0.5
2292,605577,龙版传媒,2026-07-14,2026-07-14,518,-0.035434958282868925,0.05,240,10.0,0.0318125930122047,0.6666666666666666,-0.03992253855789464,0.06666666666666667,240,10.0,0.04696807348727388,0.8333333333333334
2293,001338,永顺泰,2026-07-14,2026-07-14,518,-0.03545457467311789,0.13333333333333333,180,10.0,0.0451680231525721,0.6333333333333333,-0.055074570552846924,0.18333333333333332,120,1.0,0.05775374675830706,0.8333333333333334
2294,000503,国新健康,2026-07-14,2026-07-14,518,-0.03549935714046304,0.11666666666666667,180,0.1,0.0276538177127663,0.7833333333333333,-0.055420258487523355,0.06666666666666667,180,10.0,0.0405450783248059,0.7166666666666667
2295,601880,辽港股份,2026-07-14,2026-07-14,518,-0.03553213133917159,0.06666666666666667,240,10.0,0.02295742392444908,0.5333333333333333,-0.05460960919445424,0.016666666666666666,240,10.0,0.03475359670815111,0.4
2296,000819,岳阳兴长,2026-07-14,2026-07-14,518,-0.035558359242590175,0.2,120,10.0,0.03728578316055541,0.75,-0.046946951537363446,0.21666666666666667,120,1.0,0.04637550137379696,0.8333333333333334
2297,000783,长江证券,2026-07-14,2026-07-14,518,-0.03564223106469266,0.35,180,10.0,0.05855082504265452,0.7833333333333333,-0.028494713307121923,0.5666666666666667,240,0.1,0.09434090145190689,0.7333333333333333
2298,000507,珠海港,2026-07-14,2026-07-14,518,-0.03569638561901178,0.13333333333333333,120,10.0,0.021069485309575465,0.6666666666666666,-0.041472837939027354,0.08333333333333333,120,10.0,0.02495123102307206,0.6333333333333333
2299,002171,楚江新材,2026-07-14,2026-07-14,518,-0.03574989718828517,0.26666666666666666,240,10.0,0.0599891153148771,0.7,0.14248364006305725,0.9166666666666666,240,0.1,0.07424717812142817,0.65
2300,002908,德生科技,2026-07-14,2026-07-14,518,-0.03577432272847182,0.03333333333333333,240,10.0,0.03022386530929212,0.7,-0.07400312815614887,0.03333333333333333,180,0.1,0.04314344119808425,0.75
2301,603102,百合股份,2026-07-14,2026-07-14,518,-0.03580610327293497,0.03333333333333333,120,10.0,0.026086154356442546,0.6666666666666666,-0.016370245002686728,0.13333333333333333,120,10.0,0.040231372014747926,0.6166666666666667
2302,600610,中毅达,2026-07-14,2026-07-14,518,-0.035818246364193354,0.16666666666666666,240,1.0,0.05470627864588551,0.7333333333333333,-0.011454854010563058,0.35,120,10.0,0.0797498720133928,0.6833333333333333
2303,603396,金辰股份,2026-07-14,2026-07-14,518,-0.03587504911698036,0.06666666666666667,240,0.1,0.047924249935307174,0.6166666666666667,-0.06371477735181233,0.0,240,0.1,0.07534664067219222,0.6833333333333333
2304,600217,中再资环,2026-07-14,2026-07-14,518,-0.03589854781604632,0.06666666666666667,120,10.0,0.029304069623782614,0.6333333333333333,-0.08919543881337334,0.03333333333333333,120,0.1,0.040217086773149543,0.7166666666666667
2305,600650,锦江在线,2026-07-14,2026-07-14,518,-0.03595256509621221,0.15,120,10.0,0.03151900351704707,0.7666666666666667,-0.045431374950863426,0.11666666666666667,120,10.0,0.047407424355013,0.7166666666666667
2306,603299,苏盐井神,2026-07-14,2026-07-14,518,-0.03608048543939842,0.06666666666666667,240,0.1,0.029008598230640947,0.5,-0.10413136387821695,0.016666666666666666,120,0.1,0.03555216069924805,0.75
2307,600571,信雅达,2026-07-14,2026-07-14,518,-0.03615207801586613,0.16666666666666666,120,10.0,0.03208184820507664,0.7,-0.07282187161122988,0.016666666666666666,120,10.0,0.04284871225744343,0.7166666666666667
2308,002259,升达林业,2026-07-14,2026-07-14,517,-0.036185251295243775,0.16666666666666666,120,10.0,0.05811168908175854,0.7,-0.08955304988202979,0.06666666666666667,180,10.0,0.07053662691366644,0.7
2309,601136,首创证券,2026-07-14,2026-07-14,518,-0.03619792036341057,0.18333333333333332,120,0.1,0.024969506281602053,0.7333333333333333,-0.026082762916692898,0.16666666666666666,120,0.1,0.027391324453619567,0.6333333333333333
2310,603168,莎普爱思,2026-07-14,2026-07-14,518,-0.036245000576816545,0.13333333333333333,120,0.1,0.037684895459163384,0.5833333333333334,-0.08769189054069941,0.05,120,1.0,0.05252878482687919,0.7833333333333333
2311,002001,新 和 成,2026-07-14,2026-07-14,518,-0.03629640130781692,0.21666666666666667,180,1.0,0.044271663974904146,0.6833333333333333,-0.05265730995343988,0.11666666666666667,180,1.0,0.05364142792320791,0.5
2312,002099,海翔药业,2026-07-14,2026-07-14,518,-0.036315488178979186,0.2,240,10.0,0.05685957150496531,0.36666666666666664,-0.010086832175037556,0.3,180,10.0,0.07524517471203199,0.55
2313,603180,金牌家居,2026-07-14,2026-07-14,518,-0.03634201821909783,0.1,120,10.0,0.035084247256744555,0.6166666666666667,-0.024324111698904763,0.16666666666666666,120,10.0,0.04550808179850162,0.65
2314,002561,徐家汇,2026-07-14,2026-07-14,518,-0.036391812171258864,0.08333333333333333,120,1.0,0.023855444895355734,0.6166666666666667,-0.06840958293766485,0.016666666666666666,120,1.0,0.026062422123804403,0.8333333333333334
2315,002899,英派斯,2026-07-14,2026-07-14,518,-0.03641924223244771,0.08333333333333333,120,10.0,0.05754996220887149,0.48333333333333334,0.005001885016523239,0.3,240,10.0,0.10056813704810003,0.43333333333333335
2316,605050,福然德,2026-07-14,2026-07-14,518,-0.036449938984428346,0.11666666666666667,120,10.0,0.03849981056562764,0.48333333333333334,-0.03136692427518326,0.21666666666666667,120,10.0,0.05709839666492975,0.55
2317,002739,万达电影,2026-07-14,2026-07-14,518,-0.0364999681344508,0.21666666666666667,120,10.0,0.04479916818826598,0.5333333333333333,-0.0844700567992765,0.16666666666666666,120,10.0,0.06496145071860022,0.6166666666666667
2318,002088,鲁阳节能,2026-07-14,2026-07-14,518,-0.03651378520874363,0.13333333333333333,240,10.0,0.03845146849755803,0.6166666666666667,-0.07421379640374173,0.05,240,10.0,0.05005879086460254,0.6666666666666666
2319,600557,康缘药业,2026-07-14,2026-07-14,518,-0.03658349653695844,0.2,180,10.0,0.038560013503235256,0.5666666666666667,-0.06311846687241802,0.06666666666666667,180,10.0,0.04320686347082461,0.5833333333333334
2320,603188,亚邦股份,2026-07-14,2026-07-14,518,-0.03663941771799979,0.03333333333333333,120,10.0,0.045653800264241165,0.5,-0.05046181118077908,0.0,120,10.0,0.06252453542398693,0.48333333333333334
2321,000581,威孚高科,2026-07-14,2026-07-14,518,-0.03667029871300724,0.1,240,0.1,0.03193129658619992,0.6833333333333333,-0.09684599321851159,0.05,120,1.0,0.0402435824895796,0.6666666666666666
2322,002243,力合科创,2026-07-14,2026-07-14,518,-0.036715238347619104,0.15,240,10.0,0.04398082183077966,0.65,-0.03592216173541156,0.3,240,10.0,0.06005484816363165,0.7
2323,600422,昆药集团,2026-07-14,2026-07-14,518,-0.03680148734747793,0.21666666666666667,180,0.1,0.04261589038117034,0.6166666666666667,-0.0943970031694787,0.08333333333333333,120,10.0,0.05608474460488237,0.65
2324,603611,诺力股份,2026-07-14,2026-07-14,518,-0.03683120199329547,0.1,240,0.1,0.03202155350397022,0.65,-0.05904818888907143,0.13333333333333333,240,0.1,0.03646425535196666,0.7333333333333333
2325,600693,东百集团,2026-07-14,2026-07-14,518,-0.036843884504742554,0.23333333333333334,120,10.0,0.07346558235511974,0.5333333333333333,0.021099183315009856,0.4166666666666667,240,1.0,0.11234914384229595,0.4666666666666667
2326,000723,美锦能源,2026-07-14,2026-07-14,518,-0.03687292444808811,0.13333333333333333,120,10.0,0.03987521743479912,0.6666666666666666,-0.1545426559199202,0.0,180,0.1,0.05340079814821853,0.6
2327,002390,信邦制药,2026-07-14,2026-07-14,518,-0.036989051052053946,0.11666666666666667,120,0.1,0.029558761546822517,0.6166666666666667,-0.037426240019869876,0.15,120,0.1,0.039185263505241624,0.7
2328,002393,力生制药,2026-07-14,2026-07-14,518,-0.0370228082565359,0.08333333333333333,120,10.0,0.044883850436402174,0.65,-0.05665155464373718,0.016666666666666666,120,10.0,0.055440127981516235,0.85
2329,000089,深圳机场,2026-07-14,2026-07-14,518,-0.03704099505750086,0.08333333333333333,120,0.1,0.01915308604519676,0.7166666666666667,-0.03136120892722186,0.13333333333333333,120,0.1,0.026250429874455434,0.6333333333333333
2330,600105,永鼎股份,2026-07-14,2026-07-14,518,-0.03709820860561849,0.4166666666666667,120,10.0,0.09892641462160036,0.7333333333333333,0.14514693404763152,0.8833333333333333,180,10.0,0.1450296994736502,0.6333333333333333
2331,603533,掌阅科技,2026-07-14,2026-07-14,518,-0.03713771650325225,0.18333333333333332,240,0.1,0.056618913142314646,0.5833333333333334,-0.0004166379745228835,0.31666666666666665,180,10.0,0.06754337257236949,0.5
2332,000548,湖南投资,2026-07-14,2026-07-14,518,-0.03715333838769809,0.03333333333333333,120,10.0,0.02485359824237101,0.6833333333333333,-0.06239627240806846,0.03333333333333333,120,1.0,0.03062359134294778,0.7333333333333333
2333,000498,山东路桥,2026-07-14,2026-07-14,518,-0.037163077724096674,0.05,240,0.1,0.022766805167793062,0.55,-0.03129515244612964,0.06666666666666667,180,0.1,0.02892208812333503,0.7
2334,000533,顺钠股份,2026-07-14,2026-07-14,518,-0.037179784347414015,0.03333333333333333,120,1.0,0.06894692292147032,0.5833333333333334,-0.03742607139472076,0.1,240,10.0,0.12676239939495518,0.4166666666666667
2335,603182,嘉华股份,2026-07-14,2026-07-14,513,-0.03719586117839247,0.05,180,1.0,0.03304612089630759,0.6166666666666667,-0.062047061826865355,0.03333333333333333,120,10.0,0.047039031441989926,0.7
2336,000777,中核科技,2026-07-14,2026-07-14,508,-0.03721761123322155,0.18333333333333332,180,10.0,0.0748064266806674,0.5,-2.6131208784518304e-05,0.3,240,10.0,0.10128587826560036,0.35
2337,601975,招商南油,2026-07-14,2026-07-14,518,-0.03724310642712139,0.3,120,0.1,0.08255554311963749,0.6333333333333333,-0.15414921157443695,0.06666666666666667,180,0.1,0.08863508048780115,0.8
2338,002295,精艺股份,2026-07-14,2026-07-14,518,-0.0373072666578481,0.15,120,10.0,0.04327930586896129,0.5166666666666667,-0.030190961336965357,0.2,120,0.1,0.05719684406156522,0.7
2339,605186,健麾信息,2026-07-14,2026-07-14,518,-0.03731171003389475,0.36666666666666664,120,10.0,0.06308004159761678,0.7333333333333333,-0.14209181565153975,0.16666666666666666,120,1.0,0.08512264440498082,0.85
2340,600516,方大炭素,2026-07-14,2026-07-14,518,-0.03732492348790079,0.21666666666666667,240,1.0,0.0519196785333739,0.6166666666666667,0.08280050329027779,0.7666666666666667,120,10.0,0.06776190922048313,0.6666666666666666
2341,600807,济高发展,2026-07-14,2026-07-14,518,-0.03735859895269891,0.13333333333333333,120,10.0,0.04873977481155892,0.36666666666666664,-0.04853733158508217,0.15,120,10.0,0.06534597743701791,0.4666666666666667
2342,002612,朗姿股份,2026-07-14,2026-07-14,518,-0.03737259264616522,0.05,240,10.0,0.04282532312350505,0.7,-0.0811461156202978,0.0,240,10.0,0.06486376550589452,0.7833333333333333
2343,600859,王府井,2026-07-14,2026-07-14,518,-0.03740791689170207,0.06666666666666667,240,10.0,0.03135232379641818,0.5166666666666667,-0.052289665679589224,0.05,240,10.0,0.04075994230027139,0.6166666666666667
2344,603020,爱普股份,2026-07-14,2026-07-14,518,-0.037419561910097716,0.3,120,1.0,0.07072578346907316,0.6166666666666667,-0.094331920007852,0.3,120,0.1,0.08994865453381988,0.6333333333333333
2345,603987,康德莱,2026-07-14,2026-07-14,518,-0.03748021847779881,0.08333333333333333,180,1.0,0.02663661011091405,0.6,-0.03119150155613669,0.15,180,1.0,0.03809611906531375,0.6333333333333333
2346,600444,国机通用,2026-07-14,2026-07-14,518,-0.03750945329429113,0.05,120,10.0,0.03295073353679071,0.48333333333333334,-0.041469427297103185,0.06666666666666667,120,10.0,0.05107086299752176,0.6
2347,600506,统一股份,2026-07-14,2026-07-14,518,-0.03752834037701179,0.13333333333333333,120,10.0,0.05204212470262482,0.6666666666666666,-0.08614139679399369,0.03333333333333333,120,0.1,0.07782469723217258,0.7166666666666667
2348,600751,海航科技,2026-07-14,2026-07-14,518,-0.037563603038827977,0.08333333333333333,180,1.0,0.04153486801611507,0.5333333333333333,-0.017576504914518384,0.11666666666666667,120,10.0,0.05526745555813454,0.6
2349,002970,锐明技术,2026-07-14,2026-07-14,518,-0.03757945140882584,0.2833333333333333,120,10.0,0.06897901409445449,0.5833333333333334,-0.10989897747558035,0.16666666666666666,120,10.0,0.11199949783638107,0.6166666666666667
2350,001266,宏英智能,2026-07-14,2026-07-14,518,-0.037649513284243916,0.4166666666666667,120,10.0,0.08969682891055984,0.6333333333333333,-0.010968516233414553,0.65,120,10.0,0.13657678812333726,0.6166666666666667
2351,600966,博汇纸业,2026-07-14,2026-07-14,518,-0.03768707553040133,0.11666666666666667,240,10.0,0.039821492800416226,0.6666666666666666,-0.06897940992403397,0.13333333333333333,240,0.1,0.06173508451879002,0.65
2352,000888,峨眉山Ａ,2026-07-14,2026-07-14,518,-0.037712772726753205,0.11666666666666667,120,10.0,0.030428464991651315,0.65,-0.053446444919810945,0.06666666666666667,120,10.0,0.03829827644494836,0.75
2353,002953,日丰股份,2026-07-14,2026-07-14,518,-0.037869669219218735,0.13333333333333333,240,0.1,0.03326816876239822,0.75,-0.04982273310302495,0.11666666666666667,240,0.1,0.05060486990653496,0.75
2354,600409,三友化工,2026-07-14,2026-07-14,518,-0.0378778654120946,0.21666666666666667,180,10.0,0.05765624904669353,0.5666666666666667,-0.03074648189736067,0.23333333333333334,240,10.0,0.07477092068867171,0.6
2355,002082,万邦德,2026-07-14,2026-07-14,517,-0.03789433850649923,0.25,240,1.0,0.11788483527707701,0.55,-0.011731087379072129,0.18333333333333332,240,10.0,0.15278639462458204,0.5666666666666667
2356,600278,东方创业,2026-07-14,2026-07-14,518,-0.037983964440440623,0.2,120,10.0,0.03574344830343437,0.5333333333333333,-0.06435414760180652,0.06666666666666667,120,10.0,0.04142923260286289,0.55
2357,002936,郑州银行,2026-07-14,2026-07-14,518,-0.03798792887711056,0.016666666666666666,120,10.0,0.011328493846260331,0.8333333333333334,-0.059297677045049,0.0,120,10.0,0.013563239862467621,0.7166666666666667
2358,600833,第一医药,2026-07-14,2026-07-14,518,-0.037991256549979015,0.15,240,10.0,0.03774455702236394,0.55,-0.039768283270907104,0.2,120,10.0,0.054180253985573454,0.5333333333333333
2359,605003,众望布艺,2026-07-14,2026-07-14,518,-0.03799723322464144,0.05,120,10.0,0.04114564781997277,0.5,-0.03228365451868402,0.03333333333333333,120,10.0,0.07381566288996498,0.4666666666666667
2360,600733,北汽蓝谷,2026-07-14,2026-07-14,518,-0.03803189206473704,0.016666666666666666,120,10.0,0.03207871159635083,0.7166666666666667,-0.09852300367725456,0.0,120,10.0,0.05285283554781128,0.7666666666666667
2361,603221,爱丽家居,2026-07-14,2026-07-14,518,-0.03809472724367146,0.26666666666666666,240,10.0,0.05119091152337418,0.6,0.02993162666645415,0.6666666666666666,120,0.1,0.06165321050364087,0.6333333333333333
2362,002227,奥 特 迅,2026-07-14,2026-07-14,517,-0.03810157445092294,0.31666666666666665,120,10.0,0.05529284285478602,0.6666666666666666,-0.06798150542323894,0.21666666666666667,120,0.1,0.06730292660743899,0.75
2363,605369,拱东医疗,2026-07-14,2026-07-14,518,-0.038152007602968004,0.23333333333333334,120,10.0,0.03932570083009936,0.7666666666666667,-0.04779393806064648,0.31666666666666665,120,10.0,0.05537759194606259,0.8
2364,605337,李子园,2026-07-14,2026-07-14,518,-0.038219309001977966,0.08333333333333333,240,1.0,0.024680253057952465,0.6833333333333333,-0.0489568707733648,0.08333333333333333,240,1.0,0.040226820323262795,0.6333333333333333
2365,600592,龙溪股份,2026-07-14,2026-07-14,518,-0.03827108015920438,0.18333333333333332,120,10.0,0.06453856621158785,0.6333333333333333,-0.08303682283347388,0.08333333333333333,120,10.0,0.08925247285662004,0.6
2366,603616,韩建河山,2026-07-14,2026-07-14,508,-0.03831551161009347,0.25,240,0.1,0.0689268050640335,0.5666666666666667,-0.04052262997448108,0.18333333333333332,240,0.1,0.07617140387170783,0.6166666666666667
2367,601279,英利汽车,2026-07-14,2026-07-14,518,-0.0383419123752277,0.03333333333333333,180,0.1,0.023556655593266633,0.7333333333333333,-0.04571026893712705,0.03333333333333333,120,0.1,0.027761405012429016,0.8166666666666667
2368,000632,三木集团,2026-07-14,2026-07-14,517,-0.038393263241135345,0.21666666666666667,120,10.0,0.07663975154474109,0.6333333333333333,-0.08256978362123654,0.11666666666666667,120,10.0,0.10153096181110804,0.7333333333333333
2369,002966,苏州银行,2026-07-14,2026-07-14,518,-0.0384043578100383,0.1,120,1.0,0.024409114761175417,0.8,-0.14841617750688246,0.0,120,0.1,0.032853327137808294,0.7166666666666667
2370,600272,开开实业,2026-07-14,2026-07-14,518,-0.038456387444235046,0.13333333333333333,240,10.0,0.034545800448771403,0.36666666666666664,-0.006502574795916982,0.36666666666666664,120,0.1,0.05222486282888388,0.5166666666666667
2371,000797,中国武夷,2026-07-14,2026-07-14,518,-0.038475597047631704,0.21666666666666667,120,10.0,0.036476471859480296,0.6666666666666666,-0.052441583586600185,0.18333333333333332,120,10.0,0.054421416692590596,0.7666666666666667
2372,002250,联化科技,2026-07-14,2026-07-14,518,-0.03848506768901652,0.1,240,10.0,0.06081933697176492,0.36666666666666664,-0.05853042384848106,0.06666666666666667,180,10.0,0.09427912100085926,0.38333333333333336
2373,002440,闰土股份,2026-07-14,2026-07-14,518,-0.038549272167048974,0.2,240,10.0,0.06854646022216958,0.5166666666666667,-0.3711615593775163,0.0,120,0.1,0.10042772303754337,0.65
2374,600815,厦工股份,2026-07-14,2026-07-14,518,-0.038690019963326085,0.23333333333333334,120,10.0,0.08275036220711302,0.45,0.03517215681730238,0.4,240,10.0,0.10812792246245428,0.5833333333333334
2375,002394,联发股份,2026-07-14,2026-07-14,518,-0.038727123669918685,0.15,120,10.0,0.056872663186954435,0.7166666666666667,-0.10449991399469011,0.05,120,10.0,0.0815322873319589,0.6333333333333333
2376,001367,海森药业,2026-07-14,2026-07-14,518,-0.03875834394489679,0.05,120,10.0,0.04529773266571825,0.5666666666666667,-0.044442489956586236,0.016666666666666666,120,10.0,0.05733872014827587,0.55
2377,001279,强邦新材,2026-07-14,2026-07-14,427,-0.03877948969563701,0.21666666666666667,120,10.0,0.035582971996027224,0.6166666666666667,0.019116014763537484,0.7833333333333333,120,1.0,0.03655417904225703,0.7833333333333333
2378,002455,百川股份,2026-07-14,2026-07-14,518,-0.038786921715689204,0.05,180,10.0,0.05801969826601186,0.5333333333333333,-0.08727745484288355,0.016666666666666666,240,10.0,0.07772223748691949,0.8333333333333334
2379,002264,新 华 都,2026-07-14,2026-07-14,518,-0.03892565543988791,0.06666666666666667,240,0.1,0.04956809771573919,0.6166666666666667,-0.05365328633281054,0.1,240,1.0,0.07213614262369691,0.5666666666666667
2380,002249,大洋电机,2026-07-14,2026-07-14,518,-0.03895103609737964,0.2,120,10.0,0.04761873094773819,0.55,0.15652938771078642,1.0,120,0.1,0.04988663435935515,0.7
2381,600429,三元股份,2026-07-14,2026-07-14,518,-0.03906020030585185,0.13333333333333333,180,0.1,0.03796278508979449,0.65,-0.06187172334081937,0.03333333333333333,180,0.1,0.051191815557390705,0.7833333333333333
2382,002959,小熊电器,2026-07-14,2026-07-14,518,-0.039077725354331516,0.08333333333333333,120,10.0,0.028843436932517293,0.6166666666666667,-0.06255191025083066,0.1,180,10.0,0.04322073319029339,0.7333333333333333
2383,600871,石化油服,2026-07-14,2026-07-14,518,-0.039114321288477694,0.03333333333333333,120,10.0,0.036958183931328305,0.48333333333333334,-0.01283321083224868,0.1,120,0.1,0.06832487283223333,0.43333333333333335
2384,002197,证通电子,2026-07-14,2026-07-14,517,-0.03917320369798323,0.18333333333333332,180,10.0,0.06097938568385729,0.35,-0.0546953588202135,0.11666666666666667,240,10.0,0.07948226384145704,0.45
2385,002365,永安药业,2026-07-14,2026-07-14,518,-0.0392349816500286,0.11666666666666667,180,10.0,0.034066349047696225,0.7,-0.04132753951327399,0.08333333333333333,180,0.1,0.03732037040258206,0.75
2386,002102,能特科技,2026-07-14,2026-07-14,517,-0.03927407536775871,0.25,120,10.0,0.04803551810981941,0.6333333333333333,-0.07621654949844531,0.13333333333333333,120,10.0,0.05186903080139355,0.85
2387,002727,一心堂,2026-07-14,2026-07-14,518,-0.039294954593501574,0.06666666666666667,120,10.0,0.029090703003647835,0.7333333333333333,-0.0821278813838876,0.05,120,1.0,0.03623093467519971,0.7333333333333333
2388,603008,喜临门,2026-07-14,2026-07-14,517,-0.03934196115405225,0.31666666666666665,180,1.0,0.08315168138547438,0.5833333333333334,-0.04665316350705333,0.4666666666666667,240,10.0,0.11330403195244196,0.5666666666666667
2389,603927,中科软,2026-07-14,2026-07-14,518,-0.03938429540809426,0.05,120,1.0,0.025930522739420054,0.75,-0.07321230479683985,0.03333333333333333,120,10.0,0.035145236165061246,0.8166666666666667
2390,002823,凯中精密,2026-07-14,2026-07-14,518,-0.03942598227332908,0.23333333333333334,240,1.0,0.0523763641641802,0.6833333333333333,-0.024781771725030814,0.4666666666666667,240,10.0,0.06659862971608585,0.8166666666666667
2391,003039,顺控发展,2026-07-14,2026-07-14,518,-0.039444294027625004,0.08333333333333333,120,1.0,0.03393702227472391,0.6833333333333333,-0.0250826356454529,0.05,120,0.1,0.047701699782241126,0.7666666666666667
2392,603535,嘉诚国际,2026-07-14,2026-07-14,518,-0.03947044307458157,0.15,120,10.0,0.03534194500782588,0.8,-0.05929309376849242,0.1,120,10.0,0.04912237213464202,0.8
2393,000421,南京公用,2026-07-14,2026-07-14,508,-0.03947475487031497,0.13333333333333333,120,10.0,0.03243270395668048,0.6833333333333333,-0.12015422384172375,0.0,120,0.1,0.04777736109180828,0.65
2394,002682,龙洲股份,2026-07-14,2026-07-14,518,-0.039487817380534126,0.13333333333333333,120,10.0,0.041841076502063895,0.6833333333333333,-0.07595468177994809,0.08333333333333333,120,1.0,0.04627747379108372,0.7333333333333333
2395,600267,海正药业,2026-07-14,2026-07-14,518,-0.039517582158621334,0.05,180,0.1,0.02904432468509699,0.75,0.015800275313519498,0.6166666666666667,120,0.1,0.027842502741475077,0.8666666666666667
2396,002470,金正大,2026-07-14,2026-07-14,518,-0.03963610415055548,0.13333333333333333,120,10.0,0.053111124400274615,0.5833333333333334,-0.028661328354247867,0.15,240,10.0,0.06528789521949703,0.65
2397,603018,华设集团,2026-07-14,2026-07-14,518,-0.03970344049863083,0.08333333333333333,120,0.1,0.04376951236491675,0.5166666666666667,-0.10420292894440564,0.016666666666666666,120,1.0,0.06206587319730801,0.65
2398,002879,长缆科技,2026-07-14,2026-07-14,518,-0.039756707139358125,0.13333333333333333,240,0.1,0.04680252651893215,0.7333333333333333,-0.013442392468485815,0.18333333333333332,240,0.1,0.06240301430763175,0.8666666666666667
2399,600072,中船科技,2026-07-14,2026-07-14,518,-0.03977847515359532,0.13333333333333333,240,0.1,0.052018903367111985,0.7166666666666667,-0.09623559457346244,0.11666666666666667,240,0.1,0.07823734413792532,0.7333333333333333
2400,002031,巨轮智能,2026-07-14,2026-07-14,518,-0.039797618475039126,0.31666666666666665,120,10.0,0.08191386693351013,0.7,0.034007870011394395,0.6,180,10.0,0.09281244092949772,0.8
2401,600478,科力远,2026-07-14,2026-07-14,518,-0.039887286225744244,0.13333333333333333,120,10.0,0.053495130865221834,0.55,-0.14730759313476965,0.0,120,1.0,0.06952008554975353,0.7
2402,002167,东方锆业,2026-07-14,2026-07-14,518,-0.04001446676456909,0.3333333333333333,120,10.0,0.09607135849116048,0.6,0.4299235590191735,1.0,120,1.0,0.14639737559688368,0.7
2403,000428,华天酒店,2026-07-14,2026-07-14,518,-0.04003527256712659,0.0,180,0.1,0.02644267905469473,0.65,-0.06401971737671026,0.0,180,0.1,0.03213325189425042,0.75
2404,002649,博彦科技,2026-07-14,2026-07-14,518,-0.04004757073012667,0.1,240,0.1,0.03426557140311979,0.7,-0.06528548901536388,0.05,240,1.0,0.04879213965400663,0.8166666666666667
2405,600313,农发种业,2026-07-14,2026-07-14,518,-0.040055483203682095,0.05,240,10.0,0.033330616990017416,0.6333333333333333,-0.07794013882440255,0.0,240,10.0,0.04013279576881939,0.75
2406,600850,电科数字,2026-07-14,2026-07-14,518,-0.0400604305458197,0.4166666666666667,120,0.1,0.07892726212337117,0.5166666666666667,-0.09505869614634749,0.2,120,10.0,0.09332785789392564,0.8
2407,002648,卫星化学,2026-07-14,2026-07-14,518,-0.040064938650661255,0.2833333333333333,120,1.0,0.05558130326469213,0.7,-0.04333585373417205,0.23333333333333334,120,10.0,0.06435259798734391,0.6
2408,000721,西安饮食,2026-07-14,2026-07-14,518,-0.04012383988259755,0.11666666666666667,240,0.1,0.03548200147636735,0.7,-0.03723066946381873,0.08333333333333333,120,0.1,0.04730508385021009,0.7
2409,600789,鲁抗医药,2026-07-14,2026-07-14,518,-0.04013419327111803,0.05,120,10.0,0.026361261820673096,0.65,-0.054134772362702824,0.03333333333333333,120,0.1,0.03871506735392847,0.7333333333333333
2410,003011,海象新材,2026-07-14,2026-07-14,518,-0.04016205084258913,0.16666666666666666,120,10.0,0.04339063356823324,0.6166666666666667,-0.08484478076368082,0.06666666666666667,120,10.0,0.05790360035153303,0.5666666666666667
2411,001282,三联锻造,2026-07-14,2026-07-14,518,-0.0402432671820128,0.16666666666666666,120,10.0,0.0594426357564939,0.6166666666666667,-0.0006686682537346122,0.43333333333333335,120,0.1,0.06808111223012848,0.7666666666666667
2412,601188,龙江交通,2026-07-14,2026-07-14,518,-0.040261309436642606,0.016666666666666666,120,10.0,0.020835948205579147,0.6833333333333333,-0.052167959253779844,0.016666666666666666,120,10.0,0.032444628428098976,0.6833333333333333
2413,002027,分众传媒,2026-07-14,2026-07-14,518,-0.040269575130916134,0.016666666666666666,180,10.0,0.028477592358545543,0.7333333333333333,-0.09894371562660062,0.0,120,0.1,0.03283002933427553,0.75
2414,601369,陕鼓动力,2026-07-14,2026-07-14,508,-0.040292493543135646,0.21666666666666667,240,10.0,0.03996124029925812,0.5666666666666667,-0.06139742803526989,0.13333333333333333,240,10.0,0.05116097953420356,0.4666666666666667
2415,002366,融发核电,2026-07-14,2026-07-14,518,-0.04030786535875054,0.05,120,10.0,0.048547224073225335,0.5333333333333333,-0.06629838798240638,0.0,120,10.0,0.06573656857759326,0.6
2416,002114,罗平锌电,2026-07-14,2026-07-14,514,-0.040378844980957035,0.16666666666666666,120,10.0,0.05624244308307266,0.5666666666666667,-0.023892793068023048,0.11666666666666667,120,10.0,0.06820456489019423,0.6666666666666666
2417,002187,广百股份,2026-07-14,2026-07-14,518,-0.04041891215060887,0.08333333333333333,120,10.0,0.034494540179732,0.5833333333333334,-0.04561799988046548,0.03333333333333333,240,10.0,0.049174966953536944,0.5833333333333334
2418,002930,宏川智慧,2026-07-14,2026-07-14,518,-0.04045529134148611,0.16666666666666666,120,10.0,0.07702911948562732,0.6833333333333333,-0.11558377175465027,0.11666666666666667,240,0.1,0.1009197096267525,0.7666666666666667
2419,603815,交建股份,2026-07-14,2026-07-14,518,-0.040497744341006586,0.4166666666666667,180,10.0,0.09201517535865113,0.48333333333333334,-0.05611063582108724,0.35,180,10.0,0.12637070318889226,0.48333333333333334
2420,603421,鼎信通讯,2026-07-14,2026-07-14,518,-0.040498668966543167,0.03333333333333333,120,1.0,0.04283243486076753,0.6,-0.052069445330730796,0.03333333333333333,120,10.0,0.07851240495088684,0.5333333333333333
2421,600211,西藏药业,2026-07-14,2026-07-14,518,-0.04053404843196876,0.13333333333333333,120,10.0,0.028009340279067985,0.6833333333333333,-0.08452436627125441,0.0,120,10.0,0.032337493373487396,0.7833333333333333
2422,002174,游族网络,2026-07-14,2026-07-14,518,-0.04065452538025913,0.3,240,10.0,0.05226512749123782,0.55,0.08600800037810605,1.0,120,10.0,0.08752346458988952,0.6166666666666667
2423,000068,华控赛格,2026-07-14,2026-07-14,518,-0.04078284426008431,0.15,240,0.1,0.0506089898294427,0.6166666666666667,0.02370681059864888,0.6166666666666667,180,10.0,0.05785993829636347,0.6833333333333333
2424,600125,铁龙物流,2026-07-14,2026-07-14,518,-0.04082417558289073,0.03333333333333333,240,0.1,0.024581557142127095,0.6,-0.07592382390455316,0.016666666666666666,240,0.1,0.036767099381644304,0.7
2425,600075,新疆天业,2026-07-14,2026-07-14,518,-0.040874384899456405,0.2,240,10.0,0.05875699351668796,0.6666666666666666,-0.10875759404454682,0.05,240,0.1,0.07837369787119004,0.7
2426,603589,口子窖,2026-07-14,2026-07-14,518,-0.04094198285359785,0.1,240,0.1,0.0258741230392703,0.75,-0.05716281008864136,0.016666666666666666,120,10.0,0.02798202884531734,0.9
2427,000825,太钢不锈,2026-07-14,2026-07-14,518,-0.040951495105389396,0.08333333333333333,120,10.0,0.029134976127925982,0.6333333333333333,-0.03931290672400469,0.06666666666666667,120,10.0,0.044721194041902126,0.6166666666666667
2428,600022,山东钢铁,2026-07-14,2026-07-14,518,-0.04096464114102031,0.06666666666666667,120,10.0,0.02557920188893167,0.6833333333333333,-0.041268745321213,0.05,120,10.0,0.03230463818598182,0.6833333333333333
2429,000400,许继电气,2026-07-14,2026-07-14,518,-0.04108962166687899,0.11666666666666667,180,0.1,0.043523745695022674,0.5833333333333334,0.004227580707135051,0.4166666666666667,240,10.0,0.059773773913647195,0.5833333333333334
2430,603758,秦安股份,2026-07-14,2026-07-14,509,-0.04109059833580579,0.16666666666666666,120,10.0,0.0504510679723645,0.55,-0.07026479517827038,0.13333333333333333,120,0.1,0.06059814805189514,0.6833333333333333
2431,600438,通威股份,2026-07-14,2026-07-14,508,-0.04111602201475094,0.15,180,0.1,0.040474437143551686,0.8333333333333334,-0.041644712685550526,0.1,180,0.1,0.06508628484309176,0.8166666666666667
2432,603000,人民网,2026-07-14,2026-07-14,518,-0.041183531137274305,0.08333333333333333,240,0.1,0.031855328189476735,0.6333333333333333,-0.0966700153790171,0.016666666666666666,240,0.1,0.0446414122964309,0.7
2433,600351,亚宝药业,2026-07-14,2026-07-14,518,-0.04121005121533095,0.13333333333333333,120,1.0,0.031648678928621124,0.5166666666666667,-0.03544384886261106,0.15,120,1.0,0.03937593301614174,0.6166666666666667
2434,000822,山东海化,2026-07-14,2026-07-14,518,-0.04126142020352762,0.05,120,10.0,0.04225239345915242,0.5666666666666667,-0.05422509517987396,0.03333333333333333,120,10.0,0.055743451866531506,0.7666666666666667
2435,002195,岩山科技,2026-07-14,2026-07-14,518,-0.04127763748652716,0.08333333333333333,240,10.0,0.053319661627727145,0.48333333333333334,-0.05276495855892009,0.0,240,0.1,0.08367024511660685,0.5166666666666667
2436,000852,石化机械,2026-07-14,2026-07-14,518,-0.04130823212630387,0.06666666666666667,120,10.0,0.04508906226239768,0.5833333333333334,-0.08244685312913581,0.05,120,10.0,0.06860447715903456,0.7
2437,603338,浙江鼎力,2026-07-14,2026-07-14,518,-0.0413197587820469,0.2833333333333333,120,10.0,0.05172695101526876,0.7166666666666667,-0.15454677601137526,0.1,120,1.0,0.055108697112650276,0.9166666666666666
2438,601777,千里科技,2026-07-14,2026-07-14,518,-0.04138525745696594,0.13333333333333333,240,10.0,0.04881631820098301,0.7333333333333333,-0.005629030081804223,0.4166666666666667,120,1.0,0.06366155372660504,0.7666666666666667
2439,600269,赣粤高速,2026-07-14,2026-07-14,518,-0.041427380167500916,0.06666666666666667,120,10.0,0.016327753952477552,0.7333333333333333,-0.08579557102581181,0.0,120,1.0,0.018172796113679293,0.6666666666666666
2440,600400,红豆股份,2026-07-14,2026-07-14,518,-0.0414788454875132,0.4166666666666667,180,10.0,0.0895073765603847,0.5,-0.03777962484021438,0.5833333333333334,180,10.0,0.1421173370328091,0.7
2441,000912,泸天化,2026-07-14,2026-07-14,518,-0.0414977702526817,0.16666666666666666,120,10.0,0.04496195796418109,0.6333333333333333,-0.03244042441188608,0.31666666666666665,120,10.0,0.05268376690357669,0.8833333333333333
2442,002540,亚太科技,2026-07-14,2026-07-14,518,-0.04154533971531384,0.05,240,0.1,0.03177168544154416,0.7333333333333333,-0.05862611602532032,0.05,180,0.1,0.04441020387906844,0.85
2443,600423,柳化股份,2026-07-14,2026-07-14,517,-0.04157175207212977,0.2833333333333333,240,10.0,0.0749099359390343,0.48333333333333334,-0.0943491326833714,0.26666666666666666,120,10.0,0.10667025313414673,0.4166666666666667
2444,000541,佛山照明,2026-07-14,2026-07-14,518,-0.0415845932231628,0.16666666666666666,180,0.1,0.032933601268302255,0.6333333333333333,-0.06122754320836768,0.13333333333333333,180,1.0,0.03807700869286069,0.6833333333333333
2445,002245,蔚蓝锂芯,2026-07-14,2026-07-14,518,-0.04159487094651873,0.26666666666666666,120,10.0,0.07916688019392243,0.65,0.04884963644314542,0.65,180,10.0,0.10716332929559445,0.4166666666666667
2446,000978,桂林旅游,2026-07-14,2026-07-14,518,-0.04166047018108856,0.06666666666666667,240,0.1,0.04822849089208507,0.5,-0.13204540957197294,0.0,120,0.1,0.05201190133164768,0.8833333333333333
2447,600819,耀皮玻璃,2026-07-14,2026-07-14,518,-0.04169869866025212,0.15,120,10.0,0.0380193352869607,0.6833333333333333,-0.08403780159630045,0.08333333333333333,120,10.0,0.04222887652012685,0.6666666666666666
2448,000809,和展能源,2026-07-14,2026-07-14,517,-0.04170279366695885,0.23333333333333334,180,0.1,0.045700995661481246,0.5833333333333334,-0.05964394092729744,0.18333333333333332,180,1.0,0.0645539747199396,0.6
2449,601326,秦港股份,2026-07-14,2026-07-14,518,-0.04183775592811833,0.03333333333333333,120,0.1,0.018262845148079052,0.8166666666666667,-0.06528830009900394,0.0,120,0.1,0.021622825458357316,0.75
2450,002255,海陆重工,2026-07-14,2026-07-14,518,-0.04188578953627639,0.15,120,1.0,0.04282515044173589,0.7666666666666667,-0.053749262992032004,0.06666666666666667,120,10.0,0.043525425285637125,0.7166666666666667
2451,600805,悦达投资,2026-07-14,2026-07-14,518,-0.04203555822294936,0.08333333333333333,120,10.0,0.029690274730364945,0.5333333333333333,-0.09592065378921283,0.016666666666666666,120,1.0,0.032081493959155445,0.8
2452,002799,环球印务,2026-07-14,2026-07-14,518,-0.04205645226442478,0.05,120,10.0,0.04091937190939925,0.5833333333333334,-0.03565327982016475,0.08333333333333333,120,10.0,0.07026076601950769,0.5333333333333333
2453,600583,海油工程,2026-07-14,2026-07-14,518,-0.04208472956200249,0.2,180,0.1,0.030810320311936767,0.7,-0.06057305093974423,0.06666666666666667,240,1.0,0.045328787925771635,0.7833333333333333
2454,601600,中国铝业,2026-07-14,2026-07-14,518,-0.042112685718096676,0.11666666666666667,240,10.0,0.051692526069766674,0.55,-0.11497396130552688,0.05,240,0.1,0.07439040104207706,0.6833333333333333
2455,002237,恒邦股份,2026-07-14,2026-07-14,518,-0.0421433174197624,0.2,120,10.0,0.07028429259417247,0.6,-0.043856252036254845,0.21666666666666667,120,10.0,0.09396812174303185,0.6
2456,002626,金达威,2026-07-14,2026-07-14,518,-0.0421790925523991,0.1,240,0.1,0.03696630775300071,0.5833333333333334,-0.0702409268062767,0.03333333333333333,240,0.1,0.054433416919386635,0.6833333333333333
2457,603855,华荣股份,2026-07-14,2026-07-14,518,-0.042214811150787984,0.05,180,1.0,0.02199003954730867,0.65,-0.07048646739269623,0.016666666666666666,180,0.1,0.022934059185002135,0.8333333333333334
2458,603520,司太立,2026-07-14,2026-07-14,518,-0.04229993038578981,0.43333333333333335,180,0.1,0.0566169357013428,0.75,0.06136031136954543,0.75,120,0.1,0.08717841859485095,0.65
2459,002358,森源电气,2026-07-14,2026-07-14,518,-0.04236497729404336,0.11666666666666667,240,0.1,0.04422807349810879,0.5833333333333334,-0.09064085456559336,0.03333333333333333,120,0.1,0.060638758331311556,0.75
2460,605333,沪光股份,2026-07-14,2026-07-14,518,-0.04236832359434564,0.06666666666666667,240,0.1,0.04319308228680562,0.7333333333333333,-0.08873381509592365,0.016666666666666666,120,0.1,0.05325499951486357,0.8833333333333333
2461,600406,国电南瑞,2026-07-14,2026-07-14,518,-0.04244574010978151,0.18333333333333332,120,0.1,0.027524063054141425,0.7,-0.0179210233908098,0.26666666666666666,180,10.0,0.03664073444772591,0.6833333333333333
2462,600616,金枫酒业,2026-07-14,2026-07-14,518,-0.042463339558475754,0.03333333333333333,120,10.0,0.025734706752673975,0.6333333333333333,-0.0733595535677277,0.016666666666666666,120,10.0,0.034517113055909966,0.65
2463,600682,南京新百,2026-07-14,2026-07-14,518,-0.0425432190370518,0.1,120,1.0,0.041713360093093184,0.5833333333333334,-0.05305816530414906,0.05,120,10.0,0.05500504786822902,0.6166666666666667
2464,600521,华海药业,2026-07-14,2026-07-14,518,-0.042570766613225154,0.2,120,1.0,0.0382444519947393,0.6166666666666667,-0.07714860507089727,0.2,180,10.0,0.0572298290511111,0.5666666666666667
2465,002441,众业达,2026-07-14,2026-07-14,518,-0.04260075372755246,0.1,120,10.0,0.04628547060731145,0.5166666666666667,-0.08487200719367236,0.0,120,10.0,0.052302500325005934,0.6666666666666666
2466,002165,红 宝 丽,2026-07-14,2026-07-14,518,-0.04280355478581581,0.15,240,10.0,0.07427428185656446,0.7333333333333333,-0.09914407845434786,0.16666666666666666,240,0.1,0.10087069436550576,0.6666666666666666
2467,600550,保变电气,2026-07-14,2026-07-14,518,-0.04287707667845962,0.18333333333333332,240,10.0,0.06007010165727494,0.6,-0.05480012941464376,0.06666666666666667,240,10.0,0.08219990332984506,0.5333333333333333
2468,002743,富煌钢构,2026-07-14,2026-07-14,508,-0.04288810739518719,0.03333333333333333,240,0.1,0.027955120011495412,0.8166666666666667,-0.093807176208314,0.05,180,0.1,0.04539842114980312,0.7833333333333333
2469,603088,宁波精达,2026-07-14,2026-07-14,518,-0.04289077804443168,0.13333333333333333,180,1.0,0.04595883287383821,0.6666666666666666,-0.033958180558838175,0.15,240,10.0,0.06963583698666559,0.6333333333333333
2470,603095,越剑智能,2026-07-14,2026-07-14,518,-0.042950363551662527,0.18333333333333332,120,10.0,0.09341042932886863,0.6,0.05076660296522159,0.5166666666666667,120,1.0,0.11730479430625747,0.7333333333333333
2471,601007,金陵饭店,2026-07-14,2026-07-14,518,-0.042966210756778755,0.08333333333333333,180,0.1,0.025170015741525466,0.75,-0.060498503453804336,0.03333333333333333,180,1.0,0.03643977638504091,0.7
2472,000729,燕京啤酒,2026-07-14,2026-07-14,518,-0.04298495302158607,0.13333333333333333,240,10.0,0.04333388145688504,0.43333333333333335,-0.1323684297384092,0.05,240,0.1,0.06570127360905553,0.5166666666666667
2473,600410,华胜天成,2026-07-14,2026-07-14,518,-0.04301141410836466,0.23333333333333334,240,1.0,0.07523566602921035,0.6166666666666667,-0.031077686427848653,0.11666666666666667,120,10.0,0.11641643537520859,0.5166666666666667
2474,003005,竞业达,2026-07-14,2026-07-14,518,-0.04304046041043469,0.06666666666666667,120,0.1,0.031828421342966234,0.7333333333333333,-0.06033485012831911,0.03333333333333333,240,0.1,0.04600854045148452,0.7833333333333333
2475,002196,方正电机,2026-07-14,2026-07-14,518,-0.0430510797538775,0.26666666666666666,120,0.1,0.07337926864313524,0.5833333333333334,-0.06931607787666297,0.1,180,10.0,0.09139511858598919,0.5333333333333333
2476,600686,金龙汽车,2026-07-14,2026-07-14,518,-0.043060843114071226,0.16666666666666666,120,0.1,0.05493342245229736,0.5,-0.02409802968108144,0.1,240,1.0,0.0638196359895714,0.6333333333333333
2477,000036,华联控股,2026-07-14,2026-07-14,518,-0.043129610935295035,0.13333333333333333,240,10.0,0.06115684024953078,0.45,-0.07456182477263099,0.11666666666666667,240,10.0,0.08519803834361085,0.5666666666666667
2478,001328,登康口腔,2026-07-14,2026-07-14,518,-0.04314961796198362,0.21666666666666667,180,10.0,0.04598469469124216,0.45,-0.08828949623411132,0.06666666666666667,240,10.0,0.047447684158348234,0.6333333333333333
2479,600874,创业环保,2026-07-14,2026-07-14,518,-0.043165707953271515,0.016666666666666666,120,0.1,0.024533895839506003,0.5166666666666667,-0.03805137990457283,0.11666666666666667,120,10.0,0.03369566204972264,0.45
2480,002847,盐津铺子,2026-07-14,2026-07-14,518,-0.04324705673164045,0.25,120,10.0,0.033214023879933184,0.7,-0.030002770748053235,0.48333333333333334,120,10.0,0.056234509026325555,0.6666666666666666
2481,002274,华昌化工,2026-07-14,2026-07-14,518,-0.04327255364306651,0.16666666666666666,120,10.0,0.05087129863584974,0.48333333333333334,-0.0743467606657632,0.08333333333333333,120,10.0,0.07367879815133188,0.5333333333333333
2482,603258,电魂网络,2026-07-14,2026-07-14,518,-0.04330958115684081,0.016666666666666666,240,10.0,0.03377036823155349,0.6833333333333333,-0.052247876337208406,0.03333333333333333,120,1.0,0.053877951104999135,0.7833333333333333
2483,601952,苏垦农发,2026-07-14,2026-07-14,518,-0.04340347009509262,0.13333333333333333,240,10.0,0.033861459443074234,0.65,-0.11804771897251543,0.016666666666666666,240,1.0,0.040603296825259524,0.7
2484,601857,中国石油,2026-07-14,2026-07-14,518,-0.04343758918857237,0.15,120,10.0,0.051031906896413466,0.4666666666666667,-0.10641332741192033,0.06666666666666667,120,10.0,0.0684976557375745,0.43333333333333335
2485,600734,实达集团,2026-07-14,2026-07-14,516,-0.04360623537547866,0.26666666666666666,120,10.0,0.08845577941219476,0.7,-0.09864448628451322,0.18333333333333332,120,10.0,0.1239582421938097,0.65
2486,002053,云南能投,2026-07-14,2026-07-14,518,-0.043650960618322215,0.18333333333333332,120,10.0,0.04976744387873151,0.7333333333333333,-0.04503270279094906,0.13333333333333333,120,10.0,0.052412245125426034,0.7333333333333333
2487,603282,亚光股份,2026-07-14,2026-07-14,518,-0.04367351602065744,0.1,240,10.0,0.04915104841398701,0.5333333333333333,-0.05036670408629623,0.08333333333333333,120,10.0,0.07058249011640967,0.7
2488,002224,三 力 士,2026-07-14,2026-07-14,518,-0.04372775916512387,0.05,120,10.0,0.027406515140697436,0.5833333333333334,-0.06223662571854518,0.03333333333333333,120,10.0,0.03626266857142393,0.8
2489,603172,万丰股份,2026-07-14,2026-07-14,518,-0.0438746718419711,0.1,120,10.0,0.05046068347919627,0.6,-0.032513937781284814,0.03333333333333333,120,10.0,0.08214762538607373,0.5666666666666667
2490,002181,粤 传 媒,2026-07-14,2026-07-14,518,-0.043906423189146664,0.3333333333333333,180,0.1,0.11449448275639348,0.6333333333333333,0.1378974494055091,0.6166666666666667,120,10.0,0.1567102286016975,0.7166666666666667
2491,603712,七一二,2026-07-14,2026-07-14,518,-0.043926601953314076,0.11666666666666667,240,0.1,0.034719452792364006,0.7166666666666667,-0.08286369957244559,0.05,240,10.0,0.04327740349041247,0.7
2492,601595,上海电影,2026-07-14,2026-07-14,518,-0.0439895151633978,0.03333333333333333,120,10.0,0.04923061940429866,0.45,-0.13482470653350956,0.0,120,0.1,0.06336824355499103,0.6
2493,603657,春光科技,2026-07-14,2026-07-14,518,-0.04399942600744282,0.3333333333333333,120,10.0,0.07998375342888929,0.6333333333333333,-0.05739841718190986,0.35,120,1.0,0.09525931590255045,0.7833333333333333
2494,601368,绿城水务,2026-07-14,2026-07-14,518,-0.044012716222558146,0.06666666666666667,240,10.0,0.02976980062216126,0.55,-0.07821003501478402,0.016666666666666666,240,10.0,0.04199604663446451,0.5166666666666667
2495,605166,聚合顺,2026-07-14,2026-07-14,518,-0.044038000959412966,0.16666666666666666,240,0.1,0.046252032694713584,0.6,-0.03798132302519043,0.3,240,10.0,0.06200394516947992,0.7166666666666667
2496,002172,澳洋健康,2026-07-14,2026-07-14,513,-0.04410512429884157,0.08333333333333333,120,10.0,0.03395188041592086,0.5166666666666667,-0.0507161626551387,0.08333333333333333,120,10.0,0.05597081843370858,0.6166666666666667
2497,600327,大东方,2026-07-14,2026-07-14,518,-0.04411293179677726,0.15,120,10.0,0.03024680394077161,0.6666666666666666,-0.06536684398709697,0.05,120,10.0,0.029772348045401156,0.8
2498,603799,华友钴业,2026-07-14,2026-07-14,518,-0.044137819243126514,0.21666666666666667,240,10.0,0.06940572167229889,0.55,-0.07000957866718663,0.11666666666666667,180,0.1,0.09068905219892297,0.6166666666666667
2499,002479,富春环保,2026-07-14,2026-07-14,518,-0.04416938510642384,0.15,120,10.0,0.046755496431626624,0.5,-0.1328485676523262,0.05,180,10.0,0.04906900831759488,0.75
2500,600420,国药现代,2026-07-14,2026-07-14,518,-0.044201423721039586,0.11666666666666667,120,10.0,0.028397498358165595,0.6666666666666666,-0.2784223511277601,0.0,120,0.1,0.02789483946148093,0.8
2501,002483,润邦股份,2026-07-14,2026-07-14,518,-0.04431682778503951,0.03333333333333333,120,10.0,0.03190024441343926,0.5,-0.09981464899205653,0.0,120,0.1,0.04091805906783396,0.7
2502,002219,新里程,2026-07-14,2026-07-14,518,-0.04432321891115212,0.1,240,10.0,0.0496531092549766,0.26666666666666666,-0.13281210564997498,0.05,240,0.1,0.06701217880958175,0.38333333333333336
2503,600126,杭钢股份,2026-07-14,2026-07-14,518,-0.044382752942231866,0.08333333333333333,120,1.0,0.05977670953106226,0.5333333333333333,-0.041326415465694266,0.2,240,10.0,0.09621094183279905,0.5166666666666667
2504,000813,德展健康,2026-07-14,2026-07-14,518,-0.04443284800219623,0.3333333333333333,120,10.0,0.05142833182187625,0.5166666666666667,-0.049731174244374655,0.3,120,10.0,0.06282229055358825,0.6666666666666666
2505,002700,万憬能源,2026-07-14,2026-07-14,517,-0.04445203956875974,0.21666666666666667,120,10.0,0.05437410197235504,0.7166666666666667,-0.007322687399739715,0.4,120,1.0,0.07603214841985768,0.7166666666666667
2506,002175,东方智造,2026-07-14,2026-07-14,507,-0.044475602475642834,0.4,240,0.1,0.08489215801487396,0.6166666666666667,-0.11874345277038874,0.18333333333333332,120,0.1,0.08639991821396231,0.7333333333333333
2507,605069,正和生态,2026-07-14,2026-07-14,518,-0.04458410944247686,0.23333333333333334,180,0.1,0.08362637383723505,0.7666666666666667,0.09881957768635127,0.65,180,0.1,0.13492943439236954,0.7666666666666667
2508,000905,厦门港务,2026-07-14,2026-07-14,513,-0.044619369396045855,0.18333333333333332,120,10.0,0.0478305663294557,0.5166666666666667,-0.0661713938199032,0.15,120,0.1,0.05048244095061223,0.6666666666666666
2509,002389,航天彩虹,2026-07-14,2026-07-14,518,-0.04463726252587953,0.08333333333333333,180,0.1,0.033605482269439234,0.7333333333333333,-0.0797570795832448,0.016666666666666666,180,0.1,0.046316909077294056,0.5666666666666667
2510,600325,华发股份,2026-07-14,2026-07-14,518,-0.04471797051838433,0.15,180,10.0,0.04355444901843984,0.6833333333333333,-0.08748390476494301,0.08333333333333333,240,10.0,0.05429934462683737,0.75
2511,002919,名臣健康,2026-07-14,2026-07-14,518,-0.04480183211919804,0.15,120,10.0,0.05337418976584362,0.6166666666666667,-0.03951113632638336,0.2,120,10.0,0.06520285615105835,0.75
2512,000055,方大集团,2026-07-14,2026-07-14,518,-0.044831300071089875,0.2,120,10.0,0.03720066337849675,0.7166666666666667,-0.008101166489946068,0.45,240,10.0,0.048034374226715734,0.6833333333333333
2513,600405,动力源,2026-07-14,2026-07-14,513,-0.04487282838553162,0.16666666666666666,120,10.0,0.04011841312179636,0.65,-0.1447155903318187,0.05,120,10.0,0.05332695550816137,0.6
2514,002240,盛新锂能,2026-07-14,2026-07-14,518,-0.04487496654212349,0.2,120,10.0,0.0954827360868398,0.5666666666666667,-0.1064356384379379,0.1,120,10.0,0.12487686040034114,0.55
2515,002188,中天服务,2026-07-14,2026-07-14,518,-0.04489329856333515,0.05,120,10.0,0.04439969852727592,0.5833333333333334,-0.08288862238745828,0.03333333333333333,120,1.0,0.06793422538027502,0.7666666666666667
2516,002946,新乳业,2026-07-14,2026-07-14,518,-0.044918321085927804,0.18333333333333332,240,10.0,0.050802994679083745,0.55,-0.08549364752922985,0.03333333333333333,120,10.0,0.06570595625064542,0.5666666666666667
2517,603738,泰晶科技,2026-07-14,2026-07-14,518,-0.04492119638390701,0.2833333333333333,180,1.0,0.1441478177823104,0.6,0.3441874597777369,0.8333333333333334,120,1.0,0.20742960565665783,0.7333333333333333
2518,000008,神州高铁,2026-07-14,2026-07-14,513,-0.044952808643982226,0.03333333333333333,120,10.0,0.034022671086189164,0.45,-0.06453641294045259,0.13333333333333333,120,10.0,0.047067334747986335,0.4666666666666667
2519,002615,哈尔斯,2026-07-14,2026-07-14,518,-0.04503214399620741,0.16666666666666666,180,0.1,0.05540273650363889,0.7166666666666667,0.005438193463877539,0.31666666666666665,180,0.1,0.0576347487098094,0.6666666666666666
2520,002382,蓝帆医疗,2026-07-14,2026-07-14,518,-0.04527187155122108,0.13333333333333333,240,0.1,0.03724296302903401,0.8,-0.08870184453608017,0.016666666666666666,180,10.0,0.04760755904081516,0.9166666666666666
2521,600742,富维股份,2026-07-14,2026-07-14,518,-0.04534875783167309,0.06666666666666667,120,1.0,0.03588206130493134,0.6833333333333333,-0.08222249010397893,0.016666666666666666,120,1.0,0.05003605531647615,0.7333333333333333
2522,000596,古井贡酒,2026-07-14,2026-07-14,518,-0.045388839010936245,0.18333333333333332,240,10.0,0.034696692823138885,0.6,-0.07940654633262467,0.06666666666666667,240,10.0,0.04325355304577084,0.7333333333333333
2523,000718,苏宁环球,2026-07-14,2026-07-14,518,-0.04542922706270314,0.1,240,10.0,0.03812164197911492,0.6,0.0019861926664465415,0.4666666666666667,120,10.0,0.03857467701162829,0.7
2524,603011,合锻智能,2026-07-14,2026-07-14,518,-0.04545198007426875,0.25,240,0.1,0.1063791395231247,0.7,0.06996768866018369,0.6166666666666667,240,0.1,0.15933193164125353,0.7166666666666667
2525,600802,福建水泥,2026-07-14,2026-07-14,518,-0.045579405404317645,0.08333333333333333,120,10.0,0.03611083848171132,0.5,-0.07092728993736303,0.03333333333333333,120,1.0,0.04511603458496156,0.8833333333333333
2526,603569,长久物流,2026-07-14,2026-07-14,518,-0.04563096818585911,0.06666666666666667,120,10.0,0.02947371019873737,0.6333333333333333,-0.05215706959820707,0.15,120,10.0,0.043966482762684445,0.7333333333333333
2527,002539,云图控股,2026-07-14,2026-07-14,518,-0.04563675980773094,0.1,120,0.1,0.047864494218730624,0.5833333333333334,-0.15834887267115555,0.0,120,0.1,0.05768053349162922,0.6833333333333333
2528,600927,永安期货,2026-07-14,2026-07-14,518,-0.045723476909313776,0.16666666666666666,180,0.1,0.027603903238046644,0.6666666666666666,-0.039643316380470195,0.11666666666666667,180,0.1,0.034329478000997914,0.7166666666666667
2529,600653,申华控股,2026-07-14,2026-07-14,518,-0.045780796167087814,0.11666666666666667,120,10.0,0.02325407876008951,0.7166666666666667,-0.054861638810646,0.05,120,10.0,0.027642967863432552,0.7833333333333333
2530,603501,豪威集团,2026-07-14,2026-07-14,518,-0.04582135975538396,0.3,120,10.0,0.050397874953826007,0.5833333333333334,-0.22074039947144627,0.016666666666666666,120,0.1,0.06345177447766961,0.7166666666666667
2531,601877,正泰电器,2026-07-14,2026-07-14,518,-0.04596434233972004,0.06666666666666667,240,0.1,0.029879525158176257,0.6333333333333333,-0.0476190165906639,0.05,180,0.1,0.04167687546617744,0.7333333333333333
2532,002632,道明光学,2026-07-14,2026-07-14,518,-0.046058054501190895,0.03333333333333333,120,0.1,0.05135418103018219,0.5166666666666667,-0.03296323523021939,0.1,120,0.1,0.06905693497214614,0.5666666666666667
2533,603039,泛微网络,2026-07-14,2026-07-14,518,-0.046099839327409936,0.3,180,0.1,0.07978253607174081,0.6,-0.0429945170815424,0.36666666666666664,180,1.0,0.10161327832427065,0.65
2534,603337,杰克科技,2026-07-14,2026-07-14,518,-0.046209807430638475,0.15,120,1.0,0.04330522878312044,0.7166666666666667,-0.08193996537931231,0.05,240,0.1,0.04078426547358344,0.75
2535,603667,五洲新春,2026-07-14,2026-07-14,518,-0.046219806314828665,0.3,180,10.0,0.08288142750042866,0.5666666666666667,-0.07045441281041842,0.2,180,10.0,0.0930176233740319,0.65
2536,605266,健之佳,2026-07-14,2026-07-14,518,-0.04624308723381407,0.11666666666666667,120,0.1,0.030249705417690603,0.6666666666666666,0.0012983234838332726,0.5,120,0.1,0.04069880799160371,0.8
2537,601121,宝地矿业,2026-07-14,2026-07-14,514,-0.046246210867556106,0.15,120,10.0,0.0510905913365292,0.48333333333333334,-0.06593021972285297,0.1,120,10.0,0.06423974391275275,0.5333333333333333
2538,600230,沧州大化,2026-07-14,2026-07-14,518,-0.04625672721394349,0.15,240,0.1,0.040720086272540874,0.7166666666666667,-0.05533519467075244,0.13333333333333333,240,0.1,0.0736884369466462,0.6833333333333333
2539,001230,劲旅环境,2026-07-14,2026-07-14,518,-0.046309931349945495,0.21666666666666667,240,10.0,0.07131776472332597,0.5,-0.16946221031229386,0.05,120,1.0,0.0931852455303498,0.65
2540,000705,浙江震元,2026-07-14,2026-07-14,518,-0.046320886513860245,0.11666666666666667,240,1.0,0.03281237196245775,0.6833333333333333,-0.06687426655106046,0.1,240,10.0,0.046338302412053785,0.8166666666666667
2541,002661,克明食品,2026-07-14,2026-07-14,518,-0.04641689627827253,0.1,240,0.1,0.026024733387038094,0.6333333333333333,-0.057383223831086946,0.1,120,0.1,0.027573368400767455,0.7
2542,000753,漳州发展,2026-07-14,2026-07-14,518,-0.046468303111699714,0.06666666666666667,180,10.0,0.04747466757746705,0.55,-0.04802377121012277,0.11666666666666667,120,10.0,0.07143195315076331,0.65
2543,000993,闽东电力,2026-07-14,2026-07-14,518,-0.04655798826958511,0.13333333333333333,120,0.1,0.0640196525358127,0.7,0.0062440130624802775,0.3,120,1.0,0.08294732803009418,0.7333333333333333
2544,002193,如意集团,2026-07-14,2026-07-14,517,-0.04674509296542617,0.11666666666666667,120,10.0,0.06458806140731164,0.5833333333333334,-0.0642811328044005,0.08333333333333333,120,10.0,0.07842825224410996,0.6166666666666667
2545,002161,远 望 谷,2026-07-14,2026-07-14,518,-0.046793324657085404,0.08333333333333333,120,10.0,0.040726931169670126,0.6833333333333333,-0.07484929338156525,0.1,120,1.0,0.053056998205772074,0.6333333333333333
2546,600740,山西焦化,2026-07-14,2026-07-14,518,-0.04680221896416059,0.21666666666666667,120,10.0,0.05145834150209187,0.4666666666666667,-0.16257594905231912,0.0,120,0.1,0.06148373056148308,0.5166666666666667
2547,603113,金能科技,2026-07-14,2026-07-14,518,-0.04680280316331561,0.03333333333333333,180,10.0,0.044330286316524616,0.75,-0.1405101327703297,0.0,120,1.0,0.06262312982626192,0.9
2548,603829,洛凯股份,2026-07-14,2026-07-14,518,-0.04683080950334086,0.08333333333333333,120,10.0,0.05737907860694037,0.6166666666666667,-0.03196750806007929,0.1,120,1.0,0.09037709519447792,0.55
2549,002392,北京利尔,2026-07-14,2026-07-14,518,-0.04686008612381666,0.3,120,10.0,0.07852942096833535,0.7666666666666667,0.30639444239438224,0.9666666666666667,120,0.1,0.11283280758346367,0.7
2550,600613,神奇制药,2026-07-14,2026-07-14,518,-0.04699363889489925,0.03333333333333333,240,1.0,0.03423691689389889,0.5166666666666667,-0.0802560237497116,0.05,120,0.1,0.05158942465958733,0.6
2551,000006,深振业Ａ,2026-07-14,2026-07-14,518,-0.04701899529857527,0.26666666666666666,240,10.0,0.06405314920503441,0.65,-0.10625474839922842,0.11666666666666667,240,10.0,0.08938310460337293,0.75
2552,001378,德冠新材,2026-07-14,2026-07-14,518,-0.047105682985850224,0.2,120,10.0,0.05924630134763834,0.65,-0.11268756504227619,0.0,120,10.0,0.07758474648298239,0.7333333333333333
2553,601033,永兴股份,2026-07-14,2026-07-14,518,-0.047109636668525856,0.03333333333333333,120,10.0,0.020193154265851523,0.6666666666666666,-0.018020401794951665,0.16666666666666666,240,10.0,0.022594365186109654,0.8
2554,600783,鲁信创投,2026-07-14,2026-07-14,518,-0.04713460777496367,0.16666666666666666,180,10.0,0.08093769247737838,0.4666666666666667,0.0009271110103069788,0.23333333333333334,240,10.0,0.09517609981097822,0.48333333333333334
2555,003040,楚天龙,2026-07-14,2026-07-14,518,-0.04718306377138616,0.0,120,0.1,0.03501640524750957,0.7166666666666667,-0.08914773742528993,0.0,120,0.1,0.04977017930926678,0.7833333333333333
2556,002321,华英农业,2026-07-14,2026-07-14,518,-0.04727890766654122,0.18333333333333332,120,10.0,0.03298759883793169,0.7166666666666667,-0.039510084469563056,0.3,120,10.0,0.049023386109319424,0.75
2557,002383,合众思壮,2026-07-14,2026-07-14,518,-0.047305706765678364,0.11666666666666667,180,0.1,0.04104783212421012,0.6833333333333333,-0.07795420364441666,0.03333333333333333,180,10.0,0.05651445113490184,0.75
2558,600675,中华企业,2026-07-14,2026-07-14,518,-0.047323472384653786,0.016666666666666666,240,10.0,0.02847458405875346,0.5833333333333334,-0.0797454190805552,0.0,120,10.0,0.03730495681073514,0.6166666666666667
2559,002556,辉隆股份,2026-07-14,2026-07-14,518,-0.04742925837655437,0.06666666666666667,240,0.1,0.03850004135753334,0.5,-0.10514624615374293,0.03333333333333333,120,0.1,0.05667065290135923,0.7166666666666667
2560,000088,盐 田 港,2026-07-14,2026-07-14,518,-0.047439971176464694,0.1,120,1.0,0.021049465213520264,0.5166666666666667,-0.0594106375129194,0.05,120,1.0,0.020464437772297107,0.6666666666666666
2561,603112,华翔股份,2026-07-14,2026-07-14,518,-0.04749549992464012,0.18333333333333332,120,1.0,0.051049583077911374,0.55,0.018328268818267046,0.6666666666666666,120,0.1,0.06220990088938675,0.7166666666666667
2562,002269,美邦服饰,2026-07-14,2026-07-14,518,-0.047496035821662404,0.1,120,10.0,0.02566731950830791,0.8166666666666667,-0.06278274611752303,0.06666666666666667,120,1.0,0.030239699933498215,0.8666666666666667
2563,600746,江苏索普,2026-07-14,2026-07-14,518,-0.04753182418687463,0.016666666666666666,240,10.0,0.058298986087095724,0.6,-0.08325506417651266,0.016666666666666666,240,10.0,0.08462121293367487,0.7333333333333333
2564,000920,沃顿科技,2026-07-14,2026-07-14,518,-0.04759095080791736,0.2833333333333333,240,10.0,0.07208517198118139,0.55,-0.07428149761460541,0.31666666666666665,180,0.1,0.07441425094475257,0.6166666666666667
2565,603887,城地香江,2026-07-14,2026-07-14,513,-0.047637415738051185,0.13333333333333333,240,10.0,0.04039318108881432,0.8833333333333333,-0.08941719893749245,0.016666666666666666,240,10.0,0.05841437843165885,0.85
2566,000812,陕西金叶,2026-07-14,2026-07-14,518,-0.04768810672731442,0.03333333333333333,180,10.0,0.028973267741445593,0.7,-0.08824586560571028,0.03333333333333333,240,10.0,0.04468735751721613,0.6833333333333333
2567,603229,奥翔药业,2026-07-14,2026-07-14,518,-0.04778467619994169,0.08333333333333333,180,10.0,0.036440533122448944,0.55,-0.07215968203801268,0.05,180,1.0,0.03750197409393653,0.7166666666666667
2568,603577,汇金通,2026-07-14,2026-07-14,518,-0.04819664352430122,0.1,180,10.0,0.04676875695296022,0.4666666666666667,-0.025598870318092208,0.21666666666666667,180,10.0,0.05829455657186864,0.45
2569,000816,智慧农业,2026-07-14,2026-07-14,518,-0.0483196047259491,0.11666666666666667,240,1.0,0.032075154507933024,0.7333333333333333,-0.03758642379911399,0.15,120,10.0,0.03758994715041023,0.8166666666666667
2570,601866,中远海发,2026-07-14,2026-07-14,518,-0.04832506826342946,0.06666666666666667,180,0.1,0.027013189964096393,0.6,-0.04848680550438355,0.05,120,10.0,0.036297011961078464,0.7
2571,600076,康欣新材,2026-07-14,2026-07-14,518,-0.048411067034037705,0.15,120,10.0,0.07748872251486216,0.5166666666666667,-0.02523503852293346,0.23333333333333334,180,10.0,0.09012701266069026,0.6166666666666667
2572,002092,中泰化学,2026-07-14,2026-07-14,517,-0.04851448155822298,0.23333333333333334,120,10.0,0.059545160828176694,0.7333333333333333,-0.07383639087955945,0.1,120,10.0,0.07169282362841835,0.8
2573,603382,海阳科技,2026-07-14,2026-07-14,265,-0.048709652001074674,0.05,120,1.0,0.02788183547107987,0.7833333333333333,-0.07652255138066587,0.016666666666666666,120,10.0,0.043500424432459855,0.9333333333333333
2574,002769,普路通,2026-07-14,2026-07-14,508,-0.048733774705717665,0.06666666666666667,180,10.0,0.042895390375789745,0.6833333333333333,-0.07760837165786907,0.05,180,1.0,0.05215673517840363,0.85
2575,601608,中信重工,2026-07-14,2026-07-14,518,-0.0487850011942037,0.06666666666666667,240,10.0,0.04287285327858898,0.6,-0.059657425696291344,0.05,240,0.1,0.060509538580980786,0.5
2576,600258,首旅酒店,2026-07-14,2026-07-14,518,-0.04879843217778531,0.11666666666666667,240,0.1,0.035504370381934096,0.6166666666666667,-0.10101166399469862,0.03333333333333333,240,0.1,0.04403258382139083,0.6333333333333333
2577,603997,继峰股份,2026-07-14,2026-07-14,518,-0.048904286276262615,0.21666666666666667,180,10.0,0.04267307735969024,0.5833333333333334,-0.10497512875277056,0.06666666666666667,180,0.1,0.05328902519752954,0.7166666666666667
2578,002248,华东数控,2026-07-14,2026-07-14,518,-0.048950752836081544,0.1,120,10.0,0.057058407579452054,0.48333333333333334,-0.08849598832654536,0.016666666666666666,120,10.0,0.0837977329682009,0.5
2579,603028,赛福天,2026-07-14,2026-07-14,518,-0.04917789039927306,0.1,120,10.0,0.053732968217018534,0.5333333333333333,-0.054377514112734275,0.11666666666666667,120,10.0,0.08799445873625306,0.5333333333333333
2580,600346,恒力石化,2026-07-14,2026-07-14,518,-0.04926176823431931,0.11666666666666667,240,10.0,0.05785628142787789,0.6333333333333333,-0.09710208510210044,0.016666666666666666,240,0.1,0.08544353927705203,0.5666666666666667
2581,001201,东瑞股份,2026-07-14,2026-07-14,518,-0.049439015645292406,0.15,120,1.0,0.030068981106561546,0.7333333333333333,-0.07803503084718502,0.11666666666666667,120,10.0,0.04528961725546549,0.6833333333333333
2582,000559,万向钱潮,2026-07-14,2026-07-14,518,-0.04946209217402587,0.1,180,1.0,0.07337784294233408,0.55,-0.0864855551008648,0.03333333333333333,180,1.0,0.11031813788797509,0.6
2583,603385,惠达卫浴,2026-07-14,2026-07-14,518,-0.049472877892914616,0.0,120,10.0,0.029068625838101665,0.5833333333333334,-0.049333220459656255,0.08333333333333333,120,1.0,0.03869205771117204,0.75
2584,001278,一彬科技,2026-07-14,2026-07-14,518,-0.049509391199069955,0.03333333333333333,120,10.0,0.048283313235957616,0.5666666666666667,-0.10492632081942133,0.0,120,10.0,0.06677739953105759,0.75
2585,002553,南方精工,2026-07-14,2026-07-14,518,-0.04951566057095651,0.08333333333333333,120,10.0,0.03935491248384011,0.75,-0.09122947511871102,0.03333333333333333,120,0.1,0.05428898230215045,0.7833333333333333
2586,600738,丽尚国潮,2026-07-14,2026-07-14,518,-0.04960446800982203,0.05,120,0.1,0.02985010034650232,0.65,-0.059252543362704746,0.03333333333333333,120,10.0,0.04122121422385762,0.75
2587,000096,广聚能源,2026-07-14,2026-07-14,518,-0.04961221414694275,0.06666666666666667,180,0.1,0.03178954700229532,0.6333333333333333,-0.04441487411059149,0.05,240,10.0,0.04474401084309267,0.85
2588,002909,集泰股份,2026-07-14,2026-07-14,518,-0.04967772167262217,0.03333333333333333,120,10.0,0.036153035367749095,0.6,-0.08458073582307762,0.0,120,10.0,0.05779712299653987,0.5666666666666667
2589,603344,星德胜,2026-07-14,2026-07-14,518,-0.04990485147138154,0.16666666666666666,120,10.0,0.049535878821107056,0.75,-0.06576572455283232,0.15,120,10.0,0.06333863571615644,0.7666666666666667
2590,002478,常宝股份,2026-07-14,2026-07-14,518,-0.049960328928375236,0.08333333333333333,240,0.1,0.04678702348565348,0.7166666666666667,-0.09906152047816016,0.0,240,1.0,0.0733641228780623,0.8
2591,600595,中孚实业,2026-07-14,2026-07-14,518,-0.049979194035315644,0.05,240,0.1,0.05036462804477801,0.5166666666666667,-0.1963920244773271,0.0,120,10.0,0.08145579454696669,0.55
2592,603693,江苏新能,2026-07-14,2026-07-14,518,-0.050006044344185166,0.11666666666666667,120,0.1,0.05946801268878567,0.7166666666666667,-0.1348506062095838,0.15,180,0.1,0.09954998083572726,0.6166666666666667
2593,002022,科华生物,2026-07-14,2026-07-14,518,-0.05000688974891898,0.05,120,10.0,0.030170260341843915,0.5666666666666667,-0.0037430826894549844,0.31666666666666665,120,0.1,0.03236193783094364,0.7833333333333333
2594,002707,众信旅游,2026-07-14,2026-07-14,518,-0.05007293189376062,0.0,180,10.0,0.02698542604037332,0.6833333333333333,-0.09062087227774841,0.016666666666666666,180,0.1,0.03498339811695869,0.75
2595,600377,宁沪高速,2026-07-14,2026-07-14,518,-0.050106285443804646,0.06666666666666667,120,10.0,0.022028571862032206,0.6333333333333333,-0.0502977997186299,0.13333333333333333,120,10.0,0.0306661254427409,0.5666666666666667
2596,002212,天融信,2026-07-14,2026-07-14,518,-0.050112240260078836,0.05,120,10.0,0.03379037419389788,0.5333333333333333,-0.06258286412051714,0.1,120,10.0,0.05418719663418777,0.6333333333333333
2597,603882,金域医学,2026-07-14,2026-07-14,518,-0.050142211236227245,0.08333333333333333,240,10.0,0.037664752864450764,0.6,-0.06084639359199167,0.05,120,10.0,0.049517909465260315,0.6333333333333333
2598,600881,亚泰集团,2026-07-14,2026-07-14,518,-0.05017156376036971,0.25,180,0.1,0.046952738695058956,0.65,-0.07350574653141236,0.21666666666666667,180,1.0,0.05835741740783585,0.65
2599,600620,天宸股份,2026-07-14,2026-07-14,518,-0.05023256225753351,0.05,240,1.0,0.03917385152278387,0.6166666666666667,-0.08383471265338403,0.016666666666666666,120,10.0,0.056551805989294664,0.6666666666666666
2600,002709,天赐材料,2026-07-14,2026-07-14,518,-0.05023944658680976,0.25,120,10.0,0.0798452286499335,0.5,-0.0529758220560065,0.31666666666666665,120,10.0,0.10386981311502942,0.7
2601,603185,弘元绿能,2026-07-14,2026-07-14,518,-0.05036266971780731,0.08333333333333333,180,0.1,0.05559469054273252,0.6833333333333333,-0.014761538126416562,0.16666666666666666,120,10.0,0.0787532202983752,0.6
2602,002246,北化股份,2026-07-14,2026-07-14,518,-0.05039066036216966,0.06666666666666667,120,1.0,0.052867454595350506,0.55,-0.1000667685276114,0.06666666666666667,120,0.1,0.06918827894246365,0.6166666666666667
2603,600195,中牧股份,2026-07-14,2026-07-14,518,-0.05049811005773082,0.016666666666666666,240,0.1,0.03330261797937656,0.5666666666666667,-0.09245285395693988,0.016666666666666666,120,1.0,0.04717853491348881,0.6333333333333333
2604,600428,中远海特,2026-07-14,2026-07-14,518,-0.05050098377568545,0.03333333333333333,120,1.0,0.03802244937724589,0.6,-0.09154705000206916,0.03333333333333333,120,10.0,0.05825623341038344,0.5166666666666667
2605,600207,安彩高科,2026-07-14,2026-07-14,518,-0.050501927011172044,0.21666666666666667,120,0.1,0.06822174534167695,0.7,-0.056115136357145476,0.18333333333333332,120,0.1,0.09146048584864327,0.7
2606,605255,天普股份,2026-07-14,2026-07-14,485,-0.05055267171348807,0.18333333333333332,120,10.0,0.08368758344191662,0.45,-0.029260020169001255,0.2,120,10.0,0.11897158912091746,0.5
2607,000591,太阳能,2026-07-14,2026-07-14,518,-0.05057288685490447,0.1,180,0.1,0.050141794074508944,0.6666666666666666,-0.07871206184923833,0.11666666666666667,180,1.0,0.06743930738734383,0.7
2608,603393,新天然气,2026-07-14,2026-07-14,518,-0.05060333624755259,0.15,240,0.1,0.0492342933855483,0.5166666666666667,-0.060118730874218526,0.08333333333333333,240,10.0,0.07221077790875292,0.55
2609,600755,厦门国贸,2026-07-14,2026-07-14,518,-0.050660068648072626,0.08333333333333333,120,0.1,0.03189300540020926,0.5333333333333333,-0.04052384918120576,0.15,120,0.1,0.0370408578706332,0.6166666666666667
2610,600163,中闽能源,2026-07-14,2026-07-14,518,-0.05074675478210741,0.16666666666666666,180,0.1,0.05455854615676855,0.7,-0.17026862873375073,0.0,180,0.1,0.06117484174584123,0.75
2611,603033,三维股份,2026-07-14,2026-07-14,518,-0.05093178375811976,0.15,120,10.0,0.05701649994834217,0.5666666666666667,0.010301322511604188,0.5833333333333334,120,10.0,0.05555876653956691,0.7666666666666667
2612,600328,中盐化工,2026-07-14,2026-07-14,518,-0.05096592804527699,0.06666666666666667,240,0.1,0.03278602634023589,0.7,-0.07640259955508555,0.0,240,0.1,0.03769944577237131,0.85
2613,600128,苏豪弘业,2026-07-14,2026-07-14,518,-0.05103935818372226,0.05,120,10.0,0.030649599232519097,0.6,-0.07476010408763824,0.03333333333333333,120,10.0,0.03801177264617159,0.7833333333333333
2614,002461,珠江啤酒,2026-07-14,2026-07-14,518,-0.05105813359153556,0.016666666666666666,240,0.1,0.03559659870225987,0.7666666666666667,-0.1359204092732711,0.016666666666666666,180,0.1,0.044245807515550024,0.7333333333333333
2615,002691,冀凯股份,2026-07-14,2026-07-14,517,-0.05109571931702012,0.15,120,10.0,0.07286207863608554,0.65,-0.1147563666205278,0.03333333333333333,120,10.0,0.09175332915340924,0.6333333333333333
2616,002015,协鑫能科,2026-07-14,2026-07-14,518,-0.05111446230640175,0.2,180,0.1,0.08269378105639014,0.65,-0.1533738165230557,0.03333333333333333,180,1.0,0.10248079293728622,0.7666666666666667
2617,002126,银轮股份,2026-07-14,2026-07-14,518,-0.05117541035136259,0.35,180,1.0,0.0657974863680232,0.65,-0.10843050723241517,0.2,180,0.1,0.06991788261887974,0.6166666666666667
2618,001323,慕思股份,2026-07-14,2026-07-14,518,-0.051330743482445054,0.06666666666666667,180,10.0,0.03755063489278885,0.6666666666666666,-0.09865239561376554,0.016666666666666666,240,10.0,0.053384865281797776,0.6166666666666667
2619,605368,蓝天燃气,2026-07-14,2026-07-14,518,-0.05137090300725892,0.016666666666666666,240,0.1,0.03397869492773879,0.6,-0.06822772607569114,0.03333333333333333,120,0.1,0.04272927480172806,0.7666666666666667
2620,601179,中国西电,2026-07-14,2026-07-14,518,-0.05142972539643205,0.18333333333333332,180,1.0,0.08126832905934342,0.5,-0.0041516999958503276,0.2,180,10.0,0.11555221741117931,0.4166666666666667
2621,601139,深圳燃气,2026-07-14,2026-07-14,518,-0.051464649599977146,0.06666666666666667,180,0.1,0.029922244461473832,0.6,-0.1160911361972083,0.016666666666666666,180,0.1,0.027270287680632572,0.8
2622,605222,起帆电缆,2026-07-14,2026-07-14,518,-0.05151650076922931,0.2833333333333333,240,1.0,0.09181048151928835,0.7166666666666667,0.13439326891306957,0.8666666666666667,120,0.1,0.11155340164102896,0.8166666666666667
2623,600488,津药药业,2026-07-14,2026-07-14,518,-0.0516223286016118,0.13333333333333333,240,10.0,0.1513627994250698,0.5166666666666667,-0.06219603030137125,0.16666666666666666,240,10.0,0.14560240382742815,0.5166666666666667
2624,603281,江瀚新材,2026-07-14,2026-07-14,518,-0.051915371655015884,0.13333333333333333,120,1.0,0.062321024809033364,0.7833333333333333,0.22124263345610345,0.8833333333333333,120,1.0,0.08538258693346341,0.7333333333333333
2625,603612,索通发展,2026-07-14,2026-07-14,518,-0.05199757046753512,0.05,240,0.1,0.051945862945817975,0.5833333333333334,-0.06805493624837933,0.05,240,0.1,0.07480294548797217,0.6666666666666666
2626,002803,吉宏股份,2026-07-14,2026-07-14,518,-0.052153836866732244,0.35,120,1.0,0.06295791676159918,0.75,0.047185353994233556,0.8666666666666667,120,0.1,0.0899761669803208,0.8333333333333334
2627,603089,正裕工业,2026-07-14,2026-07-14,518,-0.05224706645359009,0.08333333333333333,180,0.1,0.0357058046937078,0.7333333333333333,-0.081637569787618,0.06666666666666667,180,10.0,0.05023453385110827,0.8166666666666667
2628,000930,中粮科技,2026-07-14,2026-07-14,518,-0.0522728724091313,0.03333333333333333,240,0.1,0.02742386220669334,0.8333333333333334,-0.08497438107425699,0.016666666666666666,240,0.1,0.027432266026679926,0.95
2629,600809,山西汾酒,2026-07-14,2026-07-14,518,-0.05247244218454486,0.05,120,10.0,0.025881898278232906,0.7,-0.12768463927520102,0.0,120,0.1,0.02785139127003822,0.8
2630,002235,安妮股份,2026-07-14,2026-07-14,513,-0.05255013813123419,0.18333333333333332,240,0.1,0.08001549236851173,0.5666666666666667,-0.013594973410178332,0.36666666666666664,180,10.0,0.11616688984488709,0.6666666666666666
2631,600468,百利电气,2026-07-14,2026-07-14,518,-0.05266264703566066,0.1,120,10.0,0.05866575943596276,0.45,-0.12694404993004968,0.0,120,1.0,0.07949961805313134,0.5
2632,000523,红棉股份,2026-07-14,2026-07-14,518,-0.05276792039479865,0.16666666666666666,120,10.0,0.037603552705750685,0.6666666666666666,-0.032334198469327925,0.2,120,10.0,0.05882909434617516,0.5333333333333333
2633,002533,金杯电工,2026-07-14,2026-07-14,518,-0.052783523844126524,0.08333333333333333,240,0.1,0.04387890378101964,0.6166666666666667,-0.06853480584375711,0.03333333333333333,240,0.1,0.05591423236521866,0.6
2634,002462,嘉事堂,2026-07-14,2026-07-14,513,-0.05283702588314938,0.016666666666666666,180,1.0,0.0347520878337655,0.6166666666666667,-0.19437037557916015,0.0,120,0.1,0.05108241418253124,0.5333333333333333
2635,601015,陕西黑猫,2026-07-14,2026-07-14,518,-0.052849156874665196,0.11666666666666667,120,10.0,0.05917398321557665,0.5666666666666667,-0.10702124804714762,0.0,120,1.0,0.06483779840911325,0.7166666666666667
2636,002596,海南瑞泽,2026-07-14,2026-07-14,518,-0.052872272482836116,0.06666666666666667,120,10.0,0.04623222938336789,0.65,-0.04161504006359572,0.18333333333333332,120,10.0,0.07154767418450493,0.6666666666666666
2637,002843,泰嘉股份,2026-07-14,2026-07-14,518,-0.052896594589291954,0.26666666666666666,240,10.0,0.07375505964447905,0.48333333333333334,-0.06555467308072954,0.31666666666666665,240,10.0,0.109848152124872,0.48333333333333334
2638,600219,南山铝业,2026-07-14,2026-07-14,518,-0.053124529354628726,0.1,180,0.1,0.05292995256341742,0.48333333333333334,-0.08592012868188381,0.06666666666666667,120,0.1,0.07332536314687242,0.6166666666666667
2639,605298,必得科技,2026-07-14,2026-07-14,518,-0.053146164462004035,0.15,240,10.0,0.06127332908699359,0.5833333333333334,0.010981046768027383,0.35,180,10.0,0.10081357013397164,0.48333333333333334
2640,002294,信立泰,2026-07-14,2026-07-14,518,-0.05356053175165508,0.21666666666666667,120,10.0,0.08096153856633394,0.6,-0.06758983181775702,0.16666666666666666,120,10.0,0.09638902390926744,0.7833333333333333
2641,603801,志邦家居,2026-07-14,2026-07-14,518,-0.05383414733308749,0.13333333333333333,120,0.1,0.03394847792564183,0.7666666666666667,-0.15588614312949864,0.016666666666666666,120,1.0,0.045315662186656454,0.7833333333333333
2642,000877,天山股份,2026-07-14,2026-07-14,518,-0.05384225105216456,0.05,240,0.1,0.020921672041174854,0.85,-0.08926304337220436,0.03333333333333333,240,0.1,0.03179443753901576,0.8666666666666667
2643,601162,天风证券,2026-07-14,2026-07-14,518,-0.053909115418688765,0.18333333333333332,120,0.1,0.03542705423897497,0.6666666666666666,-0.12960632972793898,0.016666666666666666,120,0.1,0.04428466147218181,0.75
2644,603331,百达精工,2026-07-14,2026-07-14,518,-0.05409658865738309,0.08333333333333333,180,10.0,0.05627776255809454,0.6166666666666667,-0.11038669872108953,0.0,180,10.0,0.07120927897822835,0.65
2645,002283,天润工业,2026-07-14,2026-07-14,518,-0.05422065808987747,0.18333333333333332,240,0.1,0.06734851820897285,0.6,-0.1988989647849492,0.0,180,1.0,0.08335339753017539,0.7
2646,600569,安阳钢铁,2026-07-14,2026-07-14,518,-0.054536364867759694,0.03333333333333333,120,10.0,0.03929178078106714,0.5,-0.14293996384211904,0.0,120,0.1,0.04302606954060707,0.5833333333333334
2647,603219,富佳股份,2026-07-14,2026-07-14,518,-0.05455055654930058,0.18333333333333332,120,10.0,0.04660668837381982,0.6166666666666667,-0.053347423774496285,0.16666666666666666,120,10.0,0.054071041318755515,0.55
2648,002663,普邦股份,2026-07-14,2026-07-14,518,-0.054586329887159585,0.16666666666666666,120,10.0,0.06053813528613684,0.55,-0.06166043613132883,0.21666666666666667,120,10.0,0.08848600502519474,0.6333333333333333
2649,601238,广汽集团,2026-07-14,2026-07-14,518,-0.05458921965716804,0.016666666666666666,180,0.1,0.024719991728522416,0.9,-0.10442285715354566,0.016666666666666666,180,0.1,0.03136939607085821,0.9166666666666666
2650,601020,华钰矿业,2026-07-14,2026-07-14,513,-0.05461588262682124,0.23333333333333334,240,0.1,0.08281761716919914,0.5666666666666667,-0.05974886802086578,0.21666666666666667,240,1.0,0.08967611779221309,0.5666666666666667
2651,601988,中国银行,2026-07-14,2026-07-14,518,-0.05462983948238448,0.03333333333333333,240,0.1,0.02051891067609003,0.65,-0.09491817795633775,0.0,240,0.1,0.02556717473569091,0.6666666666666666
2652,002614,奥佳华,2026-07-14,2026-07-14,518,-0.054662550984276734,0.03333333333333333,120,10.0,0.02834181542907559,0.7,-0.09257379161913323,0.0,120,1.0,0.03313699990524582,0.8833333333333333
2653,603519,立霸股份,2026-07-14,2026-07-14,518,-0.05469713382813746,0.16666666666666666,180,10.0,0.0433686313367671,0.6166666666666667,-0.09380027102332747,0.15,120,10.0,0.06267578870575899,0.7
2654,601568,北元集团,2026-07-14,2026-07-14,518,-0.054759151113744325,0.0,120,10.0,0.024925565923237403,0.5666666666666667,-0.06771467028971086,0.0,120,10.0,0.035347133057590976,0.6
2655,603898,好莱客,2026-07-14,2026-07-14,518,-0.054786684913137464,0.11666666666666667,180,10.0,0.05011734026912183,0.6333333333333333,-0.04914096753754917,0.2,180,10.0,0.05828080054169558,0.6166666666666667
2656,002396,星网锐捷,2026-07-14,2026-07-14,518,-0.0548128205641217,0.38333333333333336,120,0.1,0.09632905390934793,0.7333333333333333,-0.3591644251849151,0.0,120,0.1,0.10808380790719056,0.75
2657,002112,三变科技,2026-07-14,2026-07-14,518,-0.05484892834967958,0.15,240,0.1,0.060017259433379815,0.5,-0.050973496484444436,0.2,240,10.0,0.06861397872146108,0.55
2658,603488,展鹏科技,2026-07-14,2026-07-14,518,-0.05487268881819059,0.13333333333333333,120,10.0,0.06758201920831276,0.5333333333333333,-0.0991659784023859,0.08333333333333333,120,0.1,0.06721439923651235,0.7333333333333333
2659,002574,明牌珠宝,2026-07-14,2026-07-14,518,-0.0549487120153175,0.0,120,1.0,0.03860404843855545,0.6166666666666667,-0.039317261053629135,0.08333333333333333,120,10.0,0.06321580816420055,0.5
2660,002201,九鼎新材,2026-07-14,2026-07-14,518,-0.05497159289971899,0.18333333333333332,120,0.1,0.09817031015384389,0.65,-0.1688457624639813,0.06666666666666667,120,0.1,0.1501779021809468,0.6833333333333333
2661,002978,安宁股份,2026-07-14,2026-07-14,518,-0.05506487624033275,0.13333333333333333,120,1.0,0.03968230782797442,0.6666666666666666,-0.0468949439167424,0.1,180,10.0,0.053913015973948576,0.5833333333333334
2662,002810,山东赫达,2026-07-14,2026-07-14,518,-0.05518881187021197,0.15,120,1.0,0.07306866717924564,0.5833333333333334,-0.009299573066789447,0.4,120,10.0,0.11020646029393426,0.5
2663,000980,众泰汽车,2026-07-14,2026-07-14,518,-0.0551936734989323,0.18333333333333332,120,10.0,0.07213973055828217,0.6666666666666666,-0.05879307771817508,0.26666666666666666,120,1.0,0.08685852430047158,0.6666666666666666
2664,603861,白云电器,2026-07-14,2026-07-14,518,-0.055212157998631814,0.2,120,10.0,0.06331528245658981,0.5833333333333334,-0.14044221705648308,0.03333333333333333,120,10.0,0.08318469648337776,0.6333333333333333
2665,002278,神开股份,2026-07-14,2026-07-14,518,-0.05521297870297061,0.016666666666666666,120,10.0,0.04297899238117591,0.7666666666666667,-0.06409197487688485,0.016666666666666666,120,10.0,0.05908331854724237,0.7666666666666667
2666,002585,双星新材,2026-07-14,2026-07-14,518,-0.055387571877680314,0.43333333333333335,180,0.1,0.0963892695818069,0.5166666666666667,-0.01610407869194528,0.6166666666666667,120,0.1,0.12225498653339271,0.8333333333333334
2667,603093,南华期货,2026-07-14,2026-07-14,518,-0.0554934963823261,0.2833333333333333,180,0.1,0.06646829473687361,0.6333333333333333,0.009545693854852697,0.6166666666666667,180,10.0,0.09619257196817015,0.5166666666666667
2668,000419,通程控股,2026-07-14,2026-07-14,518,-0.05551441887720253,0.016666666666666666,120,0.1,0.026936004523809134,0.6333333333333333,-0.07123404561446549,0.05,120,0.1,0.029680584689711874,0.8166666666666667
2669,600199,金种子酒,2026-07-14,2026-07-14,518,-0.0555179547616008,0.13333333333333333,120,10.0,0.0381413118215476,0.6166666666666667,-0.08400635477194868,0.06666666666666667,120,1.0,0.039875341266566076,0.8333333333333334
2670,002875,安奈儿,2026-07-14,2026-07-14,513,-0.055538219734008104,0.21666666666666667,180,10.0,0.07060337046328116,0.7,-0.1034244327794651,0.2,180,1.0,0.11003168422547495,0.8666666666666667
2671,001319,铭科精技,2026-07-14,2026-07-14,518,-0.05557276272068632,0.08333333333333333,120,10.0,0.0423061346659853,0.6666666666666666,-0.09636116187537785,0.03333333333333333,120,10.0,0.047685806886819185,0.6333333333333333
2672,603757,大元泵业,2026-07-14,2026-07-14,518,-0.0555806059901674,0.38333333333333336,120,10.0,0.09321872342858425,0.5,-0.13347835437438899,0.36666666666666664,120,10.0,0.13402919088087906,0.5833333333333334
2673,603816,顾家家居,2026-07-14,2026-07-14,518,-0.05559967820453462,0.15,180,10.0,0.04866050478063229,0.5666666666666667,-0.12917391616041218,0.03333333333333333,120,10.0,0.05672188572015669,0.85
2674,600513,联环药业,2026-07-14,2026-07-14,518,-0.055633159623691315,0.1,240,0.1,0.049276452449336434,0.7333333333333333,-0.21797739539934965,0.03333333333333333,120,10.0,0.09996273418425622,0.5
2675,600339,中油工程,2026-07-14,2026-07-14,518,-0.055649064195101836,0.06666666666666667,120,10.0,0.04222114032385106,0.6166666666666667,-0.05735793945683447,0.016666666666666666,120,10.0,0.05565356408957543,0.7166666666666667
2676,000683,博源化工,2026-07-14,2026-07-14,518,-0.055718445281937055,0.05,240,0.1,0.04305055841466177,0.6333333333333333,-0.11810182826613413,0.016666666666666666,240,0.1,0.06114759286783552,0.7
2677,600997,开滦股份,2026-07-14,2026-07-14,518,-0.055737144247693944,0.15,120,10.0,0.04008944982612312,0.6166666666666667,-0.1636063038011733,0.0,120,0.1,0.0499679379555863,0.65
2678,600664,哈药股份,2026-07-14,2026-07-14,518,-0.05599187966559258,0.08333333333333333,240,10.0,0.06349712302810756,0.4,-0.11746208909614383,0.08333333333333333,120,10.0,0.07702892805271738,0.5666666666666667
2679,002833,弘亚数控,2026-07-14,2026-07-14,518,-0.056082712955753074,0.08333333333333333,120,10.0,0.0454732490405597,0.6333333333333333,-0.018407817001448404,0.25,120,10.0,0.06700593728214486,0.7666666666666667
2680,000756,新华制药,2026-07-14,2026-07-14,518,-0.05652643316944595,0.15,120,10.0,0.042862523699233164,0.48333333333333334,-0.048685432167038974,0.21666666666666667,120,0.1,0.05952109095768367,0.7333333333333333
2681,000423,东阿阿胶,2026-07-14,2026-07-14,518,-0.056578842451532524,0.16666666666666666,180,10.0,0.03406376399464432,0.6166666666666667,-0.12798183724044357,0.0,240,0.1,0.039803297391421084,0.6166666666666667
2682,002016,世荣兆业,2026-07-14,2026-07-14,514,-0.056770872927747906,0.016666666666666666,180,1.0,0.0332643231415251,0.7833333333333333,-0.07767410312055092,0.03333333333333333,120,10.0,0.04739544408746089,0.7
2683,603556,海兴电力,2026-07-14,2026-07-14,518,-0.056864312535009565,0.13333333333333333,240,0.1,0.044054770455061676,0.7333333333333333,-0.11410304531273992,0.05,240,0.1,0.05808880396009434,0.85
2684,600917,重庆燃气,2026-07-14,2026-07-14,518,-0.05689380326615429,0.03333333333333333,180,0.1,0.020366975082838155,0.7666666666666667,-0.11140687013525787,0.0,180,0.1,0.026133915883874627,0.85
2685,600657,信达地产,2026-07-14,2026-07-14,518,-0.05695500191583829,0.05,240,0.1,0.0318619552407976,0.7666666666666667,-0.09030230953020824,0.016666666666666666,240,0.1,0.04219549198717,0.8
2686,002221,东华能源,2026-07-14,2026-07-14,518,-0.05698781677461692,0.08333333333333333,120,10.0,0.03927985113827437,0.75,-0.1795841388983238,0.0,120,1.0,0.04531746624498383,0.8166666666666667
2687,601101,昊华能源,2026-07-14,2026-07-14,518,-0.05723737120671249,0.3,120,1.0,0.07726400374698339,0.7,0.13382874578527976,0.8833333333333333,120,0.1,0.10071088606665475,0.7333333333333333
2688,603277,银都股份,2026-07-14,2026-07-14,518,-0.057238309443228996,0.08333333333333333,120,1.0,0.028837383898213605,0.8333333333333334,-0.10607186336101221,0.06666666666666667,180,0.1,0.03818946653823595,0.7666666666666667
2689,603697,有友食品,2026-07-14,2026-07-14,518,-0.05737928782692954,0.2,180,10.0,0.03888019393587518,0.7333333333333333,-0.06131837288534987,0.2,180,0.1,0.047963596183753246,0.6666666666666666
2690,001373,翔腾新材,2026-07-14,2026-07-14,518,-0.05738625799774533,0.15,120,1.0,0.059052870475401975,0.6833333333333333,-0.024174884305444126,0.2,240,1.0,0.07956367949872471,0.6833333333333333
2691,603737,三棵树,2026-07-14,2026-07-14,518,-0.05749214431469127,0.18333333333333332,240,10.0,0.06630344432849357,0.7666666666666667,-0.06519428473346506,0.3,180,10.0,0.1091031398389707,0.7666666666666667
2692,603166,福达股份,2026-07-14,2026-07-14,518,-0.057656464370465385,0.21666666666666667,180,10.0,0.07897200618446468,0.6333333333333333,-0.0019235837126568116,0.4666666666666667,180,10.0,0.07912540599907134,0.65
2693,600933,爱柯迪,2026-07-14,2026-07-14,510,-0.057656655418799385,0.05,120,1.0,0.030353967029752064,0.75,-0.11669530608543827,0.0,120,1.0,0.026521387886499652,0.8
2694,002493,荣盛石化,2026-07-14,2026-07-14,518,-0.057841895534631975,0.08333333333333333,180,0.1,0.04783057818299009,0.55,-0.06370256285091726,0.06666666666666667,120,10.0,0.06941808535058029,0.4666666666666667
2695,600280,中央商场,2026-07-14,2026-07-14,518,-0.05784377989777719,0.16666666666666666,240,0.1,0.05378128541962867,0.7833333333333333,-0.07070168746006901,0.16666666666666666,120,10.0,0.061121092071994815,0.6833333333333333
2696,600292,电投水电,2026-07-14,2026-07-14,508,-0.05786362859393235,0.1,120,10.0,0.047032429737415546,0.5666666666666667,-0.10877374971700506,0.016666666666666666,120,10.0,0.0663866182231585,0.6
2697,002785,万里石,2026-07-14,2026-07-14,518,-0.05812725424329261,0.18333333333333332,120,10.0,0.06912119686836957,0.6833333333333333,-0.031208677538089244,0.4166666666666667,120,10.0,0.0954556202431164,0.75
2698,603125,常青科技,2026-07-14,2026-07-14,518,-0.0581559931997097,0.4166666666666667,240,0.1,0.08194119364633197,0.6,0.06101442659662539,0.8333333333333334,240,10.0,0.1400697387513384,0.6833333333333333
2699,603991,至正股份,2026-07-14,2026-07-14,509,-0.05827826784331853,0.16666666666666666,120,1.0,0.06578600343881187,0.7166666666666667,-0.10787504635011727,0.13333333333333333,120,0.1,0.0870856681218105,0.85
2700,603583,捷昌驱动,2026-07-14,2026-07-14,518,-0.05845963862982975,0.06666666666666667,120,1.0,0.04003750416735517,0.7333333333333333,-0.09980486843940116,0.06666666666666667,120,10.0,0.047050240542546785,0.8166666666666667
2701,002514,宝馨科技,2026-07-14,2026-07-14,517,-0.058517939555589094,0.26666666666666666,120,1.0,0.10685468977614034,0.65,-0.07767545785453582,0.26666666666666666,120,1.0,0.14779438129604022,0.8
2702,002310,东方新能,2026-07-14,2026-07-14,516,-0.058647527179499837,0.1,240,0.1,0.0494871004537767,0.65,-0.1068534203140322,0.08333333333333333,240,0.1,0.06803621375799963,0.7333333333333333
2703,605162,新中港,2026-07-14,2026-07-14,518,-0.058695796332196196,0.08333333333333333,180,10.0,0.06002249979357036,0.8,-0.0990906964027245,0.06666666666666667,240,10.0,0.07374596379928539,0.8
2704,600597,光明乳业,2026-07-14,2026-07-14,518,-0.05877207862931388,0.05,240,1.0,0.020357165689384466,0.6333333333333333,-0.09907286598844196,0.016666666666666666,120,10.0,0.024198823810967794,0.85
2705,603708,家家悦,2026-07-14,2026-07-14,518,-0.058819804438604475,0.03333333333333333,120,1.0,0.02874040474625744,0.65,-0.07810412386801055,0.016666666666666666,120,0.1,0.04449879498875451,0.65
2706,603212,赛伍技术,2026-07-14,2026-07-14,518,-0.05883410898703694,0.23333333333333334,240,10.0,0.06683314829992225,0.48333333333333334,-0.06102101442101645,0.21666666666666667,240,10.0,0.08077004493448649,0.65
2707,002270,华明装备,2026-07-14,2026-07-14,518,-0.058916803073341954,0.15,120,10.0,0.060974085236754405,0.6166666666666667,-0.07288312148954591,0.11666666666666667,120,10.0,0.07522018456366879,0.6333333333333333
2708,000525,红太阳,2026-07-14,2026-07-14,491,-0.058969183215666396,0.03333333333333333,240,0.1,0.039696715209342016,0.5833333333333334,-0.07907903514316651,0.06666666666666667,240,0.1,0.04489230716248549,0.85
2709,600132,重庆啤酒,2026-07-14,2026-07-14,518,-0.05899171293146398,0.11666666666666667,240,10.0,0.03223533555400806,0.75,-0.19103548474460294,0.0,120,0.1,0.03989674022999755,0.8
2710,605056,咸亨国际,2026-07-14,2026-07-14,518,-0.0591430308547325,0.016666666666666666,120,10.0,0.06781253023998289,0.4666666666666667,-0.22851334730816966,0.0,120,0.1,0.11518566102731954,0.4166666666666667
2711,603363,傲农生物,2026-07-14,2026-07-14,517,-0.05914842055637248,0.18333333333333332,240,0.1,0.05608199714176867,0.5833333333333334,-0.09887391500101567,0.08333333333333333,240,10.0,0.07421639852861046,0.6166666666666667
2712,600623,华谊集团,2026-07-14,2026-07-14,518,-0.05920824430904937,0.15,240,10.0,0.053225699263251054,0.7,-0.13891082644685548,0.03333333333333333,120,10.0,0.05471407145745888,0.6333333333333333
2713,601366,利群股份,2026-07-14,2026-07-14,518,-0.059319027149787484,0.06666666666666667,240,0.1,0.023465299211209892,0.7833333333333333,-0.04422951164503162,0.08333333333333333,240,10.0,0.037559582510145705,0.6833333333333333
2714,603303,得邦照明,2026-07-14,2026-07-14,518,-0.05938111936603611,0.25,120,0.1,0.07814192807543481,0.7,-0.09229655593107927,0.23333333333333334,120,0.1,0.0976507152576936,0.9
2715,002121,科陆电子,2026-07-14,2026-07-14,518,-0.05938356378215229,0.11666666666666667,180,1.0,0.05077441888329455,0.7166666666666667,-0.08842383228107507,0.11666666666666667,120,0.1,0.06374960673089336,0.7333333333333333
2716,600683,京投发展,2026-07-14,2026-07-14,518,-0.05938581605671059,0.3333333333333333,180,10.0,0.12802406035593625,0.55,-0.08660945720525735,0.3333333333333333,180,10.0,0.21941437516604415,0.5
2717,600089,特变电工,2026-07-14,2026-07-14,518,-0.05967542933260696,0.03333333333333333,240,0.1,0.04717248879222434,0.5,-0.1031410948029263,0.0,240,0.1,0.06880810467048981,0.5166666666666667
2718,002217,合力泰,2026-07-14,2026-07-14,515,-0.05975835305798157,0.21666666666666667,240,10.0,0.09517685839293297,0.7666666666666667,0.1512881010136598,0.7833333333333333,120,1.0,0.13548227566390603,0.8
2719,603939,益丰药房,2026-07-14,2026-07-14,518,-0.05987488782935483,0.21666666666666667,240,10.0,0.04756356480654604,0.48333333333333334,-0.09867376933802913,0.1,240,10.0,0.0537920812154916,0.6166666666666667
2720,603177,德创环保,2026-07-14,2026-07-14,518,-0.06003035602818005,0.15,240,10.0,0.06122326011941705,0.48333333333333334,-0.13469370361831742,0.1,240,0.1,0.08219834364720863,0.6166666666666667
2721,002589,瑞康医药,2026-07-14,2026-07-14,518,-0.060045954511404466,0.03333333333333333,240,1.0,0.04222908194435791,0.5666666666666667,-0.11325637053563253,0.03333333333333333,180,1.0,0.053766751465847126,0.6166666666666667
2722,603897,长城科技,2026-07-14,2026-07-14,513,-0.060312666552883476,0.23333333333333334,180,1.0,0.1054837650636299,0.55,0.24118266728444762,0.85,180,0.1,0.15473153447857085,0.5333333333333333
2723,000610,西安旅游,2026-07-14,2026-07-14,517,-0.06043689535484935,0.13333333333333333,240,0.1,0.05333797972313422,0.75,-0.08602635307841963,0.1,240,10.0,0.06492504628787121,0.7666666666666667
2724,000782,恒申新材,2026-07-14,2026-07-14,518,-0.060438273601288076,0.25,120,10.0,0.056321234325707126,0.65,-0.00928750823716495,0.6166666666666667,240,10.0,0.09812588917585365,0.5333333333333333
2725,000701,厦门信达,2026-07-14,2026-07-14,518,-0.060454394989259974,0.05,120,0.1,0.03873541550773531,0.5833333333333334,-0.06854533100949314,0.05,120,1.0,0.04547025029051019,0.7166666666666667
2726,000856,冀东装备,2026-07-14,2026-07-14,518,-0.06046210710261082,0.03333333333333333,120,10.0,0.04127897213341405,0.7,-0.08089338549363809,0.016666666666666666,120,10.0,0.054982453202564924,0.6166666666666667
2727,600757,长江传媒,2026-07-14,2026-07-14,518,-0.06056123202863619,0.0,120,0.1,0.020329998443806067,0.7,-0.0741006088017431,0.0,120,0.1,0.027469341980562265,0.6
2728,601890,亚星锚链,2026-07-14,2026-07-14,518,-0.06058381110680085,0.05,120,1.0,0.03836163332172637,0.6666666666666666,-0.14895517963937954,0.0,120,0.1,0.04895268867258619,0.7666666666666667
2729,002182,宝武镁业,2026-07-14,2026-07-14,518,-0.06068686022004192,0.2,240,10.0,0.06936132295336211,0.48333333333333334,-0.0030262288720554736,0.4166666666666667,240,0.1,0.07726705161878795,0.45
2730,002357,富临运业,2026-07-14,2026-07-14,513,-0.06079479236514041,0.06666666666666667,120,0.1,0.049249241130881374,0.6333333333333333,-0.0023907233442922913,0.3,120,10.0,0.08071483542049686,0.5833333333333334
2731,601096,宏盛华源,2026-07-14,2026-07-14,518,-0.06085260647794216,0.016666666666666666,120,0.1,0.0361959065690183,0.65,-0.06235853609814836,0.06666666666666667,180,10.0,0.04946472044932892,0.7333333333333333
2732,600000,浦发银行,2026-07-14,2026-07-14,518,-0.060884234699805695,0.0,120,1.0,0.022469230015756726,0.7833333333333333,-0.10773738702936869,0.0,120,1.0,0.025129117109494326,0.7833333333333333
2733,002795,永和智控,2026-07-14,2026-07-14,518,-0.06105294379630536,0.13333333333333333,120,0.1,0.053292699991285455,0.6833333333333333,-0.0303387142873622,0.35,120,0.1,0.07181100848073796,0.8166666666666667
2734,600644,乐山电力,2026-07-14,2026-07-14,518,-0.06107876764946605,0.18333333333333332,240,0.1,0.05646851328934108,0.7166666666666667,-0.09447673509871407,0.08333333333333333,240,10.0,0.08216005909707545,0.6666666666666666
2735,000955,欣龙控股,2026-07-14,2026-07-14,518,-0.06113266544297733,0.11666666666666667,120,10.0,0.051373312089897226,0.55,-0.07658077678828774,0.16666666666666666,120,1.0,0.06627042417138783,0.6833333333333333
2736,001380,华纬科技,2026-07-14,2026-07-14,518,-0.061144146287243496,0.03333333333333333,120,10.0,0.027368936035991213,0.7666666666666667,-0.08234661675724919,0.016666666666666666,120,10.0,0.03324412569835846,0.75
2737,002474,榕基软件,2026-07-14,2026-07-14,518,-0.06114829313956058,0.13333333333333333,180,0.1,0.059278328353755884,0.48333333333333334,-0.12068333491930539,0.13333333333333333,120,0.1,0.07573149642697176,0.6166666666666667
2738,600679,上海凤凰,2026-07-14,2026-07-14,518,-0.061158035516735515,0.05,120,10.0,0.031130149333442426,0.7,-0.10105456514225508,0.0,120,0.1,0.03563351265573895,0.7333333333333333
2739,002811,郑中设计,2026-07-14,2026-07-14,518,-0.06130645705646377,0.1,120,0.1,0.035818441367396835,0.6,-0.04993758730217267,0.13333333333333333,120,1.0,0.04621242864962839,0.7
2740,002866,传艺科技,2026-07-14,2026-07-14,518,-0.061551800204988925,0.11666666666666667,180,1.0,0.06291077533312325,0.7166666666666667,-0.0621533175369504,0.2,120,10.0,0.08667954702406408,0.8166666666666667
2741,002398,垒知集团,2026-07-14,2026-07-14,518,-0.061874955816273065,0.016666666666666666,120,1.0,0.030898216702056867,0.5666666666666667,-0.08885249314489158,0.03333333333333333,120,10.0,0.04204361562822838,0.7666666666666667
2742,002327,富安娜,2026-07-14,2026-07-14,518,-0.06199628056923828,0.05,120,0.1,0.03362777774516169,0.6166666666666667,-0.04064785761460827,0.16666666666666666,120,10.0,0.043665699609827385,0.6
2743,601991,大唐发电,2026-07-14,2026-07-14,518,-0.06216622298349615,0.36666666666666664,120,1.0,0.13854249292007242,0.6833333333333333,-0.36319363359753765,0.15,120,1.0,0.18971417704990465,0.6333333333333333
2744,000690,宝新能源,2026-07-14,2026-07-14,518,-0.062168758816156175,0.15,120,0.1,0.051704209516353336,0.6166666666666667,-0.05865917683049441,0.21666666666666667,120,0.1,0.06596069998182887,0.6166666666666667
2745,603023,威帝股份,2026-07-14,2026-07-14,517,-0.06223076096238746,0.15,180,1.0,0.047304597386861436,0.6666666666666666,-0.031546100090220505,0.3,120,10.0,0.0851151782426579,0.4666666666666667
2746,600028,中国石化,2026-07-14,2026-07-14,518,-0.06234531822680457,0.05,180,0.1,0.023569828989480165,0.7333333333333333,-0.08779996538230678,0.016666666666666666,180,0.1,0.03331051427314207,0.8333333333333334
2747,002431,棕榈股份,2026-07-14,2026-07-14,517,-0.06238959149375648,0.2,120,10.0,0.06790516518265591,0.8,-0.128354215576653,0.03333333333333333,120,10.0,0.09171058289919773,0.8
2748,603665,康隆达,2026-07-14,2026-07-14,518,-0.062404283990116334,0.06666666666666667,120,10.0,0.046845495471316355,0.5333333333333333,-0.09000710356971783,0.06666666666666667,120,10.0,0.06191442110409585,0.5166666666666667
2749,002576,通达动力,2026-07-14,2026-07-14,518,-0.0624086760846437,0.03333333333333333,240,0.1,0.03988594112869442,0.6333333333333333,-0.05444047661568771,0.016666666666666666,240,10.0,0.056804352405197024,0.65
2750,002523,天桥起重,2026-07-14,2026-07-14,518,-0.06265683856614572,0.03333333333333333,120,10.0,0.02907096236879132,0.75,-0.05404103478475043,0.05,120,10.0,0.0522888947036716,0.6166666666666667
2751,603009,北特科技,2026-07-14,2026-07-14,518,-0.06272130072830097,0.3,120,10.0,0.07680784161990654,0.6833333333333333,-0.010898853623162157,0.48333333333333334,240,10.0,0.08512669585547945,0.7666666666666667
2752,600956,新天绿能,2026-07-14,2026-07-14,518,-0.06286147417818916,0.11666666666666667,120,1.0,0.05711861877790296,0.5833333333333334,-0.17743716373907123,0.0,240,0.1,0.06212027642464131,0.75
2753,600800,渤海化学,2026-07-14,2026-07-14,508,-0.06292939873773885,0.06666666666666667,180,1.0,0.06457030366094707,0.5,-0.13645673666167613,0.05,120,0.1,0.09473653272039763,0.6333333333333333
2754,600989,宝丰能源,2026-07-14,2026-07-14,518,-0.06313247797443278,0.11666666666666667,240,10.0,0.04901743047017033,0.7333333333333333,-0.10647029735518695,0.03333333333333333,240,10.0,0.06745112241771582,0.6666666666666666
2755,600257,大湖股份,2026-07-14,2026-07-14,518,-0.06317346381586465,0.0,120,10.0,0.03704224515906277,0.5333333333333333,-0.11842364850714898,0.0,120,1.0,0.060593554845916296,0.6
2756,600376,首开股份,2026-07-14,2026-07-14,518,-0.06333056720505328,0.05,120,10.0,0.06790721496713707,0.5333333333333333,-0.09886281954528808,0.03333333333333333,120,10.0,0.07727486905738044,0.5
2757,000155,川能动力,2026-07-14,2026-07-14,518,-0.06340500379505444,0.03333333333333333,180,10.0,0.05704996732808964,0.5333333333333333,-0.04937867564030686,0.05,240,10.0,0.09248335340674961,0.2833333333333333
2758,002687,乔治白,2026-07-14,2026-07-14,518,-0.06354430920894903,0.15,240,0.1,0.04548507397416392,0.5833333333333334,-0.3688850182172362,0.0,120,1.0,0.0722922989861732,0.6833333333333333
2759,002644,佛慈制药,2026-07-14,2026-07-14,518,-0.06360331555375753,0.016666666666666666,240,0.1,0.029590016746210188,0.6333333333333333,-0.08294169225172061,0.016666666666666666,240,0.1,0.03283044916891523,0.7166666666666667
2760,601966,玲珑轮胎,2026-07-14,2026-07-14,518,-0.06361327098620737,0.03333333333333333,180,1.0,0.028909068924996,0.7,-0.17624335274863795,0.0,180,0.1,0.035871369921446225,0.8
2761,002139,拓邦股份,2026-07-14,2026-07-14,518,-0.0641286453936503,0.06666666666666667,120,10.0,0.03740355589127331,0.65,-0.11452973718951213,0.016666666666666666,120,10.0,0.041166109452878984,0.7333333333333333
2762,600399,抚顺特钢,2026-07-14,2026-07-14,517,-0.06417151571806747,0.11666666666666667,120,1.0,0.03866557135536242,0.7833333333333333,-0.10164432325383652,0.1,120,1.0,0.05080909274677055,0.8
2763,002984,森麒麟,2026-07-14,2026-07-14,518,-0.06420688921093226,0.03333333333333333,240,0.1,0.03331340188324436,0.65,-0.0460039820279117,0.11666666666666667,240,10.0,0.042803697957850065,0.7666666666666667
2764,600359,新农开发,2026-07-14,2026-07-14,518,-0.06450503604163627,0.08333333333333333,120,1.0,0.03417601118991949,0.7833333333333333,-0.1724935271444274,0.016666666666666666,120,0.1,0.04500596750671724,0.7833333333333333
2765,000811,冰轮环境,2026-07-14,2026-07-14,518,-0.06453398407342323,0.5666666666666667,120,10.0,0.12836150063061175,0.6166666666666667,0.06364711801860057,0.8333333333333334,120,10.0,0.24038904847782827,0.6666666666666666
2766,000927,中国铁物,2026-07-14,2026-07-14,518,-0.06478411692436406,0.05,120,1.0,0.03084882702439492,0.6,-0.07276617678732109,0.016666666666666666,120,0.1,0.034828444789659865,0.75
2767,002451,摩恩电气,2026-07-14,2026-07-14,518,-0.06486243910236913,0.016666666666666666,120,10.0,0.05073654360405188,0.7,-0.167961674702255,0.0,120,0.1,0.06708044543056275,0.8333333333333334
2768,600808,马钢股份,2026-07-14,2026-07-14,518,-0.06494234671795387,0.03333333333333333,120,10.0,0.04673286503057493,0.5666666666666667,-0.09095941106180228,0.0,120,10.0,0.0703464416774182,0.65
2769,601969,海南矿业,2026-07-14,2026-07-14,510,-0.0649821748880757,0.1,240,10.0,0.059223310023594836,0.5333333333333333,-0.12584972289378213,0.0,240,10.0,0.07900184771697745,0.48333333333333334
2770,002952,亚世光电,2026-07-14,2026-07-14,518,-0.06502945420784993,0.13333333333333333,120,0.1,0.04921055192888343,0.6,-0.1631264957919959,0.0,120,0.1,0.0708157640907312,0.7166666666666667
2771,603201,常润股份,2026-07-14,2026-07-14,518,-0.06512040485546391,0.15,180,10.0,0.0642908922693817,0.5166666666666667,-0.03733596505831867,0.3,180,0.1,0.07848185381129524,0.6333333333333333
2772,601616,广电电气,2026-07-14,2026-07-14,518,-0.06521228688129743,0.016666666666666666,240,0.1,0.037611476358837166,0.6166666666666667,-0.07882108425284845,0.0,240,1.0,0.05550360373277887,0.5833333333333334
2773,600467,好当家,2026-07-14,2026-07-14,518,-0.06529006224942867,0.03333333333333333,120,10.0,0.029184252802647293,0.6166666666666667,-0.1111244693058297,0.016666666666666666,120,1.0,0.030305284421273376,0.7333333333333333
2774,601696,中银证券,2026-07-14,2026-07-14,518,-0.06567762778191889,0.1,180,1.0,0.045863789651872953,0.65,0.0101703122542749,0.4166666666666667,120,10.0,0.06283674788607345,0.6333333333333333
2775,605566,福莱蒽特,2026-07-14,2026-07-14,518,-0.06575387605493221,0.2833333333333333,120,10.0,0.09225896813742512,0.6,-0.04182240192509287,0.4666666666666667,120,0.1,0.12790584996640414,0.6833333333333333
2776,600938,中国海油,2026-07-14,2026-07-14,518,-0.06592761690193107,0.18333333333333332,120,10.0,0.053005494324325345,0.55,-0.11331794914754262,0.06666666666666667,180,10.0,0.07274191419156097,0.4166666666666667
2777,002208,合肥城建,2026-07-14,2026-07-14,508,-0.06597729466000021,0.4,120,10.0,0.12101321953951324,0.7166666666666667,0.014079460755689069,0.8166666666666667,120,10.0,0.1473397218752997,0.7166666666666667
2778,000766,通化金马,2026-07-14,2026-07-14,518,-0.06608149871856492,0.11666666666666667,240,10.0,0.0662825000553638,0.48333333333333334,-0.036263381484752555,0.3333333333333333,240,10.0,0.10192476553440975,0.48333333333333334
2779,002550,千红制药,2026-07-14,2026-07-14,518,-0.06625149848782406,0.05,120,0.1,0.03579413487294298,0.6,-0.034525250472480284,0.23333333333333334,120,0.1,0.04828440365449271,0.9333333333333333
2780,002903,宇环数控,2026-07-14,2026-07-14,518,-0.06644064295199939,0.21666666666666667,180,10.0,0.11551300456598473,0.45,0.199911505720802,0.7666666666666667,120,10.0,0.16844197434028232,0.6166666666666667
2781,600828,茂业商业,2026-07-14,2026-07-14,518,-0.06668683897376047,0.1,240,1.0,0.055324472165279734,0.43333333333333335,-0.07098947901093376,0.15,240,0.1,0.0634592959759956,0.65
2782,002865,钧达股份,2026-07-14,2026-07-14,518,-0.06682272303577654,0.2,120,10.0,0.10432625414008463,0.6166666666666667,-0.05843824314088494,0.18333333333333332,120,10.0,0.14377790967334655,0.75
2783,002028,思源电气,2026-07-14,2026-07-14,518,-0.06683260575889097,0.08333333333333333,120,10.0,0.05923099333920661,0.5,-0.08663058496870785,0.1,240,1.0,0.07362881010222572,0.5666666666666667
2784,603108,润达医疗,2026-07-14,2026-07-14,518,-0.0670355914112378,0.1,240,0.1,0.04487494246421641,0.7833333333333333,-0.06251672038684597,0.16666666666666666,240,1.0,0.05212734387629283,0.8333333333333334
2785,603138,海量数据,2026-07-14,2026-07-14,518,-0.06709867394653586,0.1,180,0.1,0.05508340781910918,0.6833333333333333,-0.09205098755066596,0.03333333333333333,240,0.1,0.0670752889320644,0.7
2786,002434,万里扬,2026-07-14,2026-07-14,518,-0.0671301648110443,0.08333333333333333,180,1.0,0.04335755351202341,0.6666666666666666,-0.13787079104461855,0.016666666666666666,180,0.1,0.04620260430552722,0.9
2787,000839,国安股份,2026-07-14,2026-07-14,517,-0.06718144357768017,0.15,240,0.1,0.05538314341745072,0.55,-0.113530071999802,0.05,240,0.1,0.06071366925634576,0.75
2788,603922,金鸿顺,2026-07-14,2026-07-14,507,-0.06736716511149785,0.25,240,0.1,0.07910735072731602,0.6666666666666666,-0.1447435014644941,0.0,180,0.1,0.09554361749189452,0.65
2789,000661,长春高新,2026-07-14,2026-07-14,518,-0.06740696277988335,0.016666666666666666,120,1.0,0.03630313538363994,0.65,0.016472825613295952,0.5833333333333334,120,0.1,0.048390174079784014,0.8333333333333334
2790,000564,供销大集,2026-07-14,2026-07-14,517,-0.06742600556184426,0.1,240,0.1,0.03932319919154202,0.7166666666666667,-0.09212320735376592,0.03333333333333333,240,0.1,0.03961207275608361,0.8333333333333334
2791,600968,海油发展,2026-07-14,2026-07-14,518,-0.06744713687758983,0.016666666666666666,180,0.1,0.029432602002294708,0.65,-0.10402697694349362,0.016666666666666666,180,10.0,0.04070667598699303,0.6333333333333333
2792,000928,中钢国际,2026-07-14,2026-07-14,518,-0.06749275916862617,0.03333333333333333,120,0.1,0.030171313112268564,0.7166666666666667,-0.12079044061422142,0.0,120,0.1,0.03515186846111554,0.8166666666666667
2793,002753,永东股份,2026-07-14,2026-07-14,518,-0.06801786645014252,0.03333333333333333,120,0.1,0.030651182155230806,0.6,-0.09869708817982552,0.03333333333333333,120,0.1,0.03395239018769571,0.7
2794,600598,北大荒,2026-07-14,2026-07-14,518,-0.06826877980775102,0.15,120,1.0,0.05078255664198183,0.55,-0.27798435038509073,0.0,120,0.1,0.06405528261587412,0.6
2795,600331,宏达股份,2026-07-14,2026-07-14,517,-0.06828969767695113,0.06666666666666667,180,0.1,0.06209006857886915,0.5833333333333334,-0.08536758239017438,0.11666666666666667,240,0.1,0.10060202539194864,0.65
2796,002599,盛通股份,2026-07-14,2026-07-14,518,-0.06854386620719503,0.03333333333333333,180,10.0,0.033296283347056074,0.7333333333333333,-0.10239705327775159,0.0,120,10.0,0.03938602546256786,0.7833333333333333
2797,600875,东方电气,2026-07-14,2026-07-14,518,-0.06872911753641296,0.11666666666666667,120,1.0,0.058449469666791876,0.65,-0.03570282213895361,0.15,120,10.0,0.08311428936610309,0.5333333333333333
2798,600517,国网英大,2026-07-14,2026-07-14,518,-0.06873579659937251,0.13333333333333333,120,0.1,0.03679018128193899,0.75,-0.08938605561780835,0.08333333333333333,120,1.0,0.04677066135495837,0.75
2799,600628,新世界,2026-07-14,2026-07-14,518,-0.06877435481943873,0.016666666666666666,240,0.1,0.025336938496889158,0.5,-0.09553627606456148,0.016666666666666666,240,0.1,0.035501911759190256,0.7166666666666667
2800,002346,柘中股份,2026-07-14,2026-07-14,518,-0.06879302711487952,0.36666666666666664,120,0.1,0.08630825992039812,0.5833333333333334,0.001818599178847254,0.4666666666666667,120,10.0,0.10015302882401239,0.6833333333333333
2801,001387,雪祺电气,2026-07-14,2026-07-14,518,-0.06885220170113295,0.06666666666666667,120,0.1,0.03838779529447662,0.6666666666666666,-0.08484080360210547,0.06666666666666667,120,0.1,0.04889295355363752,0.7
2802,600582,天地科技,2026-07-14,2026-07-14,518,-0.06903147506946551,0.03333333333333333,120,0.1,0.02932281928081488,0.48333333333333334,-0.2587955213472981,0.0,120,0.1,0.031312045384597156,0.6
2803,002086,东方海洋,2026-07-14,2026-07-14,517,-0.06911861373838023,0.016666666666666666,120,1.0,0.02816207628985919,0.8,-0.08964000169724634,0.0,120,1.0,0.02498644957864082,0.8
2804,002400,省广集团,2026-07-14,2026-07-14,518,-0.0698160425420716,0.05,240,0.1,0.04712480562908671,0.7333333333333333,-0.19301516758085768,0.0,120,0.1,0.0713724983101658,0.7666666666666667
2805,601566,九牧王,2026-07-14,2026-07-14,518,-0.06986030025776824,0.1,240,0.1,0.05669757375608095,0.7,-0.05301567485732408,0.08333333333333333,120,10.0,0.08638731699190087,0.75
2806,002104,恒宝股份,2026-07-14,2026-07-14,518,-0.07008863656160028,0.016666666666666666,120,10.0,0.042372152227482564,0.6666666666666666,-0.117013933056285,0.016666666666666666,120,10.0,0.053729759090700976,0.85
2807,002052,同洲电子,2026-07-14,2026-07-14,517,-0.07014121991656731,0.1,120,10.0,0.04872325777578879,0.7666666666666667,-0.09619539483477402,0.13333333333333333,120,10.0,0.05327873849840931,0.8666666666666667
2808,603515,欧普照明,2026-07-14,2026-07-14,518,-0.07017220807667884,0.016666666666666666,180,0.1,0.029673860092576096,0.7,-0.07356754295377169,0.03333333333333333,240,0.1,0.03360786201806108,0.8166666666666667
2809,001226,拓山重工,2026-07-14,2026-07-14,518,-0.07024003021014585,0.05,120,0.1,0.03908312366743979,0.6,-0.04804568940391019,0.15,120,0.1,0.04318179594723248,0.75
2810,000786,北新建材,2026-07-14,2026-07-14,518,-0.07025416948201883,0.016666666666666666,240,1.0,0.033533379545423285,0.6833333333333333,-0.09395069450114421,0.016666666666666666,120,10.0,0.05303185951872947,0.8
2811,600722,金牛化工,2026-07-14,2026-07-14,518,-0.07025712281640312,0.03333333333333333,240,10.0,0.05902950779261313,0.6666666666666666,-0.059481906910810095,0.016666666666666666,240,10.0,0.09348966886916123,0.55
2812,603297,永新光学,2026-07-14,2026-07-14,518,-0.07055473877944231,0.15,120,10.0,0.0609200427366216,0.75,0.037744010391927554,0.65,120,1.0,0.08684915140229746,0.8
2813,600053,九鼎投资,2026-07-14,2026-07-14,517,-0.07071305568683696,0.2,120,1.0,0.06873158324717248,0.6333333333333333,-0.09930642278040822,0.13333333333333333,120,10.0,0.09985783978994811,0.7
2814,600088,中视传媒,2026-07-14,2026-07-14,518,-0.07079349188787236,0.16666666666666666,180,0.1,0.04436412988850161,0.7166666666666667,-0.03854459619106665,0.23333333333333334,180,1.0,0.03813294405365507,0.8666666666666667
2815,000893,亚钾国际,2026-07-14,2026-07-14,518,-0.07107625756702383,0.1,180,0.1,0.051856700306084386,0.55,-0.11523680692331549,0.03333333333333333,240,0.1,0.06337838683961367,0.6833333333333333
2816,603458,勘设股份,2026-07-14,2026-07-14,518,-0.07111657623665248,0.2,120,10.0,0.08540681785936037,0.55,0.06186448249685668,0.7666666666666667,240,10.0,0.12208770151260762,0.6
2817,002497,雅化集团,2026-07-14,2026-07-14,518,-0.0711637785996972,0.08333333333333333,180,0.1,0.0732796303765328,0.5833333333333334,-0.19998694804498796,0.0,180,10.0,0.10432740614923337,0.5666666666666667
2818,603920,世运电路,2026-07-14,2026-07-14,518,-0.07118223997153707,0.13333333333333333,180,10.0,0.0716591455418128,0.7,-0.15738270980034086,0.016666666666666666,120,1.0,0.07392837047151365,0.7666666666666667
2819,002075,沙钢股份,2026-07-14,2026-07-14,518,-0.07121272557035893,0.06666666666666667,120,1.0,0.036460921282501196,0.8,-0.09319416433806793,0.03333333333333333,120,0.1,0.03742284465679809,0.8333333333333334
2820,003017,大洋生物,2026-07-14,2026-07-14,518,-0.07139297544041534,0.03333333333333333,120,0.1,0.039687767832085295,0.6333333333333333,-0.050229217908077814,0.1,120,0.1,0.06042103988611779,0.65
2821,603031,安孚科技,2026-07-14,2026-07-14,518,-0.07180000896361968,0.1,120,1.0,0.07221939349186858,0.7833333333333333,-0.08016640399021592,0.15,240,1.0,0.10633850436696377,0.65
2822,000601,韶能股份,2026-07-14,2026-07-14,518,-0.07183065163737228,0.23333333333333334,180,0.1,0.0922569963310436,0.5666666666666667,-0.13076094450808015,0.08333333333333333,180,1.0,0.0810134036523833,0.7
2823,600299,安迪苏,2026-07-14,2026-07-14,518,-0.07183624478495824,0.05,240,10.0,0.05337032237587431,0.7166666666666667,-0.11319052150583071,0.016666666666666666,240,10.0,0.07484758157132514,0.8166666666666667
2824,002414,高德红外,2026-07-14,2026-07-14,518,-0.07202526625767401,0.13333333333333333,240,0.1,0.05716688646363207,0.4666666666666667,-0.13879834995273602,0.03333333333333333,240,10.0,0.0756138725074326,0.48333333333333334
2825,000537,绿发电力,2026-07-14,2026-07-14,518,-0.07236535929070669,0.11666666666666667,240,0.1,0.04913242556775958,0.7833333333333333,-0.15736489787718952,0.0,240,0.1,0.0568128310662074,0.8333333333333334
2826,002355,兴民智通,2026-07-14,2026-07-14,518,-0.07265033430631335,0.08333333333333333,180,1.0,0.04963944096758725,0.7,-0.1625719489724932,0.0,180,0.1,0.08608459539156472,0.6
2827,002985,北摩高科,2026-07-14,2026-07-14,518,-0.07289767512324934,0.08333333333333333,180,0.1,0.055857202749476045,0.55,-0.12887710202950522,0.0,180,0.1,0.07366867617952184,0.5666666666666667
2828,600114,东睦股份,2026-07-14,2026-07-14,508,-0.07319128866668274,0.16666666666666666,120,0.1,0.05971179338641876,0.6666666666666666,0.013322388469666931,0.7333333333333333,240,10.0,0.07581931843672436,0.8666666666666667
2829,600869,远东股份,2026-07-14,2026-07-14,518,-0.0738629113651865,0.3333333333333333,120,0.1,0.11809900407323294,0.6333333333333333,0.26013681204712197,0.8666666666666667,120,1.0,0.1587009665049823,0.8166666666666667
2830,601827,三峰环境,2026-07-14,2026-07-14,518,-0.07430521436441227,0.016666666666666666,120,10.0,0.02563879569728861,0.6666666666666666,-0.07508342511932319,0.0,240,10.0,0.03421287720080957,0.7
2831,002116,中国海诚,2026-07-14,2026-07-14,518,-0.07432505565209119,0.0,120,0.1,0.04437541286298743,0.5666666666666667,-0.14754960922376212,0.0,120,0.1,0.06502700813602774,0.6166666666666667
2832,002481,双塔食品,2026-07-14,2026-07-14,518,-0.07459750911077256,0.0,120,10.0,0.025638941475435155,0.7,-0.09228736259999844,0.016666666666666666,120,0.1,0.028800657451867686,0.7666666666666667
2833,600268,国电南自,2026-07-14,2026-07-14,518,-0.0746099821943705,0.06666666666666667,120,10.0,0.062122617450800346,0.45,-0.08643138540022481,0.06666666666666667,120,10.0,0.09232284458983625,0.38333333333333336
2834,002905,金逸影视,2026-07-14,2026-07-14,518,-0.07467479394571559,0.1,180,0.1,0.047636391053730784,0.5833333333333334,-0.1281676465970707,0.03333333333333333,180,0.1,0.06574702606407201,0.6333333333333333
2835,603949,雪龙集团,2026-07-14,2026-07-14,518,-0.07485759416611425,0.11666666666666667,120,10.0,0.05523300964416904,0.4166666666666667,-0.07414276688969662,0.25,180,1.0,0.07883523744228368,0.48333333333333334
2836,000815,美利云,2026-07-14,2026-07-14,518,-0.07487513759492073,0.1,240,0.1,0.08794531961765337,0.48333333333333334,-0.00015021218056314456,0.3,120,0.1,0.1022732008861862,0.6166666666666667
2837,002666,德联集团,2026-07-14,2026-07-14,518,-0.07494716058435642,0.0,120,1.0,0.03555141611987201,0.6833333333333333,-0.0942410398029696,0.0,120,10.0,0.04986595483178224,0.65
2838,002623,亚玛顿,2026-07-14,2026-07-14,518,-0.07497055244191606,0.08333333333333333,180,1.0,0.05414360032680839,0.6833333333333333,-0.03911524913215518,0.23333333333333334,240,10.0,0.07278489459788945,0.65
2839,600981,苏豪汇鸿,2026-07-14,2026-07-14,518,-0.07519511643859182,0.03333333333333333,120,0.1,0.03911277234358688,0.65,-0.07026577944443307,0.05,120,0.1,0.0420035131877323,0.7166666666666667
2840,002645,华宏科技,2026-07-14,2026-07-14,518,-0.07522058105388815,0.2,180,1.0,0.09903480962267278,0.6333333333333333,-0.09195587998547573,0.26666666666666666,240,10.0,0.1258914649459244,0.85
2841,002562,兄弟科技,2026-07-14,2026-07-14,518,-0.075413442337401,0.0,240,0.1,0.033510001580591774,0.6166666666666667,-0.11772846001992902,0.0,240,1.0,0.05391211581530506,0.6
2842,002531,天顺风能,2026-07-14,2026-07-14,518,-0.07552775512113283,0.1,120,1.0,0.047417601347019084,0.6833333333333333,-0.023481594523617193,0.36666666666666664,180,0.1,0.06334963431571303,0.7
2843,603881,数据港,2026-07-14,2026-07-14,518,-0.07567216179643686,0.13333333333333333,240,10.0,0.0753458593300825,0.5,-0.29621015892420505,0.0,240,0.1,0.10420382153839157,0.6333333333333333
2844,000710,贝瑞基因,2026-07-14,2026-07-14,518,-0.075714116096659,0.05,120,10.0,0.04282124441668716,0.7166666666666667,-0.0984218014193087,0.03333333333333333,120,10.0,0.05106581829293945,0.7666666666666667
2845,002929,润建股份,2026-07-14,2026-07-14,518,-0.07578691021701289,0.21666666666666667,120,1.0,0.12058080004702611,0.5666666666666667,0.09670571574202126,0.6666666666666666,120,0.1,0.1781952145683358,0.5833333333333334
2846,600714,金瑞矿业,2026-07-14,2026-07-14,518,-0.07629312382269363,0.2,180,1.0,0.06730599370668484,0.8833333333333333,0.06372831951956116,0.7,120,0.1,0.11066801774468198,0.8333333333333334
2847,002542,中化岩土,2026-07-14,2026-07-14,517,-0.07642698444089835,0.23333333333333334,180,10.0,0.07582059283044398,0.75,-0.18264027209174166,0.1,180,0.1,0.11959750245645782,0.8666666666666667
2848,601330,绿色动力,2026-07-14,2026-07-14,518,-0.07714362798514977,0.11666666666666667,120,0.1,0.049441955612772204,0.7166666666666667,-0.12530731130608277,0.03333333333333333,240,0.1,0.06545666543557795,0.7166666666666667
2849,002038,双鹭药业,2026-07-14,2026-07-14,518,-0.0771666988267347,0.06666666666666667,120,10.0,0.050277811181779215,0.8333333333333334,-0.14047131890866782,0.03333333333333333,180,10.0,0.05500068721878292,0.85
2850,002060,广东建工,2026-07-14,2026-07-14,518,-0.07756562577444281,0.0,120,1.0,0.025214230764067317,0.6833333333333333,-0.08006207353967265,0.0,120,1.0,0.03276851507438669,0.6833333333333333
2851,002340,格林美,2026-07-14,2026-07-14,518,-0.07780606976240345,0.0,120,0.1,0.042118898649765625,0.7666666666666667,-0.030656561757629056,0.05,120,10.0,0.06765630868419725,0.7833333333333333
2852,600187,国中水务,2026-07-14,2026-07-14,517,-0.0779321921857698,0.23333333333333334,120,10.0,0.07358738960194418,0.8,-0.060635389673657274,0.35,120,10.0,0.08608566151570586,0.8166666666666667
2853,600963,岳阳林纸,2026-07-14,2026-07-14,518,-0.07796937414168428,0.1,120,1.0,0.04231817812898321,0.75,-0.15920802026681868,0.05,120,0.1,0.06904966868541414,0.7
2854,603867,新化股份,2026-07-14,2026-07-14,518,-0.07798790229943779,0.06666666666666667,120,10.0,0.05641507108184761,0.6166666666666667,0.1002043129396281,0.9333333333333333,120,1.0,0.06296544378899453,0.7333333333333333
2855,003021,兆威机电,2026-07-14,2026-07-14,518,-0.07820678629424886,0.11666666666666667,120,0.1,0.055168029843544214,0.6666666666666666,-0.09141860087560735,0.11666666666666667,120,10.0,0.05722002074547486,0.6833333333333333
2856,000590,古汉医药,2026-07-14,2026-07-14,518,-0.07892497805059828,0.0,240,0.1,0.024263256471323394,0.7166666666666667,-0.20864001833086834,0.0,120,0.1,0.033523262690386295,0.8
2857,000539,粤电力Ａ,2026-07-14,2026-07-14,518,-0.07906162073514968,0.2,180,0.1,0.107717799865066,0.6666666666666666,-0.16460344048157372,0.11666666666666667,180,0.1,0.14069929522378122,0.6333333333333333
2858,600183,生益科技,2026-07-14,2026-07-14,518,-0.07998520908832202,0.36666666666666664,180,1.0,0.10162402907669445,0.8166666666666667,-0.13875774434699645,0.4,240,10.0,0.17002850175945833,0.8666666666666667
2859,000801,四川九洲,2026-07-14,2026-07-14,518,-0.0800235915140008,0.13333333333333333,240,10.0,0.049546905413224804,0.7666666666666667,-0.11957146502772129,0.03333333333333333,240,10.0,0.05414471784167226,0.65
2860,002756,永兴材料,2026-07-14,2026-07-14,518,-0.08024690116412804,0.13333333333333333,180,10.0,0.09446564405624591,0.3,-0.06480962659597377,0.06666666666666667,120,10.0,0.09922810973084271,0.7
2861,603818,曲美家居,2026-07-14,2026-07-14,518,-0.08034803233177627,0.08333333333333333,120,10.0,0.03932909600255889,0.75,-0.18617146264560774,0.016666666666666666,120,10.0,0.05700245114565551,0.8166666666666667
2862,001258,立新能源,2026-07-14,2026-07-14,518,-0.08040356762404925,0.15,240,0.1,0.06443007531361504,0.55,-0.3055267993701811,0.0,120,0.1,0.07261817788303424,0.7166666666666667
2863,601778,晶科科技,2026-07-14,2026-07-14,518,-0.08055382562600713,0.11666666666666667,180,10.0,0.07331443947279812,0.6166666666666667,-0.2064652059051855,0.11666666666666667,180,0.1,0.13303979598871096,0.6166666666666667
2864,600710,苏美达,2026-07-14,2026-07-14,518,-0.08063610477870532,0.06666666666666667,120,0.1,0.036866287074853996,0.6333333333333333,-0.11312427211346564,0.03333333333333333,120,1.0,0.05150486168666525,0.65
2865,603988,中电电机,2026-07-14,2026-07-14,516,-0.08099146728330686,0.1,120,0.1,0.05421755786826011,0.7166666666666667,-0.08705881844412153,0.06666666666666667,120,1.0,0.0764214521503725,0.7166666666666667
2866,600725,云维股份,2026-07-14,2026-07-14,508,-0.08163889169997264,0.08333333333333333,120,10.0,0.04491836028337458,0.55,-0.144608763905591,0.03333333333333333,180,0.1,0.05239056664136706,0.7
2867,605118,力鼎光电,2026-07-14,2026-07-14,518,-0.0820535131508898,0.05,180,10.0,0.05317339105817632,0.65,-0.14607217359289779,0.03333333333333333,180,10.0,0.08387990815115617,0.6833333333333333
2868,000949,新乡化纤,2026-07-14,2026-07-14,518,-0.08236695589146106,0.03333333333333333,240,0.1,0.05463727758768156,0.55,-0.06267044320891026,0.1,240,1.0,0.08734498774766837,0.45
2869,002466,天齐锂业,2026-07-14,2026-07-14,518,-0.08259160344980013,0.16666666666666666,120,10.0,0.06389371773260721,0.7833333333333333,-0.15257094399938412,0.16666666666666666,120,1.0,0.09360328027273394,0.7333333333333333
2870,002827,高争民爆,2026-07-14,2026-07-14,518,-0.08263219284544378,0.03333333333333333,120,1.0,0.03646678930023128,0.7666666666666667,-0.0885211635906918,0.03333333333333333,180,0.1,0.048835360409240865,0.7833333333333333
2871,603257,中国瑞林,2026-07-14,2026-07-14,308,-0.08272229141169299,0.21666666666666667,120,10.0,0.06320981570406987,0.48333333333333334,0.02097471254115685,0.85,120,10.0,0.07413246944169233,0.65
2872,603607,京华激光,2026-07-14,2026-07-14,518,-0.08325002534926632,0.08333333333333333,120,10.0,0.04923019115518622,0.6333333333333333,-0.08263669527531274,0.16666666666666666,120,0.1,0.06577978890507334,0.6166666666666667
2873,002613,北玻股份,2026-07-14,2026-07-14,518,-0.08328928442412278,0.16666666666666666,240,1.0,0.07316840402399293,0.6333333333333333,0.01012076997495959,0.5333333333333333,120,0.1,0.08263432442367222,0.75
2874,601127,赛力斯,2026-07-14,2026-07-14,518,-0.08369195321776214,0.0,240,10.0,0.03295911286440394,0.7666666666666667,-0.07237671695116421,0.0,120,1.0,0.04068669588556669,0.85
2875,603359,东珠生态,2026-07-14,2026-07-14,507,-0.08391501780025176,0.11666666666666667,180,0.1,0.08414944407365746,0.7,-0.1873372035895256,0.06666666666666667,180,0.1,0.11521578922121792,0.85
2876,002307,北新路桥,2026-07-14,2026-07-14,518,-0.08408423140587294,0.016666666666666666,120,0.1,0.042924435138301804,0.5833333333333334,-0.15720982706758538,0.0,120,0.1,0.06532393104376318,0.7166666666666667
2877,605268,王力安防,2026-07-14,2026-07-14,518,-0.08420389624964439,0.11666666666666667,240,0.1,0.05846230856114642,0.5333333333333333,-0.07572876704669797,0.11666666666666667,120,1.0,0.06689031856872255,0.6666666666666666
2878,603169,兰石重装,2026-07-14,2026-07-14,518,-0.0852910128915273,0.08333333333333333,180,0.1,0.052745294504954084,0.65,-0.1454088799379832,0.03333333333333333,180,0.1,0.06230644478649875,0.6833333333333333
2879,601633,长城汽车,2026-07-14,2026-07-14,518,-0.08551420273059013,0.0,120,0.1,0.027434478962984985,0.75,-0.13548745532990977,0.0,120,1.0,0.03914484549222123,0.8166666666666667
2880,002166,莱茵生物,2026-07-14,2026-07-14,508,-0.08613220536110672,0.03333333333333333,120,0.1,0.03849596310364029,0.5833333333333334,-0.19598277695263158,0.0,120,0.1,0.05459109315988268,0.6833333333333333
2881,600939,重庆建工,2026-07-14,2026-07-14,518,-0.08623452190454835,0.03333333333333333,120,1.0,0.031222368656242526,0.8166666666666667,-0.10854999969237232,0.0,120,0.1,0.04026862520750323,0.65
2882,603067,振华股份,2026-07-14,2026-07-14,518,-0.08628445702649495,0.23333333333333334,120,10.0,0.08646747792670868,0.6333333333333333,0.08837710966136439,0.7166666666666667,120,0.1,0.10056087673930551,0.6833333333333333
2883,002452,长高电新,2026-07-14,2026-07-14,518,-0.0865256080123057,0.08333333333333333,120,10.0,0.04363126717784601,0.65,-0.11630835353454702,0.08333333333333333,120,10.0,0.05595335591678763,0.7
2884,603718,海利生物,2026-07-14,2026-07-14,517,-0.08669182414579774,0.06666666666666667,180,10.0,0.05029346773676939,0.7833333333333333,-0.14926163407229187,0.0,180,10.0,0.049719240421783197,0.8333333333333334
2885,000151,中成股份,2026-07-14,2026-07-14,510,-0.08678062408519836,0.1,120,10.0,0.05810327246073492,0.75,-0.11449492221987274,0.15,180,0.1,0.07245643990173117,0.7166666666666667
2886,603499,翔港科技,2026-07-14,2026-07-14,518,-0.08678639430944265,0.08333333333333333,240,0.1,0.06541453819611434,0.6333333333333333,-0.1612060691865192,0.0,240,0.1,0.08495583083316173,0.6666666666666666
2887,600113,浙江东日,2026-07-14,2026-07-14,518,-0.08692943868493094,0.18333333333333332,120,10.0,0.06524091882063839,0.7,0.004375282165910224,0.5333333333333333,180,10.0,0.07490913529615113,0.7333333333333333
2888,600152,维科技术,2026-07-14,2026-07-14,518,-0.08696064029136752,0.15,180,10.0,0.1066592063944844,0.45,-0.22635394844743578,0.06666666666666667,180,0.1,0.16023047625276762,0.55
2889,603936,博敏电子,2026-07-14,2026-07-14,518,-0.08753162354883431,0.31666666666666665,180,10.0,0.12008054821585286,0.6,0.1399144059088919,0.8166666666666667,120,0.1,0.16352803313162223,0.7333333333333333
2890,001395,亚联机械,2026-07-14,2026-07-14,352,-0.08755520310753687,0.06666666666666667,120,0.1,0.060804855038169896,0.6166666666666667,0.031642479853341836,0.6333333333333333,120,10.0,0.10270498563004547,0.6833333333333333
2891,600668,尖峰集团,2026-07-14,2026-07-14,518,-0.0877877846515894,0.016666666666666666,180,10.0,0.04963655917852951,0.6,-0.1854618096946618,0.0,120,0.1,0.06954949749095543,0.6666666666666666
2892,600252,中恒集团,2026-07-14,2026-07-14,518,-0.0878129261822902,0.05,240,10.0,0.04723088713641403,0.43333333333333335,-0.32026124875313894,0.0,240,0.1,0.05420976868595814,0.65
2893,002532,天山铝业,2026-07-14,2026-07-14,518,-0.08803504323448672,0.016666666666666666,240,0.1,0.05821452514058822,0.48333333333333334,-0.14887014115631564,0.03333333333333333,240,0.1,0.10518715174311279,0.5
2894,603367,辰欣药业,2026-07-14,2026-07-14,518,-0.08858852322239012,0.016666666666666666,120,10.0,0.03334145581989952,0.5,-0.0062934365619978574,0.43333333333333335,120,0.1,0.039518393952241104,0.7833333333333333
2895,600590,泰豪科技,2026-07-14,2026-07-14,508,-0.08871843603220642,0.06666666666666667,240,0.1,0.07131008797519958,0.6333333333333333,-0.14630715482300405,0.05,180,0.1,0.10418078662415356,0.5833333333333334
2896,002487,大金重工,2026-07-14,2026-07-14,518,-0.08873812759826553,0.03333333333333333,120,0.1,0.07375420110731341,0.5333333333333333,-0.1553948976852235,0.016666666666666666,120,0.1,0.12318160697678264,0.5666666666666667
2897,002774,快意电梯,2026-07-14,2026-07-14,518,-0.08904552062161028,0.13333333333333333,240,0.1,0.05123336379907288,0.8166666666666667,-0.12069373068109185,0.16666666666666666,240,0.1,0.07143881923205829,0.8333333333333334
2898,600737,中粮糖业,2026-07-14,2026-07-14,518,-0.08990189965710016,0.11666666666666667,120,10.0,0.0625685866877373,0.6833333333333333,-0.15827748523598673,0.016666666666666666,120,0.1,0.06674237589618692,0.6333333333333333
2899,000524,岭南控股,2026-07-14,2026-07-14,508,-0.09086096473375457,0.016666666666666666,240,10.0,0.03257213226877627,0.6333333333333333,-0.10120637769925053,0.05,180,1.0,0.0456653643732755,0.8
2900,002298,中电鑫龙,2026-07-14,2026-07-14,518,-0.09201002681504163,0.05,240,0.1,0.0663582250238048,0.48333333333333334,-0.14776517172907008,0.0,180,1.0,0.07860002445511592,0.6166666666666667
2901,002510,天汽模,2026-07-14,2026-07-14,512,-0.09223367871901131,0.03333333333333333,180,0.1,0.03725379578424686,0.7833333333333333,-0.23098838153027737,0.0,120,0.1,0.04124161309466563,0.8833333333333333
2902,603516,淳中科技,2026-07-14,2026-07-14,518,-0.09296463800402913,0.11666666666666667,180,1.0,0.07185999299172127,0.6333333333333333,-0.03973797817557731,0.45,120,10.0,0.09297585705534807,0.7666666666666667
2903,002148,北纬科技,2026-07-14,2026-07-14,518,-0.09347365710753024,0.06666666666666667,120,1.0,0.04550441124609288,0.6833333333333333,-0.1796084228761632,0.016666666666666666,120,1.0,0.055699338176065566,0.65
2904,002458,益生股份,2026-07-14,2026-07-14,518,-0.09356700012688102,0.03333333333333333,120,10.0,0.06280421385647345,0.65,-0.05693566555052389,0.06666666666666667,120,0.1,0.08997717433489262,0.7166666666666667
2905,600350,山东高速,2026-07-14,2026-07-14,518,-0.09373424531302206,0.06666666666666667,120,0.1,0.04212237709004123,0.6,-0.09250834111397076,0.16666666666666666,120,0.1,0.05355531622238133,0.65
2906,600131,国网信通,2026-07-14,2026-07-14,518,-0.0942928281719724,0.0,120,0.1,0.03777285353624898,0.6166666666666667,-0.11377613739987213,0.016666666666666666,120,0.1,0.048154905346801294,0.6333333333333333
2907,000678,襄阳轴承,2026-07-14,2026-07-14,518,-0.0944090394915271,0.06666666666666667,120,10.0,0.06108434986920549,0.7,-0.14940469165572254,0.0,120,10.0,0.07971931015940988,0.7
2908,000034,神州数码,2026-07-14,2026-07-14,518,-0.09502760402674731,0.11666666666666667,120,10.0,0.06789741044268287,0.6833333333333333,-0.15363312809525337,0.05,120,1.0,0.07372406789529146,0.8666666666666667
2909,603698,航天工程,2026-07-14,2026-07-14,518,-0.09521603245820619,0.13333333333333333,120,10.0,0.11129337554520606,0.5,0.02560221008733208,0.35,180,10.0,0.17985689575809383,0.5333333333333333
2910,002603,以岭药业,2026-07-14,2026-07-14,518,-0.09545819615365343,0.016666666666666666,120,10.0,0.03088540813225436,0.5,-0.10396115794779526,0.016666666666666666,120,0.1,0.035870236393622724,0.6
2911,600458,时代新材,2026-07-14,2026-07-14,518,-0.09547254034963187,0.15,240,10.0,0.06675906301245366,0.43333333333333335,-0.0820376584581278,0.26666666666666666,240,10.0,0.0783219916536957,0.6333333333333333
2912,605499,东鹏饮料,2026-07-14,2026-07-14,518,-0.09548641133444336,0.08333333333333333,180,10.0,0.057121537113765095,0.65,-0.12785197277148436,0.03333333333333333,180,10.0,0.08051406582503172,0.7333333333333333
2913,001229,魅视科技,2026-07-14,2026-07-14,518,-0.09571655229392192,0.15,120,10.0,0.08391164673577527,0.7833333333333333,-0.27808751820755356,0.05,120,10.0,0.10793088895575083,0.8166666666666667
2914,605336,帅丰电器,2026-07-14,2026-07-14,517,-0.09703708151412407,0.06666666666666667,180,1.0,0.06987018283427314,0.6666666666666666,-0.10554881473260791,0.2,120,1.0,0.10375369433896323,0.6333333333333333
2915,002498,汉缆股份,2026-07-14,2026-07-14,518,-0.09751004041672551,0.08333333333333333,120,1.0,0.07829649795381798,0.6333333333333333,-0.039653495809901,0.1,120,10.0,0.12354107947822485,0.5166666666666667
2916,600573,惠泉啤酒,2026-07-14,2026-07-14,518,-0.09768763693194232,0.0,240,1.0,0.06644578704114715,0.6,-0.26420213579189505,0.0,120,0.1,0.07325213097342814,0.7333333333333333
2917,001259,利仁科技,2026-07-14,2026-07-14,518,-0.09780793668568978,0.2833333333333333,120,1.0,0.10112649508410804,0.75,-0.23133011809161483,0.3333333333333333,120,1.0,0.19338389886772253,0.8
2918,600691,潞化科技,2026-07-14,2026-07-14,518,-0.0983112873251727,0.016666666666666666,180,0.1,0.040947192951727406,0.6333333333333333,-0.15440019275112254,0.0,180,0.1,0.051863574423188355,0.7
2919,002697,红旗连锁,2026-07-14,2026-07-14,518,-0.09959359931066565,0.016666666666666666,120,0.1,0.03442378094635289,0.55,-0.1468303622762653,0.0,120,0.1,0.029798216238715036,0.7833333333333333
2920,000042,中洲控股,2026-07-14,2026-07-14,518,-0.10025928609420195,0.06666666666666667,240,10.0,0.04440289431211287,0.7166666666666667,-0.29895528474957234,0.0,120,0.1,0.057094603201961226,0.7166666666666667
2921,603308,应流股份,2026-07-14,2026-07-14,518,-0.10044666694389964,0.1,120,1.0,0.07518457451028927,0.5166666666666667,-0.15293820906350472,0.016666666666666666,180,0.1,0.09566214545937941,0.5833333333333334
2922,000818,航锦科技,2026-07-14,2026-07-14,518,-0.10154213876090784,0.16666666666666666,240,10.0,0.06683343746889973,0.6833333333333333,-0.16298655541247872,0.2,240,10.0,0.09437738609976871,0.75
2923,601717,中创智领,2026-07-14,2026-07-14,518,-0.10203505450995777,0.016666666666666666,240,0.1,0.04442165149962296,0.6166666666666667,-0.09381630121026438,0.0,120,10.0,0.05343747575989481,0.8
2924,000967,盈峰环境,2026-07-14,2026-07-14,518,-0.10205455847530474,0.1,240,1.0,0.10353944312241382,0.5166666666666667,-0.14722039585841146,0.16666666666666666,240,10.0,0.15336489093352335,0.6333333333333333
2925,603956,威派格,2026-07-14,2026-07-14,518,-0.10240177898044055,0.13333333333333333,180,10.0,0.054269549503384855,0.75,-0.10077912294967274,0.13333333333333333,180,1.0,0.06661644383904174,0.7666666666666667
2926,600791,京能置业,2026-07-14,2026-07-14,518,-0.10476675926656107,0.1,120,10.0,0.09517131769967219,0.65,-0.28302996202177283,0.0,120,10.0,0.11493808661977058,0.75
2927,002090,金智科技,2026-07-14,2026-07-14,516,-0.10500447741111771,0.016666666666666666,120,1.0,0.03897127796522714,0.6,-0.1265590154672357,0.0,120,10.0,0.052549257179218795,0.65
2928,002980,华盛昌,2026-07-14,2026-07-14,518,-0.10529622522738705,0.13333333333333333,240,10.0,0.10855178778722092,0.7333333333333333,-0.19176171747116766,0.1,240,10.0,0.1942179032645269,0.8
2929,002973,侨银股份,2026-07-14,2026-07-14,518,-0.10534141383257892,0.0,240,0.1,0.043136998258570126,0.65,-0.18297778000618167,0.0,240,1.0,0.04781581330600703,0.8333333333333334
2930,000677,恒天海龙,2026-07-14,2026-07-14,517,-0.1068116005386821,0.1,120,0.1,0.0668106914428839,0.75,-0.13696723606459077,0.08333333333333333,180,0.1,0.1070900286092152,0.8666666666666667
2931,002367,康力电梯,2026-07-14,2026-07-14,518,-0.10701764626615437,0.11666666666666667,120,10.0,0.056507617566570884,0.5,0.09360362008318349,0.9,120,10.0,0.08806454501040029,0.6666666666666666
2932,002339,积成电子,2026-07-14,2026-07-14,518,-0.1076973633207238,0.0,120,0.1,0.040784850630969476,0.65,-0.11727719542876208,0.0,120,0.1,0.06108229406993881,0.75
2933,002421,达实智能,2026-07-14,2026-07-14,518,-0.10806462402299298,0.16666666666666666,240,10.0,0.10738601251410218,0.65,-0.31667577900865257,0.1,120,0.1,0.15219235679732973,0.8333333333333334
2934,600503,华丽家族,2026-07-14,2026-07-14,518,-0.10845579939783473,0.1,240,0.1,0.04828441565700114,0.7,-0.16135338787666953,0.03333333333333333,240,0.1,0.06917671081401296,0.6833333333333333
2935,001388,信通电子,2026-07-14,2026-07-14,252,-0.10848547828917054,0.05,120,1.0,0.04687160994795032,0.7,-0.4438328291529038,0.0,120,1.0,0.05688237787411622,0.8166666666666667
2936,603863,松炀资源,2026-07-14,2026-07-14,513,-0.1086470206479715,0.03333333333333333,240,0.1,0.053282797431243416,0.65,-0.0787007703821587,0.03333333333333333,120,0.1,0.060180195025794206,0.8333333333333334
2937,603610,麒盛科技,2026-07-14,2026-07-14,518,-0.1088730491821634,0.08333333333333333,180,10.0,0.0633877739529046,0.5,0.000571543184594079,0.5333333333333333,180,10.0,0.08233171193258165,0.5833333333333334
2938,002726,龙大美食,2026-07-14,2026-07-14,517,-0.10937458129186856,0.21666666666666667,180,10.0,0.10357298278821196,0.6666666666666666,-0.3580377828692405,0.03333333333333333,120,0.1,0.11259101482927623,0.8
2939,002719,麦趣尔,2026-07-14,2026-07-14,517,-0.10997402948815413,0.0,120,10.0,0.04513864238641021,0.7333333333333333,-0.12721540405185958,0.0,120,10.0,0.05494441061233767,0.6666666666666666
2940,600354,敦煌种业,2026-07-14,2026-07-14,518,-0.11059034901437334,0.016666666666666666,180,10.0,0.029113292716365886,0.6333333333333333,-0.1590090230460054,0.016666666666666666,120,10.0,0.04008506177691232,0.7333333333333333
2941,002921,联诚精密,2026-07-14,2026-07-14,518,-0.11114604219291474,0.06666666666666667,120,10.0,0.07574321755633306,0.5166666666666667,-0.17812140195397594,0.06666666666666667,120,10.0,0.10662077285194801,0.6
2942,600168,武汉控股,2026-07-14,2026-07-14,508,-0.11143247646478059,0.0,120,0.1,0.022471940159988955,0.7,-0.131042080599914,0.0,120,1.0,0.031916224191419665,0.7
2943,601016,节能风电,2026-07-14,2026-07-14,518,-0.11217710015058463,0.016666666666666666,180,1.0,0.07660780117168413,0.6166666666666667,-0.20367512056042636,0.0,180,1.0,0.0977828659248257,0.65
2944,600158,中体产业,2026-07-14,2026-07-14,518,-0.11238588422499265,0.1,240,1.0,0.073703656883971,0.7,-0.20962598872851787,0.016666666666666666,120,1.0,0.09663845630261872,0.8
2945,000933,神火股份,2026-07-14,2026-07-14,518,-0.11291988138849078,0.016666666666666666,240,0.1,0.052624131701074016,0.43333333333333335,-0.2674585365860048,0.0,240,0.1,0.09253834447481046,0.45
2946,002448,中原内配,2026-07-14,2026-07-14,518,-0.11323689322725275,0.0,120,0.1,0.05235588399562558,0.6333333333333333,-0.11914032598135715,0.016666666666666666,120,0.1,0.06108507806709885,0.7666666666666667
2947,601789,宁波建工,2026-07-14,2026-07-14,518,-0.1136689324108675,0.016666666666666666,120,1.0,0.055153758201655294,0.6166666666666667,-0.2738826576007138,0.0,120,1.0,0.07961798514931404,0.55
2948,000056,皇庭国际,2026-07-14,2026-07-14,517,-0.11395768039581783,0.23333333333333334,240,10.0,0.09878266639539293,0.5666666666666667,-0.407542082284339,0.0,120,0.1,0.11003126892930212,0.8333333333333334
2949,605286,同力天启,2026-07-14,2026-07-14,518,-0.11447304815677074,0.0,180,1.0,0.05481317600375698,0.65,-0.25207116546002206,0.0,180,1.0,0.07345598047916305,0.8
2950,002300,太阳电缆,2026-07-14,2026-07-14,518,-0.11487062618744862,0.016666666666666666,120,10.0,0.06554722755374157,0.5833333333333334,-0.22491910235187798,0.0,120,10.0,0.09990429397422325,0.5166666666666667
2951,002318,久立特材,2026-07-14,2026-07-14,518,-0.11492601802738123,0.08333333333333333,180,0.1,0.06135322937208294,0.6666666666666666,-0.1552813317504258,0.08333333333333333,180,10.0,0.08170267758982457,0.6333333333333333
2952,002624,完美世界,2026-07-14,2026-07-14,518,-0.11637493296976831,0.0,120,1.0,0.0671417704534138,0.5666666666666667,-0.09417561322304777,0.03333333333333333,120,10.0,0.0788925721288806,0.6666666666666666
2953,603115,海星股份,2026-07-14,2026-07-14,518,-0.11700995902005105,0.18333333333333332,120,1.0,0.12134043155273509,0.7333333333333333,-0.08906270879020975,0.2,120,1.0,0.1634838270729338,0.7833333333333333
2954,002972,科安达,2026-07-14,2026-07-14,518,-0.1187693679180308,0.1,120,0.1,0.055033607775494424,0.7333333333333333,0.18419645003540408,1.0,120,1.0,0.07614485283950051,0.8333333333333334
2955,002229,鸿博股份,2026-07-14,2026-07-14,518,-0.11911527696442242,0.0,240,0.1,0.0604350746958621,0.8333333333333334,-0.2084587469462141,0.0,240,0.1,0.07507362788726185,0.8833333333333333
2956,603817,海峡环保,2026-07-14,2026-07-14,518,-0.12105643762851943,0.0,180,0.1,0.04447214043895316,0.5833333333333334,-0.2547188779913878,0.0,180,0.1,0.06441377149778323,0.6166666666666667
2957,000028,国药一致,2026-07-14,2026-07-14,518,-0.1223285671881331,0.0,120,0.1,0.03452253806879312,0.5666666666666667,-0.18822380805305924,0.0,120,0.1,0.033940691635302826,0.7666666666666667
2958,002309,中利集团,2026-07-14,2026-07-14,474,-0.1225821736971123,0.016666666666666666,180,0.1,0.05643389251306084,0.75,-0.17254009599210968,0.016666666666666666,180,0.1,0.09330715444598675,0.7
2959,600259,中稀有色,2026-07-14,2026-07-14,518,-0.12333243604716768,0.15,120,1.0,0.08283684477324302,0.6166666666666667,-0.06753366177952269,0.25,120,1.0,0.09834074569289551,0.6833333333333333
2960,002128,电投能源,2026-07-14,2026-07-14,509,-0.1235701733057703,0.0,180,0.1,0.04070704459323152,0.7166666666666667,-0.24524869121574955,0.0,180,0.1,0.06733038890062311,0.6666666666666666
2961,000720,新能泰山,2026-07-14,2026-07-14,518,-0.12444965670698363,0.1,120,0.1,0.09877147169380625,0.5833333333333334,-0.2256462638205862,0.0,120,0.1,0.11062344776831529,0.6833333333333333
2962,603619,中曼石油,2026-07-14,2026-07-14,518,-0.12496951849702355,0.016666666666666666,240,1.0,0.05896747103288356,0.75,-0.1020610835194474,0.03333333333333333,240,0.1,0.08518558537313957,0.7
2963,603969,银龙股份,2026-07-14,2026-07-14,518,-0.12550956483490358,0.03333333333333333,120,1.0,0.04892315852522515,0.6833333333333333,-0.21829424380289428,0.0,120,0.1,0.06054779109094801,0.6666666666666666
2964,603097,江苏华辰,2026-07-14,2026-07-14,518,-0.12592847216868985,0.06666666666666667,180,1.0,0.07911992229025731,0.5666666666666667,-0.31775015574333615,0.0,120,0.1,0.11111916606578466,0.5333333333333333
2965,603811,诚意药业,2026-07-14,2026-07-14,518,-0.1260440716118195,0.0,180,10.0,0.057240510939526375,0.5166666666666667,-0.5358082767733757,0.0,120,1.0,0.06834342155572992,0.7666666666666667
2966,603197,保隆科技,2026-07-14,2026-07-14,518,-0.12696117360933878,0.0,120,10.0,0.03345503064367321,0.6666666666666666,0.04179213653851219,0.75,120,0.1,0.041354700071232514,0.6833333333333333
2967,600577,精达股份,2026-07-14,2026-07-14,518,-0.1271655169267453,0.0,180,1.0,0.06375894984444379,0.7833333333333333,-0.2236875364382029,0.0,120,0.1,0.0766468783677696,0.9166666666666666
2968,603733,仙鹤股份,2026-07-14,2026-07-14,518,-0.12824464525496515,0.1,240,0.1,0.05755015213724863,0.6,-0.1105596554554475,0.16666666666666666,120,10.0,0.0761392798341059,0.65
2969,600744,华银电力,2026-07-14,2026-07-14,518,-0.13203341394889442,0.06666666666666667,180,0.1,0.0690593767518359,0.7833333333333333,-0.22161097823766243,0.0,180,0.1,0.07826839712663143,0.7666666666666667
2970,603202,天有为,2026-07-14,2026-07-14,296,-0.1324939067721767,0.0,120,1.0,0.05381596185433845,0.7666666666666667,-0.22793308898391718,0.0,120,0.1,0.056598537388395966,0.8333333333333334
2971,601515,衢州东峰,2026-07-14,2026-07-14,516,-0.13267926472968003,0.0,120,0.1,0.04619929046571098,0.7833333333333333,-0.19323582596897168,0.0,120,0.1,0.05505358529804212,0.7166666666666667
2972,603366,日出东方,2026-07-14,2026-07-14,518,-0.1347992200720922,0.016666666666666666,120,1.0,0.051301661823063664,0.55,-0.2222973749962865,0.0,120,0.1,0.06034849171655953,0.5833333333333334
2973,000807,云铝股份,2026-07-14,2026-07-14,518,-0.13486964939481783,0.016666666666666666,240,0.1,0.04825590325616574,0.5166666666666667,-0.12645826122045317,0.016666666666666666,120,10.0,0.08182148646615953,0.5
2974,002444,巨星科技,2026-07-14,2026-07-14,518,-0.13650940146757048,0.016666666666666666,180,1.0,0.039704797771383075,0.7,-0.1363546461457732,0.05,120,10.0,0.0494721606964121,0.7666666666666667
2975,600293,三峡新材,2026-07-14,2026-07-14,518,-0.13775871162541478,0.08333333333333333,120,10.0,0.05705723982159196,0.6666666666666666,-0.17793074494880018,0.05,120,10.0,0.06768392472304614,0.8333333333333334
2976,605598,上海港湾,2026-07-14,2026-07-14,518,-0.13894892655989757,0.11666666666666667,180,1.0,0.10543344833980801,0.5166666666666667,-0.4231828999437836,0.0,120,0.1,0.1113988220253633,0.7666666666666667
2977,603105,芯能科技,2026-07-14,2026-07-14,518,-0.14044078178565111,0.0,240,0.1,0.04797610659321641,0.7666666666666667,-0.31156300482568694,0.0,120,0.1,0.04115095852491601,0.9
2978,603730,岱美股份,2026-07-14,2026-07-14,518,-0.14253072717210283,0.016666666666666666,120,1.0,0.04465243239034196,0.8666666666666667,-0.14175457886231754,0.016666666666666666,120,10.0,0.05323918905467125,0.9333333333333333
2979,600982,宁波能源,2026-07-14,2026-07-14,518,-0.14292774414953385,0.0,240,0.1,0.06619669658497879,0.6833333333333333,-0.23376324592138664,0.0,180,0.1,0.08125564708071832,0.6833333333333333
2980,000639,西王食品,2026-07-14,2026-07-14,517,-0.14469977354373717,0.1,120,10.0,0.07890218231249244,0.7,-0.4397025588502448,0.0,120,0.1,0.08077231791629323,0.8
2981,000892,欢瑞世纪,2026-07-14,2026-07-14,518,-0.14706751589201503,0.05,120,10.0,0.07468318343113572,0.5333333333333333,-0.292725933216998,0.0,120,10.0,0.08081680752138133,0.85
2982,003033,征和工业,2026-07-14,2026-07-14,518,-0.1504724072788706,0.05,120,10.0,0.07100497646136933,0.6,-0.3062935478043042,0.0,120,10.0,0.09218418083816701,0.5333333333333333
2983,603530,神马电力,2026-07-14,2026-07-14,518,-0.15362967859092047,0.0,120,1.0,0.04578500250152416,0.5833333333333334,-0.151576984047313,0.0,120,10.0,0.0865449620063588,0.4666666666666667
2984,000593,德龙汇能,2026-07-14,2026-07-14,516,-0.1554213742964717,0.13333333333333333,120,1.0,0.09445817725557062,0.6666666666666666,-0.2605735031284544,0.06666666666666667,120,1.0,0.10964934619388261,0.7333333333333333
2985,000510,新金路,2026-07-14,2026-07-14,518,-0.1567663326217367,0.25,120,0.1,0.1303302099588998,0.65,0.14678924140850638,0.8166666666666667,120,10.0,0.1344389748407103,0.6666666666666666
2986,601218,吉鑫科技,2026-07-14,2026-07-14,518,-0.16047135888345337,0.0,120,0.1,0.04088410484417146,0.7333333333333333,-0.20611225164595653,0.0,120,1.0,0.07113009056088473,0.7166666666666667
2987,600418,江淮汽车,2026-07-14,2026-07-14,518,-0.16654002357088965,0.0,120,10.0,0.04926256821939199,0.7166666666666667,-0.35626400249793844,0.0,120,10.0,0.06426529248498927,0.8166666666666667
2988,600367,红星发展,2026-07-14,2026-07-14,518,-0.16684942805220007,0.25,240,1.0,0.14086183329652585,0.55,-0.1575870707393152,0.3333333333333333,240,1.0,0.20333123272683643,0.8333333333333334
2989,600310,广西能源,2026-07-14,2026-07-14,518,-0.16777059828368107,0.03333333333333333,240,1.0,0.0806324346915738,0.5666666666666667,-0.4514559527516596,0.0,180,0.1,0.099258443593046,0.7166666666666667
2990,603026,石大胜华,2026-07-14,2026-07-14,518,-0.17103060538277115,0.016666666666666666,180,0.1,0.09203759800089555,0.55,-0.16192107089664548,0.11666666666666667,180,0.1,0.13173160443904552,0.5333333333333333
2991,603590,康辰药业,2026-07-14,2026-07-14,518,-0.17362182699564288,0.016666666666666666,120,1.0,0.04690606535710363,0.7,-0.24469978712407042,0.0,120,1.0,0.05011017225655907,0.8333333333333334
2992,600491,龙元建设,2026-07-14,2026-07-14,512,-0.17584034408039825,0.06666666666666667,120,10.0,0.10069413709734973,0.7333333333333333,-0.13570865987400846,0.15,180,10.0,0.1386533644569901,0.6666666666666666
2993,002796,世嘉科技,2026-07-14,2026-07-14,518,-0.18126224331416307,0.03333333333333333,180,0.1,0.07562320648332845,0.7,-0.18820707068600662,0.0,180,0.1,0.12012339314861098,0.6333333333333333
2994,605196,华通线缆,2026-07-14,2026-07-14,518,-0.18438276209039783,0.0,120,10.0,0.08689818849978145,0.4666666666666667,-0.33114717763739765,0.0,120,10.0,0.12540911225872756,0.5166666666666667
2995,002842,翔鹭钨业,2026-07-14,2026-07-14,518,-0.18546401701761936,0.11666666666666667,120,10.0,0.11205799614340951,0.5833333333333334,-0.369945766577286,0.016666666666666666,120,10.0,0.16767171155453345,0.6166666666666667
2996,000968,蓝焰控股,2026-07-14,2026-07-14,518,-0.18809610951867844,0.0,120,10.0,0.04410955894195643,0.6666666666666666,-0.27144607486943395,0.0,120,10.0,0.06508600847070035,0.7333333333333333
2997,605068,明新旭腾,2026-07-14,2026-07-14,518,-0.19416760080144282,0.0,120,10.0,0.055814789293942756,0.7666666666666667,-0.4345016723098573,0.0,120,0.1,0.06575941219068555,0.85
2998,600234,科新发展,2026-07-14,2026-07-14,517,-0.20396544471006342,0.13333333333333333,120,1.0,0.10489844651040475,0.6666666666666666,-0.12072390220778431,0.4,120,10.0,0.16604664700647495,0.6166666666666667
2999,002518,科士达,2026-07-14,2026-07-14,518,-0.20765026521095292,0.05,120,10.0,0.06545861802939715,0.7833333333333333,-0.3802082131868242,0.016666666666666666,120,1.0,0.07724805174020508,0.85
3000,603137,恒尚节能,2026-07-14,2026-07-14,508,-0.2252780545862314,0.08333333333333333,120,10.0,0.06687951734773029,0.7166666666666667,-8.49814984693503,0.0,120,0.1,0.13518617686316772,0.7166666666666667
3001,002138,顺络电子,2026-07-14,2026-07-14,518,-0.2591770606631307,0.0,120,0.1,0.07497770923625907,0.7333333333333333,-0.3173956460439468,0.0,120,0.1,0.11203514675524734,0.85
3002,600032,浙江新能,2026-07-14,2026-07-14,518,-0.26011280733349246,0.0,180,0.1,0.07980138634298126,0.6333333333333333,-0.5786413128013768,0.0,120,0.1,0.07242780135446704,0.8166666666666667
3003,001301,尚太科技,2026-07-14,2026-07-14,518,-0.26692172823740545,0.0,240,10.0,0.07599688833487298,0.55,-0.21537003875121094,0.0,120,0.1,0.11485363514328788,0.5166666666666667
3004,002805,丰元股份,2026-07-14,2026-07-14,518,-0.26709836157503086,0.016666666666666666,120,1.0,0.0839062826125319,0.6666666666666666,-0.3105324559239657,0.1,120,1.0,0.11348093989098744,0.8333333333333334
3005,603978,深圳新星,2026-07-14,2026-07-14,518,-0.27350467694478986,0.0,120,0.1,0.07188302346689714,0.7166666666666667,-0.2966758769179653,0.0,120,0.1,0.10078238173200059,0.7833333333333333
3006,002667,威领股份,2026-07-14,2026-07-14,512,-0.30810842697753177,0.0,180,0.1,0.11048826937968631,0.6333333333333333,-0.69594773046942,0.0,180,0.1,0.17017228470886694,0.7166666666666667
3007,603042,华脉科技,2026-07-14,2026-07-14,513,-0.30829612113575766,0.0,120,0.1,0.0765509642941288,0.75,-0.6278725696522929,0.0,120,0.1,0.09524740241828526,0.7
3008,001335,信凯科技,2026-07-14,2026-07-14,303,-0.3356705725689195,0.0,120,0.1,0.057316446453285964,0.7166666666666667,-0.4018348396697867,0.0,120,0.1,0.07420530236302643,0.6833333333333333
3009,001268,联合精密,2026-07-14,2026-07-14,518,-0.38573033638929655,0.0,240,10.0,0.07723491405986148,0.7666666666666667,-0.6357040459733291,0.0,240,10.0,0.12493795167844261,0.7333333333333333
