symbol,sector,sector_standard,change_date
000001,示例板块,,
000002,示例板块,,
000004,横向通用软件,申银万国行业分类标准,2021-07-30
000006,住宅开发,申银万国行业分类标准,2017-06-29
000007,商业物业经营,申银万国行业分类标准,2021-07-30
000008,轨交设备Ⅲ,申银万国行业分类标准,2015-07-01
000009,电池化学品,申银万国行业分类标准,2021-07-30
000010,园林工程,申银万国行业分类标准,2021-07-30
000012,玻璃制造,申银万国行业分类标准,2008-06-02
000014,住宅开发,申银万国行业分类标准,2001-05-01
000016,冰洗,申银万国行业分类标准,2024-07-30
000017,钟表珠宝,申银万国行业分类标准,2022-07-29
000019,粮油加工,申银万国行业分类标准,2021-07-30
000020,面板,申银万国行业分类标准,2021-07-30
000021,消费电子零部件及组装,申银万国行业分类标准,2021-07-30
000025,综合Ⅲ,申银万国行业分类标准,2023-07-04
000026,钟表珠宝,申银万国行业分类标准,2021-07-30
000028,医药流通,申银万国行业分类标准,2021-07-30
000030,底盘与发动机系统,申银万国行业分类标准,2021-07-30
000031,商业地产,申银万国行业分类标准,2021-07-30
000032,其他专业工程,申银万国行业分类标准,2022-07-29
000034,IT服务Ⅲ,申银万国行业分类标准,2021-07-30
000035,固废治理,申银万国行业分类标准,2021-07-30
000036,住宅开发,申银万国行业分类标准,2010-01-08
000037,火力发电,申银万国行业分类标准,2022-07-29
000039,金属制品,申银万国行业分类标准,2021-07-30
000045,面板,申银万国行业分类标准,2014-01-01
000048,生猪养殖,申银万国行业分类标准,2025-08-11
000049,锂电池,申银万国行业分类标准,2021-07-30
000050,面板,申银万国行业分类标准,2010-01-01
000055,其他建材,申银万国行业分类标准,2021-07-30
000056,物业管理,申银万国行业分类标准,2021-07-30
000058,商业物业经营,申银万国行业分类标准,2021-07-30
000059,炼油化工,申银万国行业分类标准,2021-07-30
000060,铅锌,申银万国行业分类标准,2008-06-02
000061,商业物业经营,申银万国行业分类标准,2021-07-30
000062,其他电子Ⅲ,申银万国行业分类标准,2017-06-29
000063,通信网络设备及器件,申银万国行业分类标准,2021-07-30
000065,国际工程,申银万国行业分类标准,2014-01-01
000066,其他计算机设备,申银万国行业分类标准,2021-07-30
000068,综合环境治理,申银万国行业分类标准,2021-07-30
000069,商业地产,申银万国行业分类标准,2021-07-30
000070,通信线缆及配套,申银万国行业分类标准,2021-07-30
000078,医药流通,申银万国行业分类标准,2021-07-30
000088,港口,申银万国行业分类标准,2021-11-12
000089,机场,申银万国行业分类标准,2021-07-30
000090,住宅开发,申银万国行业分类标准,2006-09-01
000096,油品石化贸易,申银万国行业分类标准,2021-07-30
000099,航空运输,申银万国行业分类标准,2021-07-30
000100,面板,申银万国行业分类标准,2019-04-22
000151,贸易Ⅲ,申银万国行业分类标准,2010-10-08
000153,化学制剂,申银万国行业分类标准,2000-09-18
000155,风力发电,申银万国行业分类标准,2021-07-30
000156,电视广播Ⅲ,申银万国行业分类标准,2021-07-30
000157,工程机械整机,申银万国行业分类标准,2021-07-30
000158,IT服务Ⅲ,申银万国行业分类标准,2021-07-30
000159,光伏辅材,申银万国行业分类标准,2024-07-30
000166,证券Ⅲ,申银万国行业分类标准,2015-01-18
000301,炼油化工,申银万国行业分类标准,2021-07-30
000333,空调,申银万国行业分类标准,2013-01-18
000338,底盘与发动机系统,申银万国行业分类标准,2021-07-30
000400,电网自动化设备,申银万国行业分类标准,2021-07-30
000401,水泥制造,申银万国行业分类标准,2008-06-02
000402,商业地产,申银万国行业分类标准,2021-07-30
000403,血液制品,申银万国行业分类标准,2021-07-30
000404,家电零部件Ⅲ,申银万国行业分类标准,2021-07-30
000407,燃气Ⅲ,申银万国行业分类标准,2016-07-01
000408,锂,申银万国行业分类标准,2023-07-04
000409,IT服务Ⅲ,申银万国行业分类标准,2022-07-29
000410,机床工具,申银万国行业分类标准,2008-06-02
000411,医药流通,申银万国行业分类标准,2021-07-30
000415,租赁,申银万国行业分类标准,2021-07-30
000417,多业态零售,申银万国行业分类标准,2023-07-04
000419,多业态零售,申银万国行业分类标准,2014-01-01
000421,综合Ⅲ,申银万国行业分类标准,2023-07-04
000422,氮肥,申银万国行业分类标准,2022-07-29
000425,工程机械整机,申银万国行业分类标准,2021-07-30
000426,铅锌,申银万国行业分类标准,2014-01-01
000428,酒店,申银万国行业分类标准,2021-07-30
000429,高速公路,申银万国行业分类标准,2021-07-30
000430,自然景区,申银万国行业分类标准,2021-07-30
000488,大宗用纸,申银万国行业分类标准,2021-07-30
000498,基建市政工程,申银万国行业分类标准,2021-07-30
000501,百货,申银万国行业分类标准,2017-06-29
000503,垂直应用软件,申银万国行业分类标准,2021-07-30
000504,其他医疗服务,申银万国行业分类标准,2021-07-30
000505,粮油加工,申银万国行业分类标准,2018-07-13
000506,黄金,申银万国行业分类标准,2022-07-29
000507,风力发电,申银万国行业分类标准,2023-07-04
000509,面板,申银万国行业分类标准,2022-07-29
000513,化学制剂,申银万国行业分类标准,2008-01-02
000516,医院,申银万国行业分类标准,2021-07-30
000517,住宅开发,申银万国行业分类标准,2007-07-02
000518,其他生物制品,申银万国行业分类标准,2021-07-30
000519,地面兵装Ⅲ,申银万国行业分类标准,2017-06-29
000520,航运,申银万国行业分类标准,2021-07-30
000521,冰洗,申银万国行业分类标准,2021-07-30
000523,综合Ⅲ,申银万国行业分类标准,2024-07-30
000524,旅游综合,申银万国行业分类标准,2021-07-30
000525,农药,申银万国行业分类标准,2021-07-30
000526,培训教育,申银万国行业分类标准,2021-07-30
000528,工程机械整机,申银万国行业分类标准,2021-07-30
000529,肉制品,申银万国行业分类标准,2023-05-12
000530,制冷空调设备,申银万国行业分类标准,2008-06-02
000531,火力发电,申银万国行业分类标准,2017-06-29
000532,资产管理,申银万国行业分类标准,2021-07-30
000533,输变电设备,申银万国行业分类标准,2021-07-30
000534,其他生物制品,申银万国行业分类标准,2021-07-30
000536,面板,申银万国行业分类标准,2011-01-10
000537,风力发电,申银万国行业分类标准,2022-08-26
000541,照明设备Ⅲ,申银万国行业分类标准,2021-07-30
000544,水务及水治理,申银万国行业分类标准,2021-07-30
000545,钛白粉,申银万国行业分类标准,2021-07-30
000546,固废治理,申银万国行业分类标准,2024-07-30
000547,军工电子Ⅲ,申银万国行业分类标准,2021-07-30
000548,高速公路,申银万国行业分类标准,2021-07-30
000550,商用载货车,申银万国行业分类标准,2021-07-30
000551,环保设备Ⅲ,申银万国行业分类标准,2021-07-30
000552,动力煤,申银万国行业分类标准,2021-07-30
000553,农药,申银万国行业分类标准,2021-07-30
000554,油品石化贸易,申银万国行业分类标准,2021-07-30
000555,IT服务Ⅲ,申银万国行业分类标准,2021-07-30
000557,铁路运输,申银万国行业分类标准,2021-07-30
000558,自然景区,申银万国行业分类标准,2025-03-07
000559,底盘与发动机系统,申银万国行业分类标准,2021-07-30
000560,房产租赁经纪,申银万国行业分类标准,2021-07-30
000561,航空装备Ⅲ,申银万国行业分类标准,2019-07-08
000563,信托,申银万国行业分类标准,2021-07-30
000564,百货,申银万国行业分类标准,2014-01-01
000565,涂料油墨,申银万国行业分类标准,2011-01-10
000566,化学制剂,申银万国行业分类标准,2008-01-02
000567,资产管理,申银万国行业分类标准,2021-07-30
000568,白酒Ⅲ,申银万国行业分类标准,2021-07-30
000570,底盘与发动机系统,申银万国行业分类标准,2021-07-30
000571,动力煤,申银万国行业分类标准,2021-07-30
000572,综合乘用车,申银万国行业分类标准,2021-07-30
000576,地面兵装Ⅲ,申银万国行业分类标准,2020-06-22
000581,底盘与发动机系统,申银万国行业分类标准,2021-07-30
000582,港口,申银万国行业分类标准,2021-07-30
000586,通信线缆及配套,申银万国行业分类标准,2021-07-30
000589,轮胎轮毂,申银万国行业分类标准,2021-07-30
000591,光伏发电,申银万国行业分类标准,2021-07-30
000592,林业Ⅲ,申银万国行业分类标准,2014-01-01
000593,燃气Ⅲ,申银万国行业分类标准,2015-10-26
000595,金属制品,申银万国行业分类标准,2021-07-30
000596,白酒Ⅲ,申银万国行业分类标准,2021-07-30
000597,化学制剂,申银万国行业分类标准,2019-07-08
000598,水务及水治理,申银万国行业分类标准,2021-07-30
000599,轮胎轮毂,申银万国行业分类标准,2021-07-30
000600,火力发电,申银万国行业分类标准,2006-09-07
000601,水力发电,申银万国行业分类标准,2016-07-01
000603,铅锌,申银万国行业分类标准,2014-01-01
000605,水务及水治理,申银万国行业分类标准,2021-07-30
000607,广告媒体,申银万国行业分类标准,2021-07-30
000608,商业地产,申银万国行业分类标准,2021-07-30
000609,住宅开发,申银万国行业分类标准,2007-07-02
000610,旅游综合,申银万国行业分类标准,2024-07-30
000612,铝,申银万国行业分类标准,2008-06-02
000615,医美服务,申银万国行业分类标准,2021-07-30
000617,金融控股,申银万国行业分类标准,2021-07-30
000619,其他建材,申银万国行业分类标准,2014-01-01
000620,住宅开发,申银万国行业分类标准,2012-01-08
000623,中药Ⅲ,申银万国行业分类标准,2022-07-29
000625,综合乘用车,申银万国行业分类标准,2021-07-30
000626,原材料供应链服务,申银万国行业分类标准,2021-07-30
000628,房屋建设Ⅲ,申银万国行业分类标准,2018-07-13
000629,冶钢辅料,申银万国行业分类标准,2021-07-30
000630,铜,申银万国行业分类标准,2008-06-02
000631,住宅开发,申银万国行业分类标准,2010-01-01
000632,综合Ⅲ,申银万国行业分类标准,2007-07-02
000633,其他金属新材料,申银万国行业分类标准,2016-07-01
000635,氯碱,申银万国行业分类标准,2007-07-02
000636,被动元件,申银万国行业分类标准,2011-01-10
000637,其他石化,申银万国行业分类标准,2021-07-30
000638,军工电子Ⅲ,申银万国行业分类标准,2024-01-08
000639,保健品,申银万国行业分类标准,2024-07-30
000650,中药Ⅲ,申银万国行业分类标准,2007-07-02
000652,综合Ⅲ,申银万国行业分类标准,2006-09-01
000655,铁矿石,申银万国行业分类标准,2021-07-30
000656,住宅开发,申银万国行业分类标准,2007-07-02
000657,钨,申银万国行业分类标准,2014-01-01
000659,塑料包装,申银万国行业分类标准,2021-07-30
000661,其他生物制品,申银万国行业分类标准,2021-07-30
000663,林业Ⅲ,申银万国行业分类标准,2022-07-29
000665,电视广播Ⅲ,申银万国行业分类标准,2021-07-30
000668,住宅开发,申银万国行业分类标准,2024-07-30
000669,燃气Ⅲ,申银万国行业分类标准,2013-01-01
000670,其他电子Ⅲ,申银万国行业分类标准,2022-07-29
000672,水泥制造,申银万国行业分类标准,2014-01-01
000676,营销代理,申银万国行业分类标准,2021-07-30
000677,粘胶,申银万国行业分类标准,2021-07-30
000678,底盘与发动机系统,申银万国行业分类标准,2021-07-30
000679,百货,申银万国行业分类标准,2022-07-29
000680,工程机械整机,申银万国行业分类标准,2021-07-30
000681,图片媒体,申银万国行业分类标准,2021-07-30
000682,电网自动化设备,申银万国行业分类标准,2021-07-30
000683,纯碱,申银万国行业分类标准,2015-07-01
000685,水务及水治理,申银万国行业分类标准,2021-07-30
000686,证券Ⅲ,申银万国行业分类标准,2014-01-01
000688,铅锌,申银万国行业分类标准,2013-07-01
000690,火力发电,申银万国行业分类标准,2021-07-30
000691,其他化学原料,申银万国行业分类标准,2022-07-29
000695,电池化学品,申银万国行业分类标准,2024-07-30
000697,航空装备Ⅲ,申银万国行业分类标准,2019-07-08
000698,炼油化工,申银万国行业分类标准,2021-07-30
000700,车身附件及饰件,申银万国行业分类标准,2021-07-30
000701,汽车经销商,申银万国行业分类标准,2024-07-30
000702,畜禽饲料,申银万国行业分类标准,2021-07-30
000703,炼油化工,申银万国行业分类标准,2021-07-30
000705,医药流通,申银万国行业分类标准,2021-07-30
000708,特钢Ⅲ,申银万国行业分类标准,2021-07-30
000709,板材,申银万国行业分类标准,2021-07-30
000710,诊断服务,申银万国行业分类标准,2022-07-29
000711,综合环境治理,申银万国行业分类标准,2022-07-29
000712,证券Ⅲ,申银万国行业分类标准,2014-01-16
000715,百货,申银万国行业分类标准,2014-01-01
000716,零食,申银万国行业分类标准,2022-07-29
000717,长材,申银万国行业分类标准,2021-07-30
000718,住宅开发,申银万国行业分类标准,2006-09-01
000719,大众出版,申银万国行业分类标准,2021-07-30
000720,线缆部件及其他,申银万国行业分类标准,2022-07-29
000721,餐饮,申银万国行业分类标准,2021-07-30
000722,水力发电,申银万国行业分类标准,2013-01-01
000723,焦炭Ⅲ,申银万国行业分类标准,2021-07-30
000725,面板,申银万国行业分类标准,2001-01-12
000726,棉纺,申银万国行业分类标准,2000-12-25
000728,证券Ⅲ,申银万国行业分类标准,2014-01-01
000729,啤酒,申银万国行业分类标准,2021-07-30
000731,氮肥,申银万国行业分类标准,2021-07-30
000733,军工电子Ⅲ,申银万国行业分类标准,2021-07-30
000735,生猪养殖,申银万国行业分类标准,2021-07-30
000736,住宅开发,申银万国行业分类标准,2007-07-02
000737,铜,申银万国行业分类标准,2022-07-29
000738,航空装备Ⅲ,申银万国行业分类标准,2014-01-01
000739,原料药,申银万国行业分类标准,2002-09-01
000750,证券Ⅲ,申银万国行业分类标准,2014-01-01
000751,铅锌,申银万国行业分类标准,2014-01-01
000752,啤酒,申银万国行业分类标准,2021-07-30
000753,综合Ⅲ,申银万国行业分类标准,2021-07-30
000755,高速公路,申银万国行业分类标准,2021-07-30
000757,汽车综合服务,申银万国行业分类标准,2021-07-30
000758,铅锌,申银万国行业分类标准,2008-06-02
000759,超市,申银万国行业分类标准,2014-01-01
000761,板材,申银万国行业分类标准,2021-07-30
000762,锂,申银万国行业分类标准,2021-07-30
000766,化学制剂,申银万国行业分类标准,2019-07-08
000768,航空装备Ⅲ,申银万国行业分类标准,2014-01-01
000776,证券Ⅲ,申银万国行业分类标准,2014-01-01
000777,金属制品,申银万国行业分类标准,2021-07-30
000778,钢铁管材,申银万国行业分类标准,2021-07-30
000779,工程咨询服务Ⅲ,申银万国行业分类标准,2021-07-30
000782,锦纶,申银万国行业分类标准,2021-07-30
000783,证券Ⅲ,申银万国行业分类标准,2014-01-01
000785,商业物业经营,申银万国行业分类标准,2021-07-30
000786,其他建材,申银万国行业分类标准,2008-06-02
000788,化学制剂,申银万国行业分类标准,2019-07-08
000789,水泥制造,申银万国行业分类标准,2008-06-02
000791,水力发电,申银万国行业分类标准,2013-01-01
000792,钾肥,申银万国行业分类标准,2021-07-30
000793,大众出版,申银万国行业分类标准,2021-07-30
000795,磁性材料,申银万国行业分类标准,2008-01-02
000796,旅游综合,申银万国行业分类标准,2021-07-30
000797,住宅开发,申银万国行业分类标准,2007-07-02
000799,白酒Ⅲ,申银万国行业分类标准,2021-07-30
000800,商用载货车,申银万国行业分类标准,2021-07-30
000802,影视动漫制作,申银万国行业分类标准,2021-07-30
000803,固废治理,申银万国行业分类标准,2025-08-11
000807,铝,申银万国行业分类标准,2008-06-02
000809,住宅开发,申银万国行业分类标准,2009-01-09
000810,其他黑色家电,申银万国行业分类标准,2015-07-01
000811,制冷空调设备,申银万国行业分类标准,2008-06-02
000812,纸包装,申银万国行业分类标准,2021-07-30
000813,化学制剂,申银万国行业分类标准,2019-07-08
000815,IT服务Ⅲ,申银万国行业分类标准,2024-07-30
000816,底盘与发动机系统,申银万国行业分类标准,2021-07-30
000818,氯碱,申银万国行业分类标准,2017-06-29
000819,其他石化,申银万国行业分类标准,2021-07-30
000820,环保设备Ⅲ,申银万国行业分类标准,2024-07-30
000821,光伏加工设备,申银万国行业分类标准,2022-07-29
000823,印制电路板,申银万国行业分类标准,2011-01-10
000825,特钢Ⅲ,申银万国行业分类标准,2021-07-30
000826,综合环境治理,申银万国行业分类标准,2021-07-30
000828,高速公路,申银万国行业分类标准,2021-07-30
000829,专业连锁Ⅲ,申银万国行业分类标准,2014-01-01
000830,煤化工,申银万国行业分类标准,2021-07-30
000831,稀土,申银万国行业分类标准,2014-01-01
000833,综合Ⅲ,申银万国行业分类标准,2021-07-30
000837,机床工具,申银万国行业分类标准,2008-06-02
000838,住宅开发,申银万国行业分类标准,2009-01-01
000839,通信应用增值服务,申银万国行业分类标准,2022-07-29
000848,软饮料,申银万国行业分类标准,2021-07-30
000852,能源及重型设备,申银万国行业分类标准,2014-01-01
000856,其他专用设备,申银万国行业分类标准,2014-01-01
000858,白酒Ⅲ,申银万国行业分类标准,2021-07-30
000859,膜材料,申银万国行业分类标准,2021-07-30
000860,白酒Ⅲ,申银万国行业分类标准,2021-07-30
000862,风力发电,申银万国行业分类标准,2021-07-30
000863,住宅开发,申银万国行业分类标准,2019-07-08
000868,商用载客车,申银万国行业分类标准,2021-07-30
000869,其他酒类,申银万国行业分类标准,2021-07-30
000875,电能综合服务,申银万国行业分类标准,2021-07-30
000876,生猪养殖,申银万国行业分类标准,2021-07-30
000877,水泥制造,申银万国行业分类标准,2008-06-02
000878,铜,申银万国行业分类标准,2008-06-02
000880,底盘与发动机系统,申银万国行业分类标准,2021-07-30
000881,其他化学制品,申银万国行业分类标准,2019-07-08
000882,百货,申银万国行业分类标准,2021-07-30
000883,电能综合服务,申银万国行业分类标准,2021-07-30
000885,固废治理,申银万国行业分类标准,2024-05-17
000886,高速公路,申银万国行业分类标准,2025-08-11
000887,其他汽车零部件,申银万国行业分类标准,2021-07-30
000888,自然景区,申银万国行业分类标准,2021-07-30
000889,通信工程及服务,申银万国行业分类标准,2021-07-30
000890,环保设备Ⅲ,申银万国行业分类标准,2022-07-29
000892,影视动漫制作,申银万国行业分类标准,2021-07-30
000893,钾肥,申银万国行业分类标准,2021-07-30
000895,肉制品,申银万国行业分类标准,2011-01-10
000898,板材,申银万国行业分类标准,2021-07-30
000900,高速公路,申银万国行业分类标准,2021-07-30
000901,汽车电子电气系统,申银万国行业分类标准,2022-07-29
000902,复合肥,申银万国行业分类标准,2021-07-30
000903,底盘与发动机系统,申银万国行业分类标准,2021-07-30
000905,港口,申银万国行业分类标准,2021-07-30
000906,原材料供应链服务,申银万国行业分类标准,2021-07-30
000908,化学制剂,申银万国行业分类标准,2015-07-01
000909,住宅开发,申银万国行业分类标准,2009-01-01
000910,瓷砖地板,申银万国行业分类标准,2021-07-30
000911,其他农产品加工,申银万国行业分类标准,2011-01-10
000912,氮肥,申银万国行业分类标准,2021-07-30
000913,摩托车,申银万国行业分类标准,2021-07-30
000915,化学制剂,申银万国行业分类标准,2011-01-10
000917,电视广播Ⅲ,申银万国行业分类标准,2021-07-30
000919,化学制剂,申银万国行业分类标准,2022-07-29
000920,膜材料,申银万国行业分类标准,2022-07-29
000921,空调,申银万国行业分类标准,2021-07-30
000922,电机Ⅲ,申银万国行业分类标准,2013-07-01
000923,铁矿石,申银万国行业分类标准,2021-07-30
000925,轨交设备Ⅲ,申银万国行业分类标准,2015-07-01
000926,住宅开发,申银万国行业分类标准,2010-01-01
000927,轨交设备Ⅲ,申银万国行业分类标准,2022-03-25
000928,国际工程,申银万国行业分类标准,2015-07-01
000929,啤酒,申银万国行业分类标准,2021-07-30
000930,其他农产品加工,申银万国行业分类标准,2011-01-10
000931,化学制剂,申银万国行业分类标准,2019-07-08
000932,板材,申银万国行业分类标准,2021-07-30
000933,铝,申银万国行业分类标准,2016-07-01
000935,资产管理,申银万国行业分类标准,2023-07-04
000937,焦煤,申银万国行业分类标准,2021-07-30
000938,IT服务Ⅲ,申银万国行业分类标准,2021-07-30
000948,垂直应用软件,申银万国行业分类标准,2021-07-30
000949,粘胶,申银万国行业分类标准,2024-07-30
000950,医药流通,申银万国行业分类标准,2021-07-30
000951,商用载货车,申银万国行业分类标准,2021-07-30
000953,原料药,申银万国行业分类标准,2022-07-29
000955,其他纺织,申银万国行业分类标准,2011-01-10
000957,商用载客车,申银万国行业分类标准,2021-07-30
000958,其他多元金融,申银万国行业分类标准,2022-07-29
000959,板材,申银万国行业分类标准,2021-07-30
000960,其他小金属,申银万国行业分类标准,2014-01-01
000962,其他小金属,申银万国行业分类标准,2021-07-30
000963,化学制剂,申银万国行业分类标准,2019-07-08
000965,住宅开发,申银万国行业分类标准,2007-07-02
000966,火力发电,申银万国行业分类标准,2000-02-24
000967,环保设备Ⅲ,申银万国行业分类标准,2021-07-30
000968,油气开采Ⅲ,申银万国行业分类标准,2021-07-30
000969,其他金属新材料,申银万国行业分类标准,2011-01-10
000970,磁性材料,申银万国行业分类标准,2010-01-01
000972,果蔬加工,申银万国行业分类标准,2007-07-02
000973,膜材料,申银万国行业分类标准,2021-07-30
000975,黄金,申银万国行业分类标准,2019-07-08
000977,其他计算机设备,申银万国行业分类标准,2021-07-30
000978,自然景区,申银万国行业分类标准,2021-07-30
000980,汽车电子电气系统,申银万国行业分类标准,2021-07-30
000981,底盘与发动机系统,申银万国行业分类标准,2022-07-29
000983,焦煤,申银万国行业分类标准,2021-07-30
000985,其他石化,申银万国行业分类标准,2021-07-30
000987,金融控股,申银万国行业分类标准,2021-07-30
000988,激光设备,申银万国行业分类标准,2021-07-30
000989,中药Ⅲ,申银万国行业分类标准,2000-06-28
000990,煤化工,申银万国行业分类标准,2021-07-30
000993,水力发电,申银万国行业分类标准,2000-07-31
000995,白酒Ⅲ,申银万国行业分类标准,2021-07-30
000997,其他计算机设备,申银万国行业分类标准,2021-07-30
000998,种子,申银万国行业分类标准,2000-06-29
000999,中药Ⅲ,申银万国行业分类标准,2000-03-09
001201,生猪养殖,申银万国行业分类标准,2021-07-30
001202,原材料供应链服务,申银万国行业分类标准,2021-07-30
001203,铁矿石,申银万国行业分类标准,2021-07-30
001205,航运,申银万国行业分类标准,2021-07-30
001206,生活用纸,申银万国行业分类标准,2021-07-30
001207,炭黑,申银万国行业分类标准,2021-06-01
001208,线缆部件及其他,申银万国行业分类标准,2021-07-30
001209,非运动服装,申银万国行业分类标准,2021-07-30
001210,热力服务,申银万国行业分类标准,2021-06-17
001211,其他家居用品,申银万国行业分类标准,2021-08-06
001212,其他建材,申银万国行业分类标准,2021-07-23
001213,铁路运输,申银万国行业分类标准,2021-08-20
001215,预加工食品,申银万国行业分类标准,2021-08-20
001216,其他家居用品,申银万国行业分类标准,2021-09-03
001217,其他化学原料,申银万国行业分类标准,2021-09-08
001218,其他化学制品,申银万国行业分类标准,2021-09-14
001219,烘焙食品,申银万国行业分类标准,2021-09-22
001220,仓储物流,申银万国行业分类标准,2026-01-15
001221,其他家居用品,申银万国行业分类标准,2025-07-11
001222,娱乐用品,申银万国行业分类标准,2022-08-01
001223,其他自动化设备,申银万国行业分类标准,2022-11-25
001225,能源及重型设备,申银万国行业分类标准,2023-02-13
001226,工程机械器件,申银万国行业分类标准,2022-05-20
001227,城商行Ⅲ,申银万国行业分类标准,2021-12-07
001228,跨境物流,申银万国行业分类标准,2022-04-15
001229,其他计算机设备,申银万国行业分类标准,2022-07-25
001230,固废治理,申银万国行业分类标准,2022-07-01
001231,农药,申银万国行业分类标准,2022-07-11
001233,轮胎轮毂,申银万国行业分类标准,2025-11-06
001234,运动服装,申银万国行业分类标准,2024-07-30
001236,期货,申银万国行业分类标准,2022-06-28
001238,娱乐用品,申银万国行业分类标准,2022-09-02
001239,工程机械器件,申银万国行业分类标准,2023-12-01
001255,合成树脂,申银万国行业分类标准,2022-08-26
001256,印刷包装机械,申银万国行业分类标准,2022-11-14
001258,风力发电,申银万国行业分类标准,2022-07-08
001259,厨房小家电,申银万国行业分类标准,2022-08-19
001260,车身附件及饰件,申银万国行业分类标准,2023-02-13
001266,工控设备,申银万国行业分类标准,2022-02-11
001267,园林工程,申银万国行业分类标准,2021-11-11
001268,家电零部件Ⅲ,申银万国行业分类标准,2022-06-17
001269,光伏辅材,申银万国行业分类标准,2022-08-26
001270,军工电子Ⅲ,申银万国行业分类标准,2022-05-20
001277,能源及重型设备,申银万国行业分类标准,2024-08-30
001278,车身附件及饰件,申银万国行业分类标准,2023-02-13
001279,印刷,申银万国行业分类标准,2024-09-13
001280,其他小金属,申银万国行业分类标准,2025-11-13
001282,底盘与发动机系统,申银万国行业分类标准,2023-05-04
001283,锂电池,申银万国行业分类标准,2022-08-22
001285,其他汽车零部件,申银万国行业分类标准,2025-09-11
001286,火力发电,申银万国行业分类标准,2023-05-04
001287,其他电子Ⅲ,申银万国行业分类标准,2023-03-27
001288,能源及重型设备,申银万国行业分类标准,2021-10-12
001289,风力发电,申银万国行业分类标准,2022-01-21
001296,非金属材料Ⅲ,申银万国行业分类标准,2021-11-16
001298,其他电子Ⅲ,申银万国行业分类标准,2022-09-16
001299,燃气Ⅲ,申银万国行业分类标准,2022-09-19
001300,娱乐用品,申银万国行业分类标准,2022-09-23
001301,电池化学品,申银万国行业分类标准,2022-11-21
001306,金属制品,申银万国行业分类标准,2023-10-27
001308,面板,申银万国行业分类标准,2022-03-04
001309,数字芯片设计,申银万国行业分类标准,2024-07-30
001311,其他汽车零部件,申银万国行业分类标准,2023-02-06
001313,水产饲料,申银万国行业分类标准,2022-01-19
001314,消费电子零部件及组装,申银万国行业分类标准,2023-01-20
001316,油品石化贸易,申银万国行业分类标准,2022-06-17
001317,铁路运输,申银万国行业分类标准,2021-10-20
001318,乳品,申银万国行业分类标准,2022-04-26
001319,车身附件及饰件,申银万国行业分类标准,2022-12-02
001322,卫浴制品,申银万国行业分类标准,2022-09-09
001323,成品家居,申银万国行业分类标准,2022-08-05
001324,轨交设备Ⅲ,申银万国行业分类标准,2023-05-04
001325,其他橡胶制品,申银万国行业分类标准,2025-12-05
001326,照明设备Ⅲ,申银万国行业分类标准,2023-10-27
001328,洗护用品,申银万国行业分类标准,2023-03-27
001330,影视动漫制作,申银万国行业分类标准,2022-08-01
001331,燃气Ⅲ,申银万国行业分类标准,2022-08-01
001332,能源及重型设备,申银万国行业分类标准,2022-09-09
001333,合成树脂,申银万国行业分类标准,2022-10-28
001335,涂料油墨,申银万国行业分类标准,2025-03-21
001336,环保设备Ⅲ,申银万国行业分类标准,2022-07-08
001337,黄金,申银万国行业分类标准,2023-02-14
001338,其他农产品加工,申银万国行业分类标准,2022-10-28
001339,其他计算机设备,申银万国行业分类标准,2022-07-27
001356,其他家居用品,申银万国行业分类标准,2025-01-03
001358,其他化学制品,申银万国行业分类标准,2023-12-01
001359,膜材料,申银万国行业分类标准,2024-03-18
001360,能源及重型设备,申银万国行业分类标准,2023-03-27
001366,畜禽饲料,申银万国行业分类标准,2023-02-14
001367,原料药,申银万国行业分类标准,2023-03-20
001368,娱乐用品,申银万国行业分类标准,2023-02-24
001369,其他化学原料,申银万国行业分类标准,2025-12-11
001373,光学元件,申银万国行业分类标准,2023-05-18
001376,热力服务,申银万国行业分类标准,2023-10-27
001378,膜材料,申银万国行业分类标准,2023-10-13
001379,金属制品,申银万国行业分类标准,2023-12-29
001380,底盘与发动机系统,申银万国行业分类标准,2023-05-04
001382,线缆部件及其他,申银万国行业分类标准,2025-02-28
001386,瓷砖地板,申银万国行业分类标准,2025-09-25
001387,冰洗,申银万国行业分类标准,2023-12-22
001388,电网自动化设备,申银万国行业分类标准,2025-06-20
001389,印制电路板,申银万国行业分类标准,2024-03-14
001390,其他纺织,申银万国行业分类标准,2025-05-09
001391,跨境物流,申银万国行业分类标准,2025-01-03
001395,其他专用设备,申银万国行业分类标准,2025-01-08
001396,其他专业服务,申银万国行业分类标准,2025-12-11
001400,其他专用设备,申银万国行业分类标准,2025-04-11
001696,其他通用设备,申银万国行业分类标准,2021-07-30
001872,港口,申银万国行业分类标准,2021-07-30
001914,物业管理,申银万国行业分类标准,2021-07-30
001965,高速公路,申银万国行业分类标准,2021-07-30
001979,商业地产,申银万国行业分类标准,2021-07-30
002001,食品及饲料添加剂,申银万国行业分类标准,2024-08-07
002003,辅料,申银万国行业分类标准,2011-01-10
002004,化学制剂,申银万国行业分类标准,2021-07-30
002005,厨房小家电,申银万国行业分类标准,2021-07-30
002006,其他专用设备,申银万国行业分类标准,2017-06-29
002007,疫苗,申银万国行业分类标准,2022-07-29
002008,激光设备,申银万国行业分类标准,2021-07-30
002009,其他专用设备,申银万国行业分类标准,2008-06-02
002010,公路货运,申银万国行业分类标准,2021-07-30
002011,家电零部件Ⅲ,申银万国行业分类标准,2021-07-30
002012,特种纸,申银万国行业分类标准,2021-07-30
002014,塑料包装,申银万国行业分类标准,2021-07-30
002015,热力服务,申银万国行业分类标准,2020-07-22
002016,住宅开发,申银万国行业分类标准,2010-01-01
002017,通信终端及配件,申银万国行业分类标准,2021-07-30
002019,化学制剂,申银万国行业分类标准,2021-07-30
002020,化学制剂,申银万国行业分类标准,2019-07-08
002021,纺织服装设备,申银万国行业分类标准,2008-06-02
002022,体外诊断,申银万国行业分类标准,2021-07-30
002023,航空装备Ⅲ,申银万国行业分类标准,2014-01-01
002024,综合电商,申银万国行业分类标准,2021-07-30
002025,军工电子Ⅲ,申银万国行业分类标准,2021-07-30
002026,金属制品,申银万国行业分类标准,2021-07-30
002027,广告媒体,申银万国行业分类标准,2021-07-30
002028,输变电设备,申银万国行业分类标准,2021-07-30
002029,非运动服装,申银万国行业分类标准,2021-07-30
002030,体外诊断,申银万国行业分类标准,2021-07-30
002031,其他专用设备,申银万国行业分类标准,2017-06-29
002032,厨房小家电,申银万国行业分类标准,2021-07-30
002033,自然景区,申银万国行业分类标准,2021-07-30
002034,固废治理,申银万国行业分类标准,2021-07-30
002035,厨房电器,申银万国行业分类标准,2021-07-30
002036,光学元件,申银万国行业分类标准,2021-07-30
002037,民爆制品,申银万国行业分类标准,2008-01-02
002038,化学制剂,申银万国行业分类标准,2024-07-30
002039,水力发电,申银万国行业分类标准,2005-03-02
002040,港口,申银万国行业分类标准,2021-07-30
002041,种子,申银万国行业分类标准,2005-03-24
002042,棉纺,申银万国行业分类标准,2005-03-30
002043,其他建材,申银万国行业分类标准,2008-06-02
002044,医院,申银万国行业分类标准,2021-07-30
002045,品牌消费电子,申银万国行业分类标准,2021-07-30
002046,磨具磨料,申银万国行业分类标准,2022-07-29
002047,装修装饰Ⅲ,申银万国行业分类标准,2014-01-01
002048,车身附件及饰件,申银万国行业分类标准,2021-07-30
002049,数字芯片设计,申银万国行业分类标准,2021-07-30
002050,家电零部件Ⅲ,申银万国行业分类标准,2021-07-30
002051,国际工程,申银万国行业分类标准,2014-01-01
002052,其他黑色家电,申银万国行业分类标准,2006-01-27
002053,风力发电,申银万国行业分类标准,2024-12-06
002054,纺织化学制品,申银万国行业分类标准,2008-01-02
002055,消费电子零部件及组装,申银万国行业分类标准,2021-07-30
002056,光伏电池组件,申银万国行业分类标准,2023-07-04
002057,检测服务,申银万国行业分类标准,2023-07-04
002058,仪器仪表,申银万国行业分类标准,2022-07-29
002059,人工景区,申银万国行业分类标准,2021-07-30
002060,电能综合服务,申银万国行业分类标准,2022-07-29
002061,基建市政工程,申银万国行业分类标准,2021-07-30
002062,基建市政工程,申银万国行业分类标准,2021-07-30
002063,垂直应用软件,申银万国行业分类标准,2021-07-30
002064,氨纶,申银万国行业分类标准,2008-01-02
002065,IT服务Ⅲ,申银万国行业分类标准,2021-07-30
002066,耐火材料,申银万国行业分类标准,2014-01-01
002067,大宗用纸,申银万国行业分类标准,2021-07-30
002068,炭黑,申银万国行业分类标准,2011-01-10
002069,水产养殖,申银万国行业分类标准,2006-09-19
002072,贸易Ⅲ,申银万国行业分类标准,2023-07-04
002073,其他专用设备,申银万国行业分类标准,2013-07-01
002074,锂电池,申银万国行业分类标准,2021-07-30
002075,特钢Ⅲ,申银万国行业分类标准,2021-07-30
002076,照明设备Ⅲ,申银万国行业分类标准,2021-07-30
002077,集成电路封测,申银万国行业分类标准,2021-07-30
002078,大宗用纸,申银万国行业分类标准,2021-07-30
002079,电池化学品,申银万国行业分类标准,2024-07-30
002080,玻纤制造,申银万国行业分类标准,2021-07-30
002081,装修装饰Ⅲ,申银万国行业分类标准,2014-01-01
002082,中药Ⅲ,申银万国行业分类标准,2022-07-29
002083,棉纺,申银万国行业分类标准,2006-11-21
002084,卫浴制品,申银万国行业分类标准,2021-07-30
002085,轮胎轮毂,申银万国行业分类标准,2021-07-30
002086,体外诊断,申银万国行业分类标准,2022-07-29
002088,耐火材料,申银万国行业分类标准,2014-01-01
002090,电网自动化设备,申银万国行业分类标准,2021-07-30
002091,贸易Ⅲ,申银万国行业分类标准,2007-07-02
002092,氯碱,申银万国行业分类标准,2006-12-07
002093,学历教育,申银万国行业分类标准,2024-07-30
002094,化妆品制造及其他,申银万国行业分类标准,2021-07-30
002095,门户网站,申银万国行业分类标准,2021-07-30
002096,民爆制品,申银万国行业分类标准,2008-01-02
002097,工程机械整机,申银万国行业分类标准,2021-07-30
002098,辅料,申银万国行业分类标准,2011-01-10
002099,原料药,申银万国行业分类标准,2006-12-26
002100,畜禽饲料,申银万国行业分类标准,2021-07-30
002101,其他汽车零部件,申银万国行业分类标准,2021-07-30
002102,原料药,申银万国行业分类标准,2017-12-26
002103,文化用品,申银万国行业分类标准,2022-07-29
002104,通信终端及配件,申银万国行业分类标准,2021-07-30
002105,其他运输设备,申银万国行业分类标准,2014-01-01
002106,面板,申银万国行业分类标准,2007-01-12
002107,中药Ⅲ,申银万国行业分类标准,2007-01-24
002108,其他塑料制品,申银万国行业分类标准,2007-01-24
002109,其他化学原料,申银万国行业分类标准,2021-07-30
002110,长材,申银万国行业分类标准,2021-07-30
002111,航空装备Ⅲ,申银万国行业分类标准,2023-07-04
002112,输变电设备,申银万国行业分类标准,2021-07-30
002114,铅锌,申银万国行业分类标准,2008-06-02
002115,通信工程及服务,申银万国行业分类标准,2021-07-30
002116,其他专业工程,申银万国行业分类标准,2021-07-30
002117,印刷,申银万国行业分类标准,2021-07-30
002119,半导体材料,申银万国行业分类标准,2007-07-02
002120,快递,申银万国行业分类标准,2021-07-30
002121,电工仪器仪表,申银万国行业分类标准,2021-07-30
002122,机床工具,申银万国行业分类标准,2022-07-29
002123,通信应用增值服务,申银万国行业分类标准,2021-07-30
002124,生猪养殖,申银万国行业分类标准,2021-07-30
002125,电池化学品,申银万国行业分类标准,2022-07-29
002126,底盘与发动机系统,申银万国行业分类标准,2021-07-30
002127,电商服务,申银万国行业分类标准,2021-07-30
002128,动力煤,申银万国行业分类标准,2021-07-30
002129,硅料硅片,申银万国行业分类标准,2021-07-30
002130,其他电子Ⅲ,申银万国行业分类标准,2021-07-30
002131,金属制品,申银万国行业分类标准,2023-07-04
002132,金属制品,申银万国行业分类标准,2021-07-30
002133,住宅开发,申银万国行业分类标准,2007-04-27
002134,印制电路板,申银万国行业分类标准,2011-01-10
002135,钢结构,申银万国行业分类标准,2014-01-01
002136,钛白粉,申银万国行业分类标准,2021-07-30
002137,LED,申银万国行业分类标准,2022-07-29
002138,被动元件,申银万国行业分类标准,2011-01-10
002139,消费电子零部件及组装,申银万国行业分类标准,2021-07-30
002140,化学工程,申银万国行业分类标准,2014-01-01
002141,动物保健Ⅲ,申银万国行业分类标准,2024-07-30
002142,城商行Ⅲ,申银万国行业分类标准,2021-07-30
002144,其他纺织,申银万国行业分类标准,2011-01-10
002145,钛白粉,申银万国行业分类标准,2021-07-30
002146,住宅开发,申银万国行业分类标准,2007-08-07
002148,通信应用增值服务,申银万国行业分类标准,2021-07-30
002149,其他小金属,申银万国行业分类标准,2019-07-08
002150,金属制品,申银万国行业分类标准,2021-07-30
002151,军工电子Ⅲ,申银万国行业分类标准,2021-07-30
002152,其他计算机设备,申银万国行业分类标准,2021-07-30
002153,垂直应用软件,申银万国行业分类标准,2021-07-30
002154,非运动服装,申银万国行业分类标准,2021-07-30
002155,黄金,申银万国行业分类标准,2008-06-02
002156,集成电路封测,申银万国行业分类标准,2021-07-30
002157,生猪养殖,申银万国行业分类标准,2021-07-30
002158,制冷空调设备,申银万国行业分类标准,2008-06-02
002159,自然景区,申银万国行业分类标准,2021-07-30
002160,铝,申银万国行业分类标准,2008-06-02
002161,其他电子Ⅲ,申银万国行业分类标准,2009-01-01
002162,瓷砖地板,申银万国行业分类标准,2021-07-30
002163,装修装饰Ⅲ,申银万国行业分类标准,2022-07-29
002164,金属制品,申银万国行业分类标准,2021-07-30
002165,聚氨酯,申银万国行业分类标准,2014-01-01
002166,食品及饲料添加剂,申银万国行业分类标准,2022-07-29
002167,其他小金属,申银万国行业分类标准,2014-01-01
002168,配电设备,申银万国行业分类标准,2023-07-04
002169,电网自动化设备,申银万国行业分类标准,2021-07-30
002170,复合肥,申银万国行业分类标准,2021-07-30
002171,铜,申银万国行业分类标准,2008-06-02
002172,医院,申银万国行业分类标准,2022-07-29
002173,医院,申银万国行业分类标准,2021-07-30
002174,游戏Ⅲ,申银万国行业分类标准,2021-07-30
002175,仪器仪表,申银万国行业分类标准,2022-07-29
002176,电机Ⅲ,申银万国行业分类标准,2024-07-30
002177,其他计算机设备,申银万国行业分类标准,2021-07-30
002178,垂直应用软件,申银万国行业分类标准,2021-07-30
002179,军工电子Ⅲ,申银万国行业分类标准,2021-07-30
002180,其他计算机设备,申银万国行业分类标准,2023-03-17
002181,大众出版,申银万国行业分类标准,2021-07-30
002182,其他小金属,申银万国行业分类标准,2021-07-30
002183,贸易Ⅲ,申银万国行业分类标准,2024-07-30
002184,工控设备,申银万国行业分类标准,2021-07-30
002185,集成电路封测,申银万国行业分类标准,2021-07-30
002186,餐饮,申银万国行业分类标准,2021-07-30
002187,百货,申银万国行业分类标准,2014-01-01
002188,物业管理,申银万国行业分类标准,2022-07-29
002189,军工电子Ⅲ,申银万国行业分类标准,2021-07-30
002190,其他汽车零部件,申银万国行业分类标准,2022-07-29
002191,纸包装,申银万国行业分类标准,2021-07-30
002192,锂,申银万国行业分类标准,2022-04-01
002193,非运动服装,申银万国行业分类标准,2024-07-30
002194,通信网络设备及器件,申银万国行业分类标准,2021-07-30
002195,IT服务Ⅲ,申银万国行业分类标准,2021-07-30
002196,电机Ⅲ,申银万国行业分类标准,2008-06-02
002197,其他计算机设备,申银万国行业分类标准,2021-07-30
002198,中药Ⅲ,申银万国行业分类标准,2007-12-17
002199,被动元件,申银万国行业分类标准,2011-01-10
002200,园林工程,申银万国行业分类标准,2021-07-30
002201,玻纤制造,申银万国行业分类标准,2021-07-30
002202,风电整机,申银万国行业分类标准,2021-07-30
002203,铜,申银万国行业分类标准,2008-06-02
002204,能源及重型设备,申银万国行业分类标准,2021-07-30
002205,水泥制品,申银万国行业分类标准,2023-07-04
002206,涤纶,申银万国行业分类标准,2008-01-02
002207,油田服务,申银万国行业分类标准,2021-07-30
002208,住宅开发,申银万国行业分类标准,2008-01-02
002209,印刷包装机械,申银万国行业分类标准,2008-06-02
002210,固废治理,申银万国行业分类标准,2022-07-29
002211,有机硅,申银万国行业分类标准,2021-07-30
002212,横向通用软件,申银万国行业分类标准,2021-07-30
002213,数字芯片设计,申银万国行业分类标准,2023-07-04
002214,军工电子Ⅲ,申银万国行业分类标准,2021-07-30
002215,其他种植业,申银万国行业分类标准,2025-05-09
002216,预加工食品,申银万国行业分类标准,2021-07-30
002217,面板,申银万国行业分类标准,2015-07-01
002218,光伏发电,申银万国行业分类标准,2024-07-30
002219,医院,申银万国行业分类标准,2021-07-30
002221,其他石化,申银万国行业分类标准,2021-07-30
002222,光学元件,申银万国行业分类标准,2021-07-30
002223,医疗设备,申银万国行业分类标准,2021-07-30
002224,其他橡胶制品,申银万国行业分类标准,2008-06-02
002225,耐火材料,申银万国行业分类标准,2014-01-01
002226,民爆制品,申银万国行业分类标准,2008-06-02
002227,其他电源设备Ⅲ,申银万国行业分类标准,2022-07-29
002228,纸包装,申银万国行业分类标准,2021-07-30
002229,印刷,申银万国行业分类标准,2021-07-30
002230,横向通用软件,申银万国行业分类标准,2021-07-30
002231,军工电子Ⅲ,申银万国行业分类标准,2021-10-29
002232,IT服务Ⅲ,申银万国行业分类标准,2021-07-30
002233,水泥制造,申银万国行业分类标准,2008-06-02
002234,肉鸡养殖,申银万国行业分类标准,2021-07-30
002235,特种纸,申银万国行业分类标准,2021-07-30
002236,安防设备,申银万国行业分类标准,2021-07-30
002237,黄金,申银万国行业分类标准,2008-06-02
002238,电视广播Ⅲ,申银万国行业分类标准,2021-07-30
002239,汽车电子电气系统,申银万国行业分类标准,2021-07-30
002240,锂,申银万国行业分类标准,2021-07-30
002241,消费电子零部件及组装,申银万国行业分类标准,2021-07-30
002242,厨房小家电,申银万国行业分类标准,2021-07-30
002243,其他专业服务,申银万国行业分类标准,2025-08-11
002244,住宅开发,申银万国行业分类标准,2008-01-08
002245,锂电池,申银万国行业分类标准,2021-07-30
002246,民爆制品,申银万国行业分类标准,2017-06-29
002247,其他建材,申银万国行业分类标准,2022-07-29
002248,机床工具,申银万国行业分类标准,2014-01-01
002249,电机Ⅲ,申银万国行业分类标准,2014-01-01
002250,农药,申银万国行业分类标准,2021-07-30
002251,超市,申银万国行业分类标准,2014-01-01
002252,血液制品,申银万国行业分类标准,2021-07-30
002253,垂直应用软件,申银万国行业分类标准,2021-07-30
002254,其他化学纤维,申银万国行业分类标准,2023-07-04
002255,火电设备,申银万国行业分类标准,2021-07-30
002256,光伏发电,申银万国行业分类标准,2021-07-30
002258,农药,申银万国行业分类标准,2021-07-30
002259,燃气Ⅲ,申银万国行业分类标准,2018-07-13
002261,垂直应用软件,申银万国行业分类标准,2022-01-21
002262,化学制剂,申银万国行业分类标准,2008-10-07
002263,膜材料,申银万国行业分类标准,2021-07-30
002264,营销代理,申银万国行业分类标准,2023-12-08
002265,底盘与发动机系统,申银万国行业分类标准,2021-07-30
002266,固废治理,申银万国行业分类标准,2021-07-30
002267,燃气Ⅲ,申银万国行业分类标准,2008-01-22
002268,其他计算机设备,申银万国行业分类标准,2021-07-30
002269,非运动服装,申银万国行业分类标准,2021-07-30
002270,输变电设备,申银万国行业分类标准,2021-07-30
002271,防水材料,申银万国行业分类标准,2021-07-30
002272,其他通用设备,申银万国行业分类标准,2023-07-04
002273,光学元件,申银万国行业分类标准,2011-01-10
002274,煤化工,申银万国行业分类标准,2022-07-29
002275,中药Ⅲ,申银万国行业分类标准,2009-01-29
002276,线缆部件及其他,申银万国行业分类标准,2021-07-30
002277,百货,申银万国行业分类标准,2014-01-01
002278,能源及重型设备,申银万国行业分类标准,2014-01-01
002279,横向通用软件,申银万国行业分类标准,2021-07-30
002281,通信网络设备及器件,申银万国行业分类标准,2021-07-30
002282,磨具磨料,申银万国行业分类标准,2014-01-01
002283,底盘与发动机系统,申银万国行业分类标准,2021-07-30
002284,底盘与发动机系统,申银万国行业分类标准,2021-07-30
002285,房产租赁经纪,申银万国行业分类标准,2021-07-30
002286,其他农产品加工,申银万国行业分类标准,2011-01-10
002287,中药Ⅲ,申银万国行业分类标准,2009-01-12
002289,面板,申银万国行业分类标准,2009-01-17
002290,家电零部件Ⅲ,申银万国行业分类标准,2021-07-30
002291,营销代理,申银万国行业分类标准,2021-07-30
002292,影视动漫制作,申银万国行业分类标准,2021-07-30
002293,家纺,申银万国行业分类标准,2011-01-10
002294,化学制剂,申银万国行业分类标准,2011-01-10
002295,铜,申银万国行业分类标准,2014-01-01
002296,通信网络设备及器件,申银万国行业分类标准,2021-07-30
002297,航空装备Ⅲ,申银万国行业分类标准,2014-01-01
002298,垂直应用软件,申银万国行业分类标准,2021-07-30
002299,肉鸡养殖,申银万国行业分类标准,2021-07-30
002300,线缆部件及其他,申银万国行业分类标准,2021-07-30
002301,文化用品,申银万国行业分类标准,2021-07-30
002302,水泥制品,申银万国行业分类标准,2021-07-30
002303,纸包装,申银万国行业分类标准,2021-07-30
002304,白酒Ⅲ,申银万国行业分类标准,2021-07-30
002305,商业地产,申银万国行业分类标准,2021-07-30
002306,餐饮,申银万国行业分类标准,2023-07-04
002307,基建市政工程,申银万国行业分类标准,2021-07-30
002309,线缆部件及其他,申银万国行业分类标准,2022-07-29
002310,园林工程,申银万国行业分类标准,2021-07-30
002311,水产饲料,申银万国行业分类标准,2021-07-30
002312,磷肥及磷化工,申银万国行业分类标准,2021-07-30
002313,通信终端及配件,申银万国行业分类标准,2021-07-30
002314,住宅开发,申银万国行业分类标准,2018-07-13
002315,跨境电商,申银万国行业分类标准,2021-07-30
002316,金融信息服务,申银万国行业分类标准,2021-07-30
002317,中药Ⅲ,申银万国行业分类标准,2009-01-23
002318,特钢Ⅲ,申银万国行业分类标准,2021-07-30
002319,涂料油墨,申银万国行业分类标准,2009-01-23
002320,航运,申银万国行业分类标准,2021-07-30
002321,其他养殖,申银万国行业分类标准,2021-07-30
002322,垂直应用软件,申银万国行业分类标准,2021-07-30
002323,其他专业工程,申银万国行业分类标准,2022-07-01
002324,改性塑料,申银万国行业分类标准,2011-01-10
002326,氟化工,申银万国行业分类标准,2011-01-10
002327,家纺,申银万国行业分类标准,2011-01-10
002328,其他汽车零部件,申银万国行业分类标准,2021-07-30
002329,乳品,申银万国行业分类标准,2021-07-30
002330,肉制品,申银万国行业分类标准,2011-01-10
002331,IT服务Ⅲ,申银万国行业分类标准,2021-07-30
002332,原料药,申银万国行业分类标准,2022-07-29
002333,其他建材,申银万国行业分类标准,2014-01-01
002334,工控设备,申银万国行业分类标准,2021-07-30
002335,其他电源设备Ⅲ,申银万国行业分类标准,2021-07-30
002337,其他专用设备,申银万国行业分类标准,2014-01-01
002338,军工电子Ⅲ,申银万国行业分类标准,2021-07-30
002339,电网自动化设备,申银万国行业分类标准,2021-07-30
002340,电池化学品,申银万国行业分类标准,2021-07-30
002342,金属制品,申银万国行业分类标准,2021-07-30
002343,影视动漫制作,申银万国行业分类标准,2021-07-30
002344,商业物业经营,申银万国行业分类标准,2021-07-30
002345,钟表珠宝,申银万国行业分类标准,2021-07-30
002346,配电设备,申银万国行业分类标准,2022-07-29
002347,金属制品,申银万国行业分类标准,2021-07-30
002348,娱乐用品,申银万国行业分类标准,2021-07-30
002349,中药Ⅲ,申银万国行业分类标准,2010-01-14
002350,配电设备,申银万国行业分类标准,2021-07-30
002351,品牌消费电子,申银万国行业分类标准,2021-07-30
002352,快递,申银万国行业分类标准,2021-07-30
002353,能源及重型设备,申银万国行业分类标准,2014-01-01
002354,营销代理,申银万国行业分类标准,2023-07-04
002355,轮胎轮毂,申银万国行业分类标准,2021-07-30
002356,多业态零售,申银万国行业分类标准,2021-07-30
002357,公交,申银万国行业分类标准,2021-07-30
002358,输变电设备,申银万国行业分类标准,2021-07-30
002360,民爆制品,申银万国行业分类标准,2010-01-03
002361,合成树脂,申银万国行业分类标准,2021-07-30
002362,垂直应用软件,申银万国行业分类标准,2021-07-30
002363,底盘与发动机系统,申银万国行业分类标准,2021-07-30
002364,其他电源设备Ⅲ,申银万国行业分类标准,2021-07-30
002365,原料药,申银万国行业分类标准,2010-01-09
002366,其他电源设备Ⅲ,申银万国行业分类标准,2021-07-30
002367,楼宇设备,申银万国行业分类标准,2014-01-01
002368,IT服务Ⅲ,申银万国行业分类标准,2021-07-30
002369,消费电子零部件及组装,申银万国行业分类标准,2021-07-30
002370,化学制剂,申银万国行业分类标准,2010-01-23
002371,半导体设备,申银万国行业分类标准,2021-07-30
002372,管材,申银万国行业分类标准,2014-01-01
002373,IT服务Ⅲ,申银万国行业分类标准,2021-07-30
002374,金属包装,申银万国行业分类标准,2021-07-30
002375,装修装饰Ⅲ,申银万国行业分类标准,2014-01-01
002376,其他计算机设备,申银万国行业分类标准,2021-07-30
002377,其他石化,申银万国行业分类标准,2024-07-30
002378,钨,申银万国行业分类标准,2014-01-01
002379,铝,申银万国行业分类标准,2014-01-01
002380,IT服务Ⅲ,申银万国行业分类标准,2021-07-30
002381,其他橡胶制品,申银万国行业分类标准,2010-01-17
002382,医疗耗材,申银万国行业分类标准,2021-07-30
002383,军工电子Ⅲ,申银万国行业分类标准,2021-07-30
002384,印制电路板,申银万国行业分类标准,2019-07-08
002385,畜禽饲料,申银万国行业分类标准,2021-07-30
002386,氯碱,申银万国行业分类标准,2010-01-22
002387,面板,申银万国行业分类标准,2019-07-08
002388,其他电子Ⅲ,申银万国行业分类标准,2010-01-23
002389,航空装备Ⅲ,申银万国行业分类标准,2019-07-08
002390,中药Ⅲ,申银万国行业分类标准,2015-07-01
002391,农药,申银万国行业分类标准,2021-07-30
002392,耐火材料,申银万国行业分类标准,2014-01-01
002393,化学制剂,申银万国行业分类标准,2010-01-06
002394,棉纺,申银万国行业分类标准,2010-01-06
002395,合成树脂,申银万国行业分类标准,2021-07-30
002396,通信网络设备及器件,申银万国行业分类标准,2021-07-30
002397,家纺,申银万国行业分类标准,2011-01-10
002398,其他建材,申银万国行业分类标准,2014-01-01
002399,化学制剂,申银万国行业分类标准,2024-07-30
002400,营销代理,申银万国行业分类标准,2021-07-30
002401,IT服务Ⅲ,申银万国行业分类标准,2021-07-30
002402,消费电子零部件及组装,申银万国行业分类标准,2025-08-11
002403,厨房小家电,申银万国行业分类标准,2021-07-30
002404,非运动服装,申银万国行业分类标准,2024-07-30
002405,垂直应用软件,申银万国行业分类标准,2021-07-30
002406,底盘与发动机系统,申银万国行业分类标准,2021-07-30
002407,氟化工,申银万国行业分类标准,2011-01-10
002408,其他石化,申银万国行业分类标准,2021-07-30
002409,半导体材料,申银万国行业分类标准,2020-06-08
002410,垂直应用软件,申银万国行业分类标准,2021-07-30
002412,中药Ⅲ,申银万国行业分类标准,2010-01-12
002413,军工电子Ⅲ,申银万国行业分类标准,2021-07-30
002414,军工电子Ⅲ,申银万国行业分类标准,2021-07-30
002415,安防设备,申银万国行业分类标准,2021-07-30
002416,专业连锁Ⅲ,申银万国行业分类标准,2014-01-01
002418,家电零部件Ⅲ,申银万国行业分类标准,2021-07-30
002419,百货,申银万国行业分类标准,2017-06-29
002420,家电零部件Ⅲ,申银万国行业分类标准,2021-07-30
002421,IT服务Ⅲ,申银万国行业分类标准,2021-07-30
002422,化学制剂,申银万国行业分类标准,2010-01-20
002423,金融控股,申银万国行业分类标准,2021-07-30
002424,中药Ⅲ,申银万国行业分类标准,2010-01-20
002425,游戏Ⅲ,申银万国行业分类标准,2021-07-30
002426,消费电子零部件及组装,申银万国行业分类标准,2022-07-29
002427,涤纶,申银万国行业分类标准,2010-01-07
002428,其他小金属,申银万国行业分类标准,2014-01-01
002429,彩电,申银万国行业分类标准,2011-01-10
002430,其他化学制品,申银万国行业分类标准,2024-07-30
002431,园林工程,申银万国行业分类标准,2021-07-30
002432,体外诊断,申银万国行业分类标准,2022-07-29
002434,底盘与发动机系统,申银万国行业分类标准,2021-07-30
002436,印制电路板,申银万国行业分类标准,2011-01-10
002437,化学制剂,申银万国行业分类标准,2010-01-01
002438,金属制品,申银万国行业分类标准,2021-07-30
002439,横向通用软件,申银万国行业分类标准,2021-07-30
002440,纺织化学制品,申银万国行业分类标准,2010-01-10
002441,配电设备,申银万国行业分类标准,2021-07-30
002442,炭黑,申银万国行业分类标准,2011-01-10
002443,特钢Ⅲ,申银万国行业分类标准,2021-07-30
002444,其他通用设备,申银万国行业分类标准,2014-01-01
002445,金属制品,申银万国行业分类标准,2022-07-29
002446,军工电子Ⅲ,申银万国行业分类标准,2021-07-30
002448,底盘与发动机系统,申银万国行业分类标准,2021-07-30
002449,LED,申银万国行业分类标准,2011-01-10
002451,线缆部件及其他,申银万国行业分类标准,2021-07-30
002452,输变电设备,申银万国行业分类标准,2021-07-30
002453,其他化学制品,申银万国行业分类标准,2010-01-16
002454,汽车电子电气系统,申银万国行业分类标准,2021-07-30
002455,其他化学制品,申银万国行业分类标准,2010-01-02
002456,光学元件,申银万国行业分类标准,2011-01-10
002457,管材,申银万国行业分类标准,2014-01-01
002458,肉鸡养殖,申银万国行业分类标准,2021-07-30
002459,光伏电池组件,申银万国行业分类标准,2021-07-30
002460,锂,申银万国行业分类标准,2021-07-30
002461,啤酒,申银万国行业分类标准,2021-07-30
002462,医药流通,申银万国行业分类标准,2021-07-30
002463,印制电路板,申银万国行业分类标准,2011-01-10
002465,军工电子Ⅲ,申银万国行业分类标准,2021-07-30
002466,锂,申银万国行业分类标准,2021-07-30
002467,通信应用增值服务,申银万国行业分类标准,2021-07-30
002468,快递,申银万国行业分类标准,2021-07-30
002469,化学工程,申银万国行业分类标准,2014-01-01
002470,复合肥,申银万国行业分类标准,2021-07-30
002471,线缆部件及其他,申银万国行业分类标准,2021-07-30
002472,底盘与发动机系统,申银万国行业分类标准,2021-07-30
002474,IT服务Ⅲ,申银万国行业分类标准,2021-07-30
002475,消费电子零部件及组装,申银万国行业分类标准,2021-07-30
002476,其他石化,申银万国行业分类标准,2021-07-30
002478,特钢Ⅲ,申银万国行业分类标准,2021-07-30
002479,热力服务,申银万国行业分类标准,2021-07-30
002480,光伏发电,申银万国行业分类标准,2023-07-04
002481,其他农产品加工,申银万国行业分类标准,2021-07-30
002482,装修装饰Ⅲ,申银万国行业分类标准,2014-01-01
002483,能源及重型设备,申银万国行业分类标准,2021-07-30
002484,被动元件,申银万国行业分类标准,2011-01-10
002485,原材料供应链服务,申银万国行业分类标准,2025-08-11
002486,运动服装,申银万国行业分类标准,2024-07-30
002487,风电零部件,申银万国行业分类标准,2021-07-30
002488,轮胎轮毂,申银万国行业分类标准,2021-07-30
002489,成品家居,申银万国行业分类标准,2021-07-30
002490,能源及重型设备,申银万国行业分类标准,2014-01-01
002491,通信线缆及配套,申银万国行业分类标准,2021-07-30
002492,仓储物流,申银万国行业分类标准,2021-07-30
002493,炼油化工,申银万国行业分类标准,2021-07-30
002494,非运动服装,申银万国行业分类标准,2021-07-30
002495,调味发酵品Ⅲ,申银万国行业分类标准,2021-07-30
002496,农药,申银万国行业分类标准,2021-07-30
002497,民爆制品,申银万国行业分类标准,2024-07-30
002498,线缆部件及其他,申银万国行业分类标准,2021-07-30
002500,证券Ⅲ,申银万国行业分类标准,2010-11-01
002501,铝,申银万国行业分类标准,2014-01-01
002506,光伏电池组件,申银万国行业分类标准,2021-07-30
002507,调味发酵品Ⅲ,申银万国行业分类标准,2021-07-30
002508,厨房电器,申银万国行业分类标准,2021-07-30
002510,其他汽车零部件,申银万国行业分类标准,2021-07-30
002511,生活用纸,申银万国行业分类标准,2021-07-30
002512,其他计算机设备,申银万国行业分类标准,2021-07-30
002513,农药,申银万国行业分类标准,2021-07-30
002514,金属制品,申银万国行业分类标准,2021-07-30
002515,肉制品,申银万国行业分类标准,2011-01-10
002516,车身附件及饰件,申银万国行业分类标准,2021-07-30
002517,游戏Ⅲ,申银万国行业分类标准,2021-07-30
002518,其他电源设备Ⅲ,申银万国行业分类标准,2021-07-30
002519,地面兵装Ⅲ,申银万国行业分类标准,2023-08-21
002520,机床工具,申银万国行业分类标准,2010-12-01
002521,特种纸,申银万国行业分类标准,2021-07-30
002522,膜材料,申银万国行业分类标准,2021-07-30
002523,能源及重型设备,申银万国行业分类标准,2021-07-30
002524,医院,申银万国行业分类标准,2021-07-30
002526,能源及重型设备,申银万国行业分类标准,2014-01-01
002527,楼宇设备,申银万国行业分类标准,2024-07-30
002528,安防设备,申银万国行业分类标准,2021-07-30
002529,其他专用设备,申银万国行业分类标准,2014-01-01
002530,其他专用设备,申银万国行业分类标准,2024-07-30
002531,风电零部件,申银万国行业分类标准,2021-07-30
002532,铝,申银万国行业分类标准,2021-07-30
002533,线缆部件及其他,申银万国行业分类标准,2021-07-30
002534,火电设备,申银万国行业分类标准,2021-07-30
002535,能源及重型设备,申银万国行业分类标准,2014-01-01
002536,底盘与发动机系统,申银万国行业分类标准,2021-07-30
002537,车身附件及饰件,申银万国行业分类标准,2021-07-30
002538,复合肥,申银万国行业分类标准,2021-07-30
002539,复合肥,申银万国行业分类标准,2021-07-30
002540,铝,申银万国行业分类标准,2011-01-06
002541,钢结构,申银万国行业分类标准,2014-01-01
002542,其他专业工程,申银万国行业分类标准,2014-01-01
002543,卫浴电器,申银万国行业分类标准,2021-07-30
002544,通信工程及服务,申银万国行业分类标准,2021-07-30
002545,钾肥,申银万国行业分类标准,2022-07-29
002546,电工仪器仪表,申银万国行业分类标准,2021-07-30
002547,其他汽车零部件,申银万国行业分类标准,2022-07-29
002548,畜禽饲料,申银万国行业分类标准,2021-07-30
002549,其他化学制品,申银万国行业分类标准,2011-10-10
002550,化学制剂,申银万国行业分类标准,2019-07-08
002551,医疗耗材,申银万国行业分类标准,2021-07-30
002552,金属制品,申银万国行业分类标准,2021-07-30
002553,底盘与发动机系统,申银万国行业分类标准,2021-07-30
002554,油气及炼化工程,申银万国行业分类标准,2021-07-30
002555,游戏Ⅲ,申银万国行业分类标准,2021-07-30
002556,农业综合Ⅲ,申银万国行业分类标准,2021-07-30
002557,零食,申银万国行业分类标准,2021-07-30
002558,游戏Ⅲ,申银万国行业分类标准,2021-07-30
002559,机床工具,申银万国行业分类标准,2011-02-23
002560,线缆部件及其他,申银万国行业分类标准,2021-07-30
002561,百货,申银万国行业分类标准,2014-01-01
002562,食品及饲料添加剂,申银万国行业分类标准,2021-07-30
002563,非运动服装,申银万国行业分类标准,2021-07-30
002564,其他专业工程,申银万国行业分类标准,2022-07-29
002565,纸包装,申银万国行业分类标准,2021-07-30
002566,中药Ⅲ,申银万国行业分类标准,2011-01-09
002567,畜禽饲料,申银万国行业分类标准,2021-07-30
002568,其他酒类,申银万国行业分类标准,2021-07-30
002569,非运动服装,申银万国行业分类标准,2021-07-30
002570,乳品,申银万国行业分类标准,2021-07-30
002571,其他家居用品,申银万国行业分类标准,2021-07-30
002572,定制家居,申银万国行业分类标准,2021-07-30
002573,水务及水治理,申银万国行业分类标准,2023-07-04
002574,钟表珠宝,申银万国行业分类标准,2021-07-30
002575,娱乐用品,申银万国行业分类标准,2021-07-30
002576,电机Ⅲ,申银万国行业分类标准,2014-01-01
002577,其他计算机设备,申银万国行业分类标准,2021-07-30
002578,铝,申银万国行业分类标准,2014-01-01
002579,印制电路板,申银万国行业分类标准,2011-10-10
002580,蓄电池及其他电池,申银万国行业分类标准,2021-07-30
002581,其他生物制品,申银万国行业分类标准,2021-07-30
002582,零食,申银万国行业分类标准,2021-07-30
002583,通信网络设备及器件,申银万国行业分类标准,2021-07-30
002584,电子化学品Ⅲ,申银万国行业分类标准,2021-07-30
002585,膜材料,申银万国行业分类标准,2021-07-30
002586,基建市政工程,申银万国行业分类标准,2021-07-30
002587,LED,申银万国行业分类标准,2011-10-10
002588,复合肥,申银万国行业分类标准,2021-07-30
002589,医药流通,申银万国行业分类标准,2021-07-30
002590,底盘与发动机系统,申银万国行业分类标准,2021-07-30
002591,其他化学制品,申银万国行业分类标准,2022-07-29
002592,底盘与发动机系统,申银万国行业分类标准,2021-07-30
002593,钢结构,申银万国行业分类标准,2019-07-08
002594,电动乘用车,申银万国行业分类标准,2021-07-30
002595,其他专用设备,申银万国行业分类标准,2017-06-29
002596,水泥制品,申银万国行业分类标准,2021-07-30
002597,食品及饲料添加剂,申银万国行业分类标准,2021-07-30
002598,其他通用设备,申银万国行业分类标准,2011-06-29
002599,印刷,申银万国行业分类标准,2021-07-30
002600,消费电子零部件及组装,申银万国行业分类标准,2021-07-30
002601,钛白粉,申银万国行业分类标准,2021-07-30
002602,游戏Ⅲ,申银万国行业分类标准,2021-07-30
002603,中药Ⅲ,申银万国行业分类标准,2011-01-19
002605,游戏Ⅲ,申银万国行业分类标准,2021-07-30
002606,线缆部件及其他,申银万国行业分类标准,2021-07-30
002607,培训教育,申银万国行业分类标准,2021-07-30
002608,火力发电,申银万国行业分类标准,2018-07-13
002609,IT服务Ⅲ,申银万国行业分类标准,2021-07-30
002611,印刷包装机械,申银万国行业分类标准,2020-06-17
002612,非运动服装,申银万国行业分类标准,2021-07-30
002613,玻璃制造,申银万国行业分类标准,2021-07-30
002614,其他家电Ⅲ,申银万国行业分类标准,2021-07-30
002615,其他家居用品,申银万国行业分类标准,2021-07-30
002616,其他能源发电,申银万国行业分类标准,2021-07-30
002617,光伏发电,申银万国行业分类标准,2021-07-30
002620,装修装饰Ⅲ,申银万国行业分类标准,2014-01-01
002622,医院,申银万国行业分类标准,2023-07-04
002623,光伏辅材,申银万国行业分类标准,2021-07-30
002624,游戏Ⅲ,申银万国行业分类标准,2021-07-30
002625,航空装备Ⅲ,申银万国行业分类标准,2021-07-30
002626,保健品,申银万国行业分类标准,2021-07-30
002627,公交,申银万国行业分类标准,2021-07-30
002628,基建市政工程,申银万国行业分类标准,2021-07-30
002629,油田服务,申银万国行业分类标准,2021-07-30
002630,火电设备,申银万国行业分类标准,2014-01-01
002631,瓷砖地板,申银万国行业分类标准,2025-08-11
002632,膜材料,申银万国行业分类标准,2021-07-30
002633,金属制品,申银万国行业分类标准,2021-07-30
002634,非运动服装,申银万国行业分类标准,2024-07-30
002635,消费电子零部件及组装,申银万国行业分类标准,2021-07-30
002636,印制电路板,申银万国行业分类标准,2011-01-16
002637,其他化学制品,申银万国行业分类标准,2021-07-30
002638,照明设备Ⅲ,申银万国行业分类标准,2024-07-30
002639,制冷空调设备,申银万国行业分类标准,2011-11-18
002640,跨境电商,申银万国行业分类标准,2021-07-30
002641,管材,申银万国行业分类标准,2011-11-30
002642,IT服务Ⅲ,申银万国行业分类标准,2021-07-30
002643,电子化学品Ⅲ,申银万国行业分类标准,2021-07-30
002644,中药Ⅲ,申银万国行业分类标准,2011-01-13
002645,环保设备Ⅲ,申银万国行业分类标准,2021-07-30
002646,白酒Ⅲ,申银万国行业分类标准,2021-07-30
002647,金融信息服务,申银万国行业分类标准,2021-07-30
002648,其他化学原料,申银万国行业分类标准,2022-07-29
002649,IT服务Ⅲ,申银万国行业分类标准,2021-07-30
002650,调味发酵品Ⅲ,申银万国行业分类标准,2021-07-30
002651,航空装备Ⅲ,申银万国行业分类标准,2022-07-29
002652,其他建材,申银万国行业分类标准,2012-01-11
002653,化学制剂,申银万国行业分类标准,2012-01-09
002654,LED,申银万国行业分类标准,2021-07-30
002655,消费电子零部件及组装,申银万国行业分类标准,2021-07-30
002656,非运动服装,申银万国行业分类标准,2021-07-30
002657,IT服务Ⅲ,申银万国行业分类标准,2021-07-30
002658,环保设备Ⅲ,申银万国行业分类标准,2021-07-30
002659,学历教育,申银万国行业分类标准,2021-07-30
002660,消费电子零部件及组装,申银万国行业分类标准,2021-07-30
002661,预加工食品,申银万国行业分类标准,2023-03-31
002662,车身附件及饰件,申银万国行业分类标准,2021-07-30
002663,园林工程,申银万国行业分类标准,2021-07-30
002664,汽车电子电气系统,申银万国行业分类标准,2021-07-30
002666,其他化学制品,申银万国行业分类标准,2012-01-14
002667,能源及重型设备,申银万国行业分类标准,2014-01-01
002668,冰洗,申银万国行业分类标准,2021-07-30
002669,胶黏剂及胶带,申银万国行业分类标准,2021-07-30
002670,证券Ⅲ,申银万国行业分类标准,2017-06-29
002671,水泥制品,申银万国行业分类标准,2021-07-30
002672,固废治理,申银万国行业分类标准,2021-07-30
002673,证券Ⅲ,申银万国行业分类标准,2012-04-23
002674,辅料,申银万国行业分类标准,2012-07-02
002675,化学制剂,申银万国行业分类标准,2017-06-29
002676,家电零部件Ⅲ,申银万国行业分类标准,2021-07-30
002677,厨房电器,申银万国行业分类标准,2021-07-30
002678,娱乐用品,申银万国行业分类标准,2021-07-30
002679,林业Ⅲ,申银万国行业分类标准,2012-01-23
002681,消费电子零部件及组装,申银万国行业分类标准,2021-07-30
002682,公路货运,申银万国行业分类标准,2021-07-30
002683,民爆制品,申银万国行业分类标准,2012-01-30
002685,工程机械整机,申银万国行业分类标准,2024-07-30
002686,制冷空调设备,申银万国行业分类标准,2021-07-30
002687,非运动服装,申银万国行业分类标准,2021-07-30
002688,动物保健Ⅲ,申银万国行业分类标准,2012-01-05
002689,楼宇设备,申银万国行业分类标准,2012-07-09
002690,其他专用设备,申银万国行业分类标准,2012-07-20
002691,能源及重型设备,申银万国行业分类标准,2014-01-01
002692,线缆部件及其他,申银万国行业分类标准,2021-07-30
002693,化学制剂,申银万国行业分类标准,2022-07-29
002694,管材,申银万国行业分类标准,2012-08-08
002695,熟食,申银万国行业分类标准,2021-07-30
002696,水产饲料,申银万国行业分类标准,2022-07-29
002697,超市,申银万国行业分类标准,2014-01-01
002698,机器人,申银万国行业分类标准,2021-07-30
002700,燃气Ⅲ,申银万国行业分类标准,2012-01-11
002701,金属包装,申银万国行业分类标准,2021-07-30
002702,预加工食品,申银万国行业分类标准,2021-07-30
002703,底盘与发动机系统,申银万国行业分类标准,2021-07-30
002705,厨房小家电,申银万国行业分类标准,2021-07-30
002706,配电设备,申银万国行业分类标准,2021-07-30
002707,旅游综合,申银万国行业分类标准,2021-07-30
002708,底盘与发动机系统,申银万国行业分类标准,2021-07-30
002709,电池化学品,申银万国行业分类标准,2021-07-30
002712,营销代理,申银万国行业分类标准,2021-07-30
002713,装修装饰Ⅲ,申银万国行业分类标准,2014-01-08
002714,生猪养殖,申银万国行业分类标准,2021-07-30
002715,底盘与发动机系统,申银万国行业分类标准,2021-07-30
002716,白银,申银万国行业分类标准,2021-07-30
002717,园林工程,申银万国行业分类标准,2021-07-30
002718,其他建材,申银万国行业分类标准,2014-01-22
002719,烘焙食品,申银万国行业分类标准,2024-07-30
002721,钟表珠宝,申银万国行业分类标准,2021-07-30
002722,纺织服装设备,申银万国行业分类标准,2024-07-30
002723,照明设备Ⅲ,申银万国行业分类标准,2021-07-30
002724,照明设备Ⅲ,申银万国行业分类标准,2024-07-30
002725,轮胎轮毂,申银万国行业分类标准,2021-07-30
002726,肉制品,申银万国行业分类标准,2014-01-20
002727,线下药店,申银万国行业分类标准,2021-07-30
002728,中药Ⅲ,申银万国行业分类标准,2019-07-08
002729,其他电子Ⅲ,申银万国行业分类标准,2014-01-16
002730,能源及重型设备,申银万国行业分类标准,2014-01-26
002731,钟表珠宝,申银万国行业分类标准,2021-07-30
002732,乳品,申银万国行业分类标准,2021-07-30
002733,蓄电池及其他电池,申银万国行业分类标准,2021-07-30
002734,农药,申银万国行业分类标准,2021-07-30
002735,塑料包装,申银万国行业分类标准,2021-07-30
002736,证券Ⅲ,申银万国行业分类标准,2014-01-19
002737,中药Ⅲ,申银万国行业分类标准,2014-01-19
002738,其他小金属,申银万国行业分类标准,2021-07-30
002739,院线,申银万国行业分类标准,2021-07-30
002741,电子化学品Ⅲ,申银万国行业分类标准,2021-07-30
002742,化学制剂,申银万国行业分类标准,2022-07-29
002743,钢结构,申银万国行业分类标准,2015-01-15
002745,LED,申银万国行业分类标准,2015-01-15
002746,肉鸡养殖,申银万国行业分类标准,2021-07-30
002747,机器人,申银万国行业分类标准,2021-07-30
002748,氯碱,申银万国行业分类标准,2021-07-30
002749,农药,申银万国行业分类标准,2021-07-30
002752,金属包装,申银万国行业分类标准,2021-07-30
002753,炭黑,申银万国行业分类标准,2015-01-06
002755,化学制剂,申银万国行业分类标准,2019-07-08
002756,锂,申银万国行业分类标准,2022-07-29
002757,其他专用设备,申银万国行业分类标准,2015-01-25
002758,综合Ⅲ,申银万国行业分类标准,2023-07-04
002759,电池化学品,申银万国行业分类标准,2021-07-30
002760,磨具磨料,申银万国行业分类标准,2017-06-29
002761,房屋建设Ⅲ,申银万国行业分类标准,2020-09-03
002762,非运动服装,申银万国行业分类标准,2021-07-30
002763,非运动服装,申银万国行业分类标准,2024-07-30
002765,其他汽车零部件,申银万国行业分类标准,2025-08-11
002766,汽车电子电气系统,申银万国行业分类标准,2021-07-30
002767,仪器仪表,申银万国行业分类标准,2021-07-30
002768,改性塑料,申银万国行业分类标准,2015-01-18
002769,中间产品及消费品供应链服务,申银万国行业分类标准,2021-07-30
002771,IT服务Ⅲ,申银万国行业分类标准,2021-07-30
002772,食用菌,申银万国行业分类标准,2021-07-30
002773,其他生物制品,申银万国行业分类标准,2024-07-30
002774,楼宇设备,申银万国行业分类标准,2017-03-06
002775,园林工程,申银万国行业分类标准,2021-07-30
002777,IT服务Ⅲ,申银万国行业分类标准,2021-07-30
002778,水务及水治理,申银万国行业分类标准,2024-07-30
002779,其他专用设备,申银万国行业分类标准,2017-06-29
002780,运动服装,申银万国行业分类标准,2021-07-30
002782,其他电子Ⅲ,申银万国行业分类标准,2022-07-29
002783,民爆制品,申银万国行业分类标准,2015-06-25
002785,其他建材,申银万国行业分类标准,2015-12-24
002786,其他专用设备,申银万国行业分类标准,2017-06-29
002787,金属包装,申银万国行业分类标准,2021-07-30
002788,医药流通,申银万国行业分类标准,2021-07-30
002789,装修装饰Ⅲ,申银万国行业分类标准,2016-02-23
002790,卫浴制品,申银万国行业分类标准,2021-07-30
002791,其他建材,申银万国行业分类标准,2016-03-10
002792,通信网络设备及器件,申银万国行业分类标准,2021-07-30
002793,化学制剂,申银万国行业分类标准,2020-06-01
002795,金属制品,申银万国行业分类标准,2021-07-30
002796,通信网络设备及器件,申银万国行业分类标准,2022-07-29
002797,证券Ⅲ,申银万国行业分类标准,2016-04-25
002798,瓷砖地板,申银万国行业分类标准,2021-07-30
002799,纸包装,申银万国行业分类标准,2021-07-30
002800,公路货运,申银万国行业分类标准,2021-07-30
002801,电机Ⅲ,申银万国行业分类标准,2016-06-07
002802,其他化学制品,申银万国行业分类标准,2016-06-07
002803,跨境电商,申银万国行业分类标准,2021-07-30
002805,电池化学品,申银万国行业分类标准,2022-07-29
002806,底盘与发动机系统,申银万国行业分类标准,2023-07-04
002807,农商行Ⅲ,申银万国行业分类标准,2021-07-30
002808,光学元件,申银万国行业分类标准,2017-06-29
002809,其他化学制品,申银万国行业分类标准,2016-08-09
002810,其他化学制品,申银万国行业分类标准,2016-08-08
002811,装修装饰Ⅲ,申银万国行业分类标准,2016-08-22
002812,电池化学品,申银万国行业分类标准,2021-07-30
002813,汽车电子电气系统,申银万国行业分类标准,2021-07-30
002815,印制电路板,申银万国行业分类标准,2016-09-12
002816,其他专用设备,申银万国行业分类标准,2016-09-27
002817,原料药,申银万国行业分类标准,2022-07-29
002818,商业物业经营,申银万国行业分类标准,2021-07-30
002819,仪器仪表,申银万国行业分类标准,2021-07-30
002820,烘焙食品,申银万国行业分类标准,2021-07-30
002821,医疗研发外包,申银万国行业分类标准,2021-07-30
002822,装修装饰Ⅲ,申银万国行业分类标准,2016-11-08
002823,电机Ⅲ,申银万国行业分类标准,2016-11-07
002824,铝,申银万国行业分类标准,2016-12-22
002825,其他塑料制品,申银万国行业分类标准,2016-12-19
002826,化学制剂,申银万国行业分类标准,2021-07-30
002827,民爆制品,申银万国行业分类标准,2016-11-14
002828,油田服务,申银万国行业分类标准,2021-07-30
002829,航天装备Ⅲ,申银万国行业分类标准,2016-12-11
002830,装修装饰Ⅲ,申银万国行业分类标准,2016-11-29
002831,纸包装,申银万国行业分类标准,2021-07-30
002832,非运动服装,申银万国行业分类标准,2021-07-30
002833,其他专用设备,申银万国行业分类标准,2016-12-07
002835,安防设备,申银万国行业分类标准,2021-07-30
002836,纸包装,申银万国行业分类标准,2021-07-30
002837,其他专用设备,申银万国行业分类标准,2016-12-15
002838,改性塑料,申银万国行业分类标准,2016-12-15
002839,农商行Ⅲ,申银万国行业分类标准,2021-07-30
002840,肉制品,申银万国行业分类标准,2016-12-16
002841,品牌消费电子,申银万国行业分类标准,2022-07-29
002842,钨,申银万国行业分类标准,2016-12-27
002843,金属制品,申银万国行业分类标准,2021-07-30
002845,面板,申银万国行业分类标准,2017-01-05
002846,金属包装,申银万国行业分类标准,2021-07-30
002847,零食,申银万国行业分类标准,2021-07-30
002848,彩电,申银万国行业分类标准,2024-07-30
002849,仪器仪表,申银万国行业分类标准,2021-07-30
002850,锂电池,申银万国行业分类标准,2021-07-30
002851,其他电源设备Ⅲ,申银万国行业分类标准,2017-02-14
002852,粮油加工,申银万国行业分类标准,2017-02-20
002853,定制家居,申银万国行业分类标准,2021-07-30
002855,消费电子零部件及组装,申银万国行业分类标准,2021-07-30
002856,装修装饰Ⅲ,申银万国行业分类标准,2017-02-27
002857,电工仪器仪表,申银万国行业分类标准,2021-07-30
002858,体育Ⅲ,申银万国行业分类标准,2021-07-30
002859,其他电子Ⅲ,申银万国行业分类标准,2021-07-30
002860,家电零部件Ⅲ,申银万国行业分类标准,2021-07-30
002861,消费电子零部件及组装,申银万国行业分类标准,2021-07-30
002862,娱乐用品,申银万国行业分类标准,2021-07-30
002863,轮胎轮毂,申银万国行业分类标准,2021-07-30
002864,中药Ⅲ,申银万国行业分类标准,2017-10-25
002865,光伏电池组件,申银万国行业分类标准,2022-07-29
002866,消费电子零部件及组装,申银万国行业分类标准,2021-07-30
002867,钟表珠宝,申银万国行业分类标准,2021-07-30
002868,动物保健Ⅲ,申银万国行业分类标准,2017-04-10
002869,其他计算机设备,申银万国行业分类标准,2024-07-30
002870,汽车电子电气系统,申银万国行业分类标准,2022-07-29
002871,金属制品,申银万国行业分类标准,2021-07-30
002872,化学制剂,申银万国行业分类标准,2022-07-29
002873,中药Ⅲ,申银万国行业分类标准,2017-05-04
002875,非运动服装,申银万国行业分类标准,2021-07-30
002876,面板,申银万国行业分类标准,2017-05-12
002877,金属制品,申银万国行业分类标准,2021-07-30
002878,营销代理,申银万国行业分类标准,2022-07-29
002879,线缆部件及其他,申银万国行业分类标准,2021-07-30
002880,血液制品,申银万国行业分类标准,2021-07-30
002881,通信终端及配件,申银万国行业分类标准,2024-07-30
002882,线缆部件及其他,申银万国行业分类标准,2021-07-30
002883,工程咨询服务Ⅲ,申银万国行业分类标准,2021-07-30
002884,其他通用设备,申银万国行业分类标准,2017-06-27
002885,其他电子Ⅲ,申银万国行业分类标准,2022-07-29
002886,改性塑料,申银万国行业分类标准,2017-06-12
002887,综合环境治理,申银万国行业分类标准,2021-07-30
002888,品牌消费电子,申银万国行业分类标准,2021-07-30
002889,中间产品及消费品供应链服务,申银万国行业分类标准,2021-07-30
002890,农用机械,申银万国行业分类标准,2017-07-20
002891,宠物食品,申银万国行业分类标准,2021-07-30
002892,电机Ⅲ,申银万国行业分类标准,2017-07-31
002893,热力服务,申银万国行业分类标准,2017-08-07
002895,磷肥及磷化工,申银万国行业分类标准,2021-07-30
002896,金属制品,申银万国行业分类标准,2021-07-30
002897,通信网络设备及器件,申银万国行业分类标准,2021-07-30
002898,化学制剂,申银万国行业分类标准,2017-08-21
002899,娱乐用品,申银万国行业分类标准,2021-07-30
002900,化学制剂,申银万国行业分类标准,2017-09-04
002901,医疗耗材,申银万国行业分类标准,2021-07-30
002902,通信网络设备及器件,申银万国行业分类标准,2021-07-30
002903,机床工具,申银万国行业分类标准,2017-09-25
002905,院线,申银万国行业分类标准,2021-07-30
002906,汽车电子电气系统,申银万国行业分类标准,2021-07-30
002907,中药Ⅲ,申银万国行业分类标准,2017-10-10
002908,IT服务Ⅲ,申银万国行业分类标准,2023-05-22
002909,有机硅,申银万国行业分类标准,2021-07-30
002910,乳品,申银万国行业分类标准,2021-07-30
002911,燃气Ⅲ,申银万国行业分类标准,2017-10-31
002912,其他计算机设备,申银万国行业分类标准,2021-07-30
002913,印制电路板,申银万国行业分类标准,2017-11-13
002915,氟化工,申银万国行业分类标准,2017-11-14
002916,印制电路板,申银万国行业分类标准,2017-11-21
002917,民爆制品,申银万国行业分类标准,2017-11-21
002918,瓷砖地板,申银万国行业分类标准,2021-07-30
002919,游戏Ⅲ,申银万国行业分类标准,2023-09-15
002920,垂直应用软件,申银万国行业分类标准,2021-07-30
002921,其他汽车零部件,申银万国行业分类标准,2021-07-30
002922,其他电子Ⅲ,申银万国行业分类标准,2021-07-30
002923,化学制剂,申银万国行业分类标准,2017-12-18
002925,消费电子零部件及组装,申银万国行业分类标准,2021-07-30
002926,证券Ⅲ,申银万国行业分类标准,2018-01-16
002927,配电设备,申银万国行业分类标准,2021-07-30
002928,航空运输,申银万国行业分类标准,2021-07-30
002929,通信工程及服务,申银万国行业分类标准,2021-07-30
002930,仓储物流,申银万国行业分类标准,2021-07-30
002931,金属制品,申银万国行业分类标准,2021-07-30
002932,体外诊断,申银万国行业分类标准,2021-07-30
002933,航空装备Ⅲ,申银万国行业分类标准,2018-08-07
002935,军工电子Ⅲ,申银万国行业分类标准,2021-07-30
002936,城商行Ⅲ,申银万国行业分类标准,2021-07-30
002937,汽车电子电气系统,申银万国行业分类标准,2024-07-30
002938,印制电路板,申银万国行业分类标准,2018-08-28
002939,证券Ⅲ,申银万国行业分类标准,2018-09-17
002940,化学制剂,申银万国行业分类标准,2018-09-26
002941,基建市政工程,申银万国行业分类标准,2021-07-30
002942,农药,申银万国行业分类标准,2021-07-30
002943,机床工具,申银万国行业分类标准,2018-11-12
002945,证券Ⅲ,申银万国行业分类标准,2018-12-10
002946,乳品,申银万国行业分类标准,2021-07-30
002947,消费电子零部件及组装,申银万国行业分类标准,2021-07-30
002948,城商行Ⅲ,申银万国行业分类标准,2021-07-30
002949,工程咨询服务Ⅲ,申银万国行业分类标准,2021-07-30
002950,医疗耗材,申银万国行业分类标准,2021-07-30
002951,其他电源设备Ⅲ,申银万国行业分类标准,2025-08-11
002952,面板,申银万国行业分类标准,2019-03-07
002953,线缆部件及其他,申银万国行业分类标准,2021-07-30
002955,面板,申银万国行业分类标准,2019-04-29
002956,烘焙食品,申银万国行业分类标准,2021-07-30
002957,工控设备,申银万国行业分类标准,2021-07-30
002958,农商行Ⅲ,申银万国行业分类标准,2021-07-30
002959,厨房小家电,申银万国行业分类标准,2021-07-30
002960,楼宇设备,申银万国行业分类标准,2019-07-22
002961,期货,申银万国行业分类标准,2021-07-30
002962,光学元件,申银万国行业分类标准,2019-08-27
002963,装修装饰Ⅲ,申银万国行业分类标准,2019-09-17
002965,其他汽车零部件,申银万国行业分类标准,2022-07-29
002966,城商行Ⅲ,申银万国行业分类标准,2021-07-30
002967,检测服务,申银万国行业分类标准,2021-07-30
002968,物业管理,申银万国行业分类标准,2021-07-30
002969,金属包装,申银万国行业分类标准,2021-07-30
002970,其他计算机设备,申银万国行业分类标准,2021-07-30
002971,其他化学制品,申银万国行业分类标准,2019-12-02
002972,轨交设备Ⅲ,申银万国行业分类标准,2019-12-09
002973,固废治理,申银万国行业分类标准,2021-07-30
002975,工控设备,申银万国行业分类标准,2021-07-30
002976,其他汽车零部件,申银万国行业分类标准,2022-07-01
002977,军工电子Ⅲ,申银万国行业分类标准,2021-07-30
002978,其他小金属,申银万国行业分类标准,2021-07-30
002979,机器人,申银万国行业分类标准,2021-07-30
002980,电工仪器仪表,申银万国行业分类标准,2021-07-30
002981,消费电子零部件及组装,申银万国行业分类标准,2021-07-30
002982,肉鸡养殖,申银万国行业分类标准,2021-07-30
002983,LED,申银万国行业分类标准,2020-04-07
002984,轮胎轮毂,申银万国行业分类标准,2021-07-30
002985,航空装备Ⅲ,申银万国行业分类标准,2020-04-08
002986,其他石化,申银万国行业分类标准,2021-07-30
002987,垂直应用软件,申银万国行业分类标准,2021-07-30
002988,铝,申银万国行业分类标准,2020-04-24
002989,装修装饰Ⅲ,申银万国行业分类标准,2020-04-28
002990,其他计算机设备,申银万国行业分类标准,2021-07-30
002991,零食,申银万国行业分类标准,2021-07-30
002992,LED,申银万国行业分类标准,2022-07-29
002993,消费电子零部件及组装,申银万国行业分类标准,2021-07-30
002995,营销代理,申银万国行业分类标准,2021-07-30
002996,铝,申银万国行业分类标准,2020-08-10
002997,其他汽车零部件,申银万国行业分类标准,2021-07-30
002998,涤纶,申银万国行业分类标准,2020-08-17
002999,复合肥,申银万国行业分类标准,2021-07-30
003000,零食,申银万国行业分类标准,2021-07-30
003001,其他专业工程,申银万国行业分类标准,2020-08-25
003002,民爆制品,申银万国行业分类标准,2020-08-31
003003,综合包装,申银万国行业分类标准,2021-07-30
003004,安防设备,申银万国行业分类标准,2021-07-30
003005,IT服务Ⅲ,申银万国行业分类标准,2021-07-30
003006,生活用纸,申银万国行业分类标准,2021-07-30
003007,垂直应用软件,申银万国行业分类标准,2021-07-30
003008,检测服务,申银万国行业分类标准,2021-07-30
003009,航天装备Ⅲ,申银万国行业分类标准,2020-09-07
003010,电商服务,申银万国行业分类标准,2021-07-30
003011,瓷砖地板,申银万国行业分类标准,2021-07-30
003012,瓷砖地板,申银万国行业分类标准,2021-07-30
003013,工程咨询服务Ⅲ,申银万国行业分类标准,2021-07-30
003015,光学元件,申银万国行业分类标准,2020-09-23
003016,非运动服装,申银万国行业分类标准,2021-07-30
003017,无机盐,申银万国行业分类标准,2020-10-12
003018,塑料包装,申银万国行业分类标准,2021-07-30
003019,面板,申银万国行业分类标准,2020-10-26
003020,化学制剂,申银万国行业分类标准,2020-11-03
003021,电机Ⅲ,申银万国行业分类标准,2020-11-16
003022,光伏辅材,申银万国行业分类标准,2021-07-30
003023,个护小家电,申银万国行业分类标准,2024-07-30
003025,机床工具,申银万国行业分类标准,2020-11-24
003026,半导体材料,申银万国行业分类标准,2020-12-01
003027,大气治理,申银万国行业分类标准,2021-07-30
003028,家电零部件Ⅲ,申银万国行业分类标准,2024-07-30
003029,垂直应用软件,申银万国行业分类标准,2021-07-30
003030,其他农产品加工,申银万国行业分类标准,2021-07-30
003031,通信终端及配件,申银万国行业分类标准,2021-07-30
003032,培训教育,申银万国行业分类标准,2021-07-30
003033,摩托车,申银万国行业分类标准,2021-07-30
003035,电能综合服务,申银万国行业分类标准,2021-07-30
003036,纺织服装设备,申银万国行业分类标准,2021-01-11
003037,水泥制品,申银万国行业分类标准,2022-07-29
003038,铝,申银万国行业分类标准,2021-01-25
003039,水务及水治理,申银万国行业分类标准,2021-07-30
003040,通信终端及配件,申银万国行业分类标准,2021-07-30
003041,家纺,申银万国行业分类标准,2021-03-17
003042,农药,申银万国行业分类标准,2021-07-30
003043,半导体设备,申银万国行业分类标准,2021-07-30
003816,核力发电,申银万国行业分类标准,2021-07-30
300001,输变电设备,申银万国行业分类标准,2021-07-30
300002,游戏Ⅲ,申银万国行业分类标准,2021-07-30
300003,医疗耗材,申银万国行业分类标准,2021-07-30
300004,其他专用设备,申银万国行业分类标准,2014-01-01
300005,运动服装,申银万国行业分类标准,2021-07-30
300006,化学制剂,申银万国行业分类标准,2009-01-22
300007,仪器仪表,申银万国行业分类标准,2021-07-30
300008,航海装备Ⅲ,申银万国行业分类标准,2014-01-01
300009,其他生物制品,申银万国行业分类标准,2021-07-30
300010,教育运营及其他,申银万国行业分类标准,2022-07-29
300011,轨交设备Ⅲ,申银万国行业分类标准,2021-07-30
300012,检测服务,申银万国行业分类标准,2021-07-30
300013,中间产品及消费品供应链服务,申银万国行业分类标准,2021-07-30
300014,锂电池,申银万国行业分类标准,2021-07-30
300015,医院,申银万国行业分类标准,2021-07-30
300016,化学制剂,申银万国行业分类标准,2009-01-12
300017,IT服务Ⅲ,申银万国行业分类标准,2021-07-30
300018,电网自动化设备,申银万国行业分类标准,2021-07-30
300019,有机硅,申银万国行业分类标准,2021-07-30
300020,IT服务Ⅲ,申银万国行业分类标准,2021-07-30
300021,农业综合Ⅲ,申银万国行业分类标准,2021-07-30
300022,专业连锁Ⅲ,申银万国行业分类标准,2014-01-01
300024,机器人,申银万国行业分类标准,2021-07-30
300025,通信工程及服务,申银万国行业分类标准,2021-07-30
300026,中药Ⅲ,申银万国行业分类标准,2017-06-29
300027,影视动漫制作,申银万国行业分类标准,2021-07-30
300029,其他专业工程,申银万国行业分类标准,2022-07-29
300030,医疗设备,申银万国行业分类标准,2021-07-30
300031,游戏Ⅲ,申银万国行业分类标准,2021-07-30
300032,消费电子零部件及组装,申银万国行业分类标准,2021-07-30
300033,垂直应用软件,申银万国行业分类标准,2021-07-30
300034,航空装备Ⅲ,申银万国行业分类标准,2021-07-30
300035,电池化学品,申银万国行业分类标准,2021-07-30
300036,横向通用软件,申银万国行业分类标准,2021-07-30
300037,电池化学品,申银万国行业分类标准,2021-07-30
300039,中药Ⅲ,申银万国行业分类标准,2009-01-25
300040,电能综合服务,申银万国行业分类标准,2024-07-30
300041,有机硅,申银万国行业分类标准,2021-07-30
300042,其他计算机设备,申银万国行业分类标准,2021-07-30
300043,游戏Ⅲ,申银万国行业分类标准,2021-07-30
300044,IT服务Ⅲ,申银万国行业分类标准,2021-07-30
300045,军工电子Ⅲ,申银万国行业分类标准,2021-07-30
300046,分立器件,申银万国行业分类标准,2011-01-10
300047,垂直应用软件,申银万国行业分类标准,2021-07-30
300048,工控设备,申银万国行业分类标准,2021-07-30
300049,医疗设备,申银万国行业分类标准,2021-07-30
300050,通信工程及服务,申银万国行业分类标准,2021-07-30
300051,光伏电池组件,申银万国行业分类标准,2024-04-08
300052,游戏Ⅲ,申银万国行业分类标准,2021-07-30
300053,数字芯片设计,申银万国行业分类标准,2024-07-30
300054,电子化学品Ⅲ,申银万国行业分类标准,2021-07-30
300055,其他石化,申银万国行业分类标准,2024-07-30
300056,大气治理,申银万国行业分类标准,2021-07-30
300057,铝,申银万国行业分类标准,2021-07-30
300058,营销代理,申银万国行业分类标准,2021-07-30
300059,证券Ⅲ,申银万国行业分类标准,2020-07-23
300061,营销代理,申银万国行业分类标准,2021-07-30
300062,输变电设备,申银万国行业分类标准,2021-07-30
300063,营销代理,申银万国行业分类标准,2021-07-30
300065,航海装备Ⅲ,申银万国行业分类标准,2019-07-08
300066,仪器仪表,申银万国行业分类标准,2021-07-30
300067,纺织化学制品,申银万国行业分类标准,2010-01-09
300068,蓄电池及其他电池,申银万国行业分类标准,2021-07-30
300069,线缆部件及其他,申银万国行业分类标准,2021-07-30
300070,水务及水治理,申银万国行业分类标准,2021-07-30
300071,营销代理,申银万国行业分类标准,2021-07-30
300072,其他化学制品,申银万国行业分类标准,2023-08-21
300073,电池化学品,申银万国行业分类标准,2021-07-30
300074,垂直应用软件,申银万国行业分类标准,2021-07-30
300075,垂直应用软件,申银万国行业分类标准,2021-07-30
300076,面板,申银万国行业分类标准,2010-01-22
300077,数字芯片设计,申银万国行业分类标准,2021-07-30
300078,IT服务Ⅲ,申银万国行业分类标准,2021-07-30
300079,IT服务Ⅲ,申银万国行业分类标准,2021-07-30
300080,光伏电池组件,申银万国行业分类标准,2023-07-04
300081,通信应用增值服务,申银万国行业分类标准,2021-07-30
300082,其他化学原料,申银万国行业分类标准,2021-07-30
300083,工控设备,申银万国行业分类标准,2021-07-30
300084,能源及重型设备,申银万国行业分类标准,2015-07-01
300085,垂直应用软件,申银万国行业分类标准,2021-07-30
300086,化学制剂,申银万国行业分类标准,2010-01-12
300087,种子,申银万国行业分类标准,2010-01-12
300088,面板,申银万国行业分类标准,2010-01-25
300091,其他通用设备,申银万国行业分类标准,2014-01-01
300092,能源及重型设备,申银万国行业分类标准,2024-07-30
300093,光伏电池组件,申银万国行业分类标准,2024-07-30
300094,水产养殖,申银万国行业分类标准,2010-01-29
300095,能源及重型设备,申银万国行业分类标准,2022-07-29
300096,IT服务Ⅲ,申银万国行业分类标准,2021-07-30
300097,其他自动化设备,申银万国行业分类标准,2021-07-30
300098,通信网络设备及器件,申银万国行业分类标准,2024-07-30
300099,能源及重型设备,申银万国行业分类标准,2014-01-01
300100,车身附件及饰件,申银万国行业分类标准,2021-07-30
300101,军工电子Ⅲ,申银万国行业分类标准,2021-07-30
300102,LED,申银万国行业分类标准,2011-01-10
300103,其他专用设备,申银万国行业分类标准,2014-01-01
300105,环保设备Ⅲ,申银万国行业分类标准,2025-05-09
300106,乳品,申银万国行业分类标准,2021-07-30
300107,纺织化学制品,申银万国行业分类标准,2021-07-30
300109,其他化学制品,申银万国行业分类标准,2010-01-09
300110,化学制剂,申银万国行业分类标准,2010-01-10
300111,化学制剂,申银万国行业分类标准,2022-07-29
300112,仪器仪表,申银万国行业分类标准,2021-07-30
300113,游戏Ⅲ,申银万国行业分类标准,2021-07-30
300115,消费电子零部件及组装,申银万国行业分类标准,2021-07-30
300118,光伏电池组件,申银万国行业分类标准,2021-07-30
300119,动物保健Ⅲ,申银万国行业分类标准,2011-01-10
300120,面板,申银万国行业分类标准,2019-07-08
300121,橡胶助剂,申银万国行业分类标准,2021-07-30
300122,疫苗,申银万国行业分类标准,2021-07-30
300123,军工电子Ⅲ,申银万国行业分类标准,2021-07-30
300124,工控设备,申银万国行业分类标准,2021-07-30
300125,光伏发电,申银万国行业分类标准,2021-07-30
300126,其他通用设备,申银万国行业分类标准,2014-01-01
300127,磁性材料,申银万国行业分类标准,2010-01-30
300128,锂电专用设备,申银万国行业分类标准,2024-07-30
300129,风电零部件,申银万国行业分类标准,2021-07-30
300130,其他计算机设备,申银万国行业分类标准,2021-07-30
300131,其他电子Ⅲ,申银万国行业分类标准,2022-07-29
300132,化妆品制造及其他,申银万国行业分类标准,2021-07-30
300133,影视动漫制作,申银万国行业分类标准,2021-07-30
300134,通信网络设备及器件,申银万国行业分类标准,2021-07-30
300135,其他石化,申银万国行业分类标准,2021-07-30
300136,消费电子零部件及组装,申银万国行业分类标准,2021-07-30
300137,环保设备Ⅲ,申银万国行业分类标准,2021-07-30
300138,其他农产品加工,申银万国行业分类标准,2011-01-10
300139,黄金,申银万国行业分类标准,2022-07-29
300140,固废治理,申银万国行业分类标准,2024-07-30
300141,配电设备,申银万国行业分类标准,2021-07-30
300142,疫苗,申银万国行业分类标准,2021-07-30
300143,医院,申银万国行业分类标准,2021-07-30
300144,人工景区,申银万国行业分类标准,2021-07-30
300145,其他通用设备,申银万国行业分类标准,2014-01-01
300146,保健品,申银万国行业分类标准,2021-07-30
300147,中药Ⅲ,申银万国行业分类标准,2010-01-06
300148,教育出版,申银万国行业分类标准,2023-07-04
300149,医疗研发外包,申银万国行业分类标准,2021-07-30
300150,IT服务Ⅲ,申银万国行业分类标准,2021-07-30
300151,其他专用设备,申银万国行业分类标准,2017-06-29
300152,综合环境治理,申银万国行业分类标准,2021-07-30
300153,其他电源设备Ⅲ,申银万国行业分类标准,2019-07-08
300154,其他通用设备,申银万国行业分类标准,2014-01-01
300155,安防设备,申银万国行业分类标准,2021-07-30
300157,其他通用设备,申银万国行业分类标准,2023-07-04
300158,中药Ⅲ,申银万国行业分类标准,2023-07-04
300159,农用机械,申银万国行业分类标准,2022-07-29
300160,家电零部件Ⅲ,申银万国行业分类标准,2021-07-30
300161,机床工具,申银万国行业分类标准,2014-01-01
300162,LED,申银万国行业分类标准,2011-01-10
300163,其他化学制品,申银万国行业分类标准,2014-01-01
300164,油气及炼化工程,申银万国行业分类标准,2021-07-30
300165,仪器仪表,申银万国行业分类标准,2021-07-30
300166,IT服务Ⅲ,申银万国行业分类标准,2021-07-30
300167,IT服务Ⅲ,申银万国行业分类标准,2021-07-30
300168,IT服务Ⅲ,申银万国行业分类标准,2021-07-30
300169,其他化学制品,申银万国行业分类标准,2014-01-01
300170,IT服务Ⅲ,申银万国行业分类标准,2021-07-30
300171,医疗设备,申银万国行业分类标准,2021-07-30
300172,水务及水治理,申银万国行业分类标准,2021-07-30
300173,锂电专用设备,申银万国行业分类标准,2022-07-29
300174,其他化学制品,申银万国行业分类标准,2011-01-24
300175,果蔬加工,申银万国行业分类标准,2011-01-27
300176,底盘与发动机系统,申银万国行业分类标准,2021-07-30
300177,军工电子Ⅲ,申银万国行业分类标准,2021-07-30
300179,磨具磨料,申银万国行业分类标准,2014-01-01
300180,其他塑料制品,申银万国行业分类标准,2021-07-30
300181,中药Ⅲ,申银万国行业分类标准,2011-01-10
300182,影视动漫制作,申银万国行业分类标准,2021-07-30
300183,其他通信设备,申银万国行业分类标准,2021-07-30
300184,其他电子Ⅲ,申银万国行业分类标准,2011-01-10
300185,风电零部件,申银万国行业分类标准,2021-07-30
300187,综合环境治理,申银万国行业分类标准,2022-07-29
300188,垂直应用软件,申银万国行业分类标准,2021-07-30
300189,种子,申银万国行业分类标准,2011-01-07
300190,综合环境治理,申银万国行业分类标准,2021-07-30
300191,油气及炼化工程,申银万国行业分类标准,2021-07-30
300192,培训教育,申银万国行业分类标准,2021-07-30
300193,其他通用设备,申银万国行业分类标准,2011-03-14
300194,化学制剂,申银万国行业分类标准,2011-01-14
300195,印刷包装机械,申银万国行业分类标准,2011-03-21
300196,玻纤制造,申银万国行业分类标准,2021-07-30
300197,园林工程,申银万国行业分类标准,2021-07-30
300198,管材,申银万国行业分类标准,2011-10-10
300199,化学制剂,申银万国行业分类标准,2011-01-28
300200,聚氨酯,申银万国行业分类标准,2014-01-01
300201,工程机械整机,申银万国行业分类标准,2021-07-30
300203,环保设备Ⅲ,申银万国行业分类标准,2022-07-29
300204,化学制剂,申银万国行业分类标准,2022-07-29
300205,通信终端及配件,申银万国行业分类标准,2021-07-30
300206,医疗设备,申银万国行业分类标准,2021-07-30
300207,锂电池,申银万国行业分类标准,2021-07-30
300209,垂直应用软件,申银万国行业分类标准,2021-07-30
300210,环保设备Ⅲ,申银万国行业分类标准,2021-07-30
300211,通信工程及服务,申银万国行业分类标准,2021-07-30
300212,IT服务Ⅲ,申银万国行业分类标准,2021-07-30
300213,其他通信设备,申银万国行业分类标准,2021-07-30
300214,其他化学制品,申银万国行业分类标准,2022-07-29
300215,检测服务,申银万国行业分类标准,2021-07-30
300217,家电零部件Ⅲ,申银万国行业分类标准,2021-07-30
300218,其他塑料制品,申银万国行业分类标准,2021-07-30
300219,LED,申银万国行业分类标准,2011-10-10
300220,娱乐用品,申银万国行业分类标准,2022-07-29
300221,改性塑料,申银万国行业分类标准,2011-10-10
300222,电网自动化设备,申银万国行业分类标准,2021-07-30
300223,数字芯片设计,申银万国行业分类标准,2021-07-30
300224,磁性材料,申银万国行业分类标准,2011-01-23
300225,涂料油墨,申银万国行业分类标准,2011-01-23
300226,垂直应用软件,申银万国行业分类标准,2021-07-30
300227,激光设备,申银万国行业分类标准,2021-07-30
300228,金属制品,申银万国行业分类标准,2021-07-30
300229,垂直应用软件,申银万国行业分类标准,2021-07-30
300230,其他塑料制品,申银万国行业分类标准,2011-01-07
300231,IT服务Ⅲ,申银万国行业分类标准,2021-07-30
300232,LED,申银万国行业分类标准,2011-10-10
300233,化学制剂,申银万国行业分类标准,2019-07-08
300234,其他建材,申银万国行业分类标准,2014-01-01
300235,垂直应用软件,申银万国行业分类标准,2021-07-30
300236,电子化学品Ⅲ,申银万国行业分类标准,2021-07-30
300237,其他汽车零部件,申银万国行业分类标准,2022-07-29
300238,医疗耗材,申银万国行业分类标准,2021-07-30
300239,其他生物制品,申银万国行业分类标准,2021-07-30
300240,中间产品及消费品供应链服务,申银万国行业分类标准,2021-07-30
300241,LED,申银万国行业分类标准,2011-10-10
300242,营销代理,申银万国行业分类标准,2021-07-30
300243,其他塑料制品,申银万国行业分类标准,2021-07-30
300244,诊断服务,申银万国行业分类标准,2021-07-30
300245,IT服务Ⅲ,申银万国行业分类标准,2021-07-30
300246,医疗设备,申银万国行业分类标准,2021-07-30
300247,其他家电Ⅲ,申银万国行业分类标准,2021-07-30
300248,其他计算机设备,申银万国行业分类标准,2021-07-30
300249,其他计算机设备,申银万国行业分类标准,2021-07-30
300250,IT服务Ⅲ,申银万国行业分类标准,2021-07-30
300251,影视动漫制作,申银万国行业分类标准,2021-07-30
300252,军工电子Ⅲ,申银万国行业分类标准,2021-07-30
300253,垂直应用软件,申银万国行业分类标准,2021-07-30
300254,化学制剂,申银万国行业分类标准,2011-01-08
300255,化学制剂,申银万国行业分类标准,2021-07-30
300256,消费电子零部件及组装,申银万国行业分类标准,2021-07-30
300257,其他通用设备,申银万国行业分类标准,2011-08-09
300258,底盘与发动机系统,申银万国行业分类标准,2021-07-30
300259,仪器仪表,申银万国行业分类标准,2021-07-30
300260,金属制品,申银万国行业分类标准,2021-07-30
300261,农药,申银万国行业分类标准,2021-07-30
300263,其他通用设备,申银万国行业分类标准,2021-07-30
300264,IT服务Ⅲ,申银万国行业分类标准,2021-07-30
300265,线缆部件及其他,申银万国行业分类标准,2021-07-30
300266,水务及水治理,申银万国行业分类标准,2021-07-30
300267,原料药,申银万国行业分类标准,2011-01-15
300268,其他农产品加工,申银万国行业分类标准,2011-09-15
300269,LED,申银万国行业分类标准,2022-07-29
300270,安防设备,申银万国行业分类标准,2021-07-30
300271,IT服务Ⅲ,申银万国行业分类标准,2021-07-30
300272,清洁小家电,申银万国行业分类标准,2024-05-17
300274,逆变器,申银万国行业分类标准,2021-07-30
300275,安防设备,申银万国行业分类标准,2022-07-29
300276,机器人,申银万国行业分类标准,2021-07-30
300277,IT服务Ⅲ,申银万国行业分类标准,2021-07-30
300278,工控设备,申银万国行业分类标准,2021-07-30
300279,家电零部件Ⅲ,申银万国行业分类标准,2024-07-30
300281,其他专用设备,申银万国行业分类标准,2011-12-19
300283,配电设备,申银万国行业分类标准,2021-07-30
300284,工程咨询服务Ⅲ,申银万国行业分类标准,2021-07-30
300285,电子化学品Ⅲ,申银万国行业分类标准,2022-07-29
300286,电工仪器仪表,申银万国行业分类标准,2021-07-30
300287,IT服务Ⅲ,申银万国行业分类标准,2021-07-30
300288,IT服务Ⅲ,申银万国行业分类标准,2021-07-30
300289,体外诊断,申银万国行业分类标准,2021-07-30
300290,IT服务Ⅲ,申银万国行业分类标准,2021-07-30
300291,影视动漫制作,申银万国行业分类标准,2021-07-30
300292,通信应用增值服务,申银万国行业分类标准,2021-07-30
300293,其他专用设备,申银万国行业分类标准,2012-02-28
300294,血液制品,申银万国行业分类标准,2021-07-30
300295,门户网站,申银万国行业分类标准,2021-07-30
300296,LED,申银万国行业分类标准,2012-01-05
300298,医疗设备,申银万国行业分类标准,2021-07-30
300299,游戏Ⅲ,申银万国行业分类标准,2021-07-30
300300,IT服务Ⅲ,申银万国行业分类标准,2021-07-30
300301,LED,申银万国行业分类标准,2012-01-12
300302,其他计算机设备,申银万国行业分类标准,2021-07-30
300303,LED,申银万国行业分类标准,2012-01-09
300304,汽车电子电气系统,申银万国行业分类标准,2021-07-30
300305,膜材料,申银万国行业分类标准,2021-07-30
300306,仪器仪表,申银万国行业分类标准,2021-07-30
300307,纺织服装设备,申银万国行业分类标准,2012-03-20
300308,通信网络设备及器件,申银万国行业分类标准,2021-07-30
300310,通信工程及服务,申银万国行业分类标准,2021-07-30
300311,横向通用软件,申银万国行业分类标准,2021-07-30
300313,其他养殖,申银万国行业分类标准,2021-07-30
300314,医疗设备,申银万国行业分类标准,2021-07-30
300315,游戏Ⅲ,申银万国行业分类标准,2021-07-30
300316,光伏加工设备,申银万国行业分类标准,2021-07-30
300317,光伏发电,申银万国行业分类标准,2021-07-30
300318,血液制品,申银万国行业分类标准,2024-07-30
300319,被动元件,申银万国行业分类标准,2021-07-30
300320,其他橡胶制品,申银万国行业分类标准,2012-01-24
300321,聚氨酯,申银万国行业分类标准,2021-07-30
300322,消费电子零部件及组装,申银万国行业分类标准,2021-07-30
300323,LED,申银万国行业分类标准,2012-01-22
300324,其他计算机设备,申银万国行业分类标准,2021-07-30
300326,医疗耗材,申银万国行业分类标准,2021-07-30
300327,数字芯片设计,申银万国行业分类标准,2021-07-30
300328,铝,申银万国行业分类标准,2022-07-29
300329,娱乐用品,申银万国行业分类标准,2021-07-30
300331,光学元件,申银万国行业分类标准,2022-07-29
300332,燃气Ⅲ,申银万国行业分类标准,2021-07-30
300333,其他计算机设备,申银万国行业分类标准,2021-07-30
300334,水务及水治理,申银万国行业分类标准,2021-07-30
300335,热力服务,申银万国行业分类标准,2021-07-30
300337,铝,申银万国行业分类标准,2012-07-10
300338,培训教育,申银万国行业分类标准,2021-07-30
300339,IT服务Ⅲ,申银万国行业分类标准,2021-07-30
300340,电池化学品,申银万国行业分类标准,2021-07-30
300341,医疗设备,申银万国行业分类标准,2023-07-04
300342,家电零部件Ⅲ,申银万国行业分类标准,2021-07-30
300343,氟化工,申银万国行业分类标准,2023-07-04
300344,垂直应用软件,申银万国行业分类标准,2021-07-30
300345,硅料硅片,申银万国行业分类标准,2024-07-30
300346,电子化学品Ⅲ,申银万国行业分类标准,2021-07-30
300347,医疗研发外包,申银万国行业分类标准,2021-07-30
300348,垂直应用软件,申银万国行业分类标准,2021-07-30
300349,仪器仪表,申银万国行业分类标准,2021-07-30
300350,中间产品及消费品供应链服务,申银万国行业分类标准,2021-07-30
300351,轨交设备Ⅲ,申银万国行业分类标准,2012-09-12
300352,垂直应用软件,申银万国行业分类标准,2021-07-30
300353,其他通信设备,申银万国行业分类标准,2021-07-30
300354,仪器仪表,申银万国行业分类标准,2021-07-30
300355,园林工程,申银万国行业分类标准,2021-07-30
300357,其他生物制品,申银万国行业分类标准,2021-07-30
300358,医疗设备,申银万国行业分类标准,2021-07-30
300359,培训教育,申银万国行业分类标准,2021-07-30
300360,电工仪器仪表,申银万国行业分类标准,2021-07-30
300363,医疗研发外包,申银万国行业分类标准,2021-07-30
300364,大众出版,申银万国行业分类标准,2021-07-30
300365,垂直应用软件,申银万国行业分类标准,2021-07-30
300366,垂直应用软件,申银万国行业分类标准,2021-07-30
300368,其他计算机设备,申银万国行业分类标准,2021-07-30
300369,横向通用软件,申银万国行业分类标准,2021-07-30
300370,仪器仪表,申银万国行业分类标准,2021-07-30
300371,仪器仪表,申银万国行业分类标准,2021-07-30
300373,分立器件,申银万国行业分类标准,2014-01-08
300374,耐火材料,申银万国行业分类标准,2015-01-09
300375,底盘与发动机系统,申银万国行业分类标准,2021-07-30
300376,其他电源设备Ⅲ,申银万国行业分类标准,2021-07-30
300377,垂直应用软件,申银万国行业分类标准,2021-07-30
300378,横向通用软件,申银万国行业分类标准,2021-07-30
300380,垂直应用软件,申银万国行业分类标准,2021-07-30
300381,原料药,申银万国行业分类标准,2021-07-30
300382,其他专用设备,申银万国行业分类标准,2014-01-22
300383,通信应用增值服务,申银万国行业分类标准,2023-07-04
300384,化学工程,申银万国行业分类标准,2019-07-08
300385,大气治理,申银万国行业分类标准,2021-07-30
300386,其他计算机设备,申银万国行业分类标准,2021-07-30
300387,复合肥,申银万国行业分类标准,2021-07-30
300388,水务及水治理,申银万国行业分类标准,2021-07-30
300389,LED,申银万国行业分类标准,2014-01-31
300390,电池化学品,申银万国行业分类标准,2023-09-15
300391,中药Ⅲ,申银万国行业分类标准,2022-07-29
300393,光伏电池组件,申银万国行业分类标准,2021-07-30
300394,通信网络设备及器件,申银万国行业分类标准,2021-07-30
300395,航空装备Ⅲ,申银万国行业分类标准,2021-07-30
300396,体外诊断,申银万国行业分类标准,2021-07-30
300397,军工电子Ⅲ,申银万国行业分类标准,2022-07-29
300398,电子化学品Ⅲ,申银万国行业分类标准,2021-07-30
300399,IT服务Ⅲ,申银万国行业分类标准,2021-07-30
300400,其他自动化设备,申银万国行业分类标准,2021-07-30
300401,原料药,申银万国行业分类标准,2014-01-26
300402,金属制品,申银万国行业分类标准,2021-07-30
300403,家电零部件Ⅲ,申银万国行业分类标准,2021-07-30
300404,医疗研发外包,申银万国行业分类标准,2021-07-30
300405,其他化学制品,申银万国行业分类标准,2014-01-24
300406,体外诊断,申银万国行业分类标准,2021-07-30
300407,电网自动化设备,申银万国行业分类标准,2021-07-30
300408,被动元件,申银万国行业分类标准,2014-01-25
300409,电池化学品,申银万国行业分类标准,2021-07-30
300410,锂电专用设备,申银万国行业分类标准,2022-07-29
300411,其他专用设备,申银万国行业分类标准,2014-01-19
300412,其他专用设备,申银万国行业分类标准,2019-07-08
300413,视频媒体,申银万国行业分类标准,2021-07-30
300414,其他通信设备,申银万国行业分类标准,2021-07-30
300415,其他专用设备,申银万国行业分类标准,2015-01-06
300416,检测服务,申银万国行业分类标准,2022-07-29
300417,仪器仪表,申银万国行业分类标准,2021-07-30
300418,游戏Ⅲ,申银万国行业分类标准,2021-07-30
300419,IT服务Ⅲ,申银万国行业分类标准,2021-07-30
300420,其他通用设备,申银万国行业分类标准,2015-01-15
300421,金属制品,申银万国行业分类标准,2021-07-30
300422,水务及水治理,申银万国行业分类标准,2021-07-30
300423,输变电设备,申银万国行业分类标准,2021-07-30
300424,航空装备Ⅲ,申银万国行业分类标准,2015-04-03
300425,水务及水治理,申银万国行业分类标准,2024-07-30
300426,影视动漫制作,申银万国行业分类标准,2021-07-30
300427,电网自动化设备,申银万国行业分类标准,2021-07-30
300428,轮胎轮毂,申银万国行业分类标准,2021-07-30
300429,电子化学品Ⅲ,申银万国行业分类标准,2021-07-30
300430,其他通用设备,申银万国行业分类标准,2015-03-03
300432,电池化学品,申银万国行业分类标准,2023-07-04
300433,消费电子零部件及组装,申银万国行业分类标准,2021-07-30
300434,化学制剂,申银万国行业分类标准,2018-07-13
300435,燃气Ⅲ,申银万国行业分类标准,2020-02-24
300436,化学制剂,申银万国行业分类标准,2017-06-29
300437,水务及水治理,申银万国行业分类标准,2021-07-30
300438,锂电池,申银万国行业分类标准,2021-07-30
300439,体外诊断,申银万国行业分类标准,2021-07-30
300440,IT服务Ⅲ,申银万国行业分类标准,2021-07-30
300441,其他通用设备,申银万国行业分类标准,2015-04-03
300442,通信应用增值服务,申银万国行业分类标准,2023-07-04
300443,风电零部件,申银万国行业分类标准,2021-07-30
300444,输变电设备,申银万国行业分类标准,2021-07-30
300445,仪器仪表,申银万国行业分类标准,2021-07-30
300446,车身附件及饰件,申银万国行业分类标准,2024-07-30
300447,军工电子Ⅲ,申银万国行业分类标准,2021-07-30
300448,IT服务Ⅲ,申银万国行业分类标准,2021-07-30
300449,安防设备,申银万国行业分类标准,2021-07-30
300450,锂电专用设备,申银万国行业分类标准,2021-07-30
300451,垂直应用软件,申银万国行业分类标准,2021-07-30
300452,原料药,申银万国行业分类标准,2015-01-06
300453,医疗耗材,申银万国行业分类标准,2021-07-30
300454,横向通用软件,申银万国行业分类标准,2021-07-30
300455,其他计算机设备,申银万国行业分类标准,2021-07-30
300456,集成电路制造,申银万国行业分类标准,2021-07-30
300457,锂电专用设备,申银万国行业分类标准,2021-07-30
300458,数字芯片设计,申银万国行业分类标准,2021-07-30
300459,游戏Ⅲ,申银万国行业分类标准,2021-07-30
300460,被动元件,申银万国行业分类标准,2015-01-06
300461,其他自动化设备,申银万国行业分类标准,2021-07-30
300462,其他计算机设备,申银万国行业分类标准,2021-07-30
300463,体外诊断,申银万国行业分类标准,2021-07-30
300464,跨境电商,申银万国行业分类标准,2021-07-30
300465,垂直应用软件,申银万国行业分类标准,2021-07-30
300466,仪器仪表,申银万国行业分类标准,2024-07-30
300467,游戏Ⅲ,申银万国行业分类标准,2021-07-30
300468,垂直应用软件,申银万国行业分类标准,2021-07-30
300469,垂直应用软件,申银万国行业分类标准,2021-07-30
300470,其他通用设备,申银万国行业分类标准,2015-01-15
300471,其他专用设备,申银万国行业分类标准,2015-05-26
300472,其他专用设备,申银万国行业分类标准,2015-01-15
300473,其他汽车零部件,申银万国行业分类标准,2021-07-30
300474,军工电子Ⅲ,申银万国行业分类标准,2021-07-30
300475,其他电子Ⅲ,申银万国行业分类标准,2022-05-20
300476,印制电路板,申银万国行业分类标准,2015-01-15
300477,电池化学品,申银万国行业分类标准,2023-07-04
300478,改性塑料,申银万国行业分类标准,2021-07-30
300479,其他计算机设备,申银万国行业分类标准,2021-07-30
300480,能源及重型设备,申银万国行业分类标准,2015-01-18
300481,电子化学品Ⅲ,申银万国行业分类标准,2021-07-30
300482,体外诊断,申银万国行业分类标准,2021-07-30
300483,燃气Ⅲ,申银万国行业分类标准,2021-07-30
300484,工控设备,申银万国行业分类标准,2021-07-30
300485,其他生物制品,申银万国行业分类标准,2021-07-30
300486,其他自动化设备,申银万国行业分类标准,2021-07-30
300487,合成树脂,申银万国行业分类标准,2021-07-30
300488,金属制品,申银万国行业分类标准,2021-07-30
300489,光学元件,申银万国行业分类标准,2024-06-03
300490,锂电专用设备,申银万国行业分类标准,2023-07-04
300491,其他电源设备Ⅲ,申银万国行业分类标准,2021-07-30
300492,工程咨询服务Ⅲ,申银万国行业分类标准,2021-07-30
300493,其他电子Ⅲ,申银万国行业分类标准,2021-07-30
300494,游戏Ⅲ,申银万国行业分类标准,2021-07-30
300496,IT服务Ⅲ,申银万国行业分类标准,2021-07-30
300497,原料药,申银万国行业分类标准,2015-07-02
300498,生猪养殖,申银万国行业分类标准,2021-07-30
300499,其他专用设备,申银万国行业分类标准,2016-01-20
300500,工程咨询服务Ⅲ,申银万国行业分类标准,2021-07-30
300501,综合包装,申银万国行业分类标准,2021-07-30
300502,通信网络设备及器件,申银万国行业分类标准,2021-07-30
300503,其他通用设备,申银万国行业分类标准,2016-02-19
300504,通信终端及配件,申银万国行业分类标准,2021-07-30
300505,磷肥及磷化工,申银万国行业分类标准,2021-07-30
300506,装修装饰Ⅲ,申银万国行业分类标准,2016-03-07
300507,底盘与发动机系统,申银万国行业分类标准,2021-07-30
300508,其他计算机设备,申银万国行业分类标准,2021-07-30
300509,印刷包装机械,申银万国行业分类标准,2016-04-12
300510,电网自动化设备,申银万国行业分类标准,2021-07-30
300511,食用菌,申银万国行业分类标准,2021-07-30
300512,印刷包装机械,申银万国行业分类标准,2016-04-29
300513,通信工程及服务,申银万国行业分类标准,2021-07-30
300514,电工仪器仪表,申银万国行业分类标准,2021-07-30
300515,仪器仪表,申银万国行业分类标准,2021-07-30
300516,其他电子Ⅲ,申银万国行业分类标准,2016-05-16
300517,钢结构,申银万国行业分类标准,2016-06-06
300518,电商服务,申银万国行业分类标准,2022-07-29
300519,中药Ⅲ,申银万国行业分类标准,2016-06-06
300520,垂直应用软件,申银万国行业分类标准,2021-07-30
300521,印刷包装机械,申银万国行业分类标准,2016-06-22
300522,涂料油墨,申银万国行业分类标准,2018-07-13
300523,IT服务Ⅲ,申银万国行业分类标准,2021-07-30
300525,垂直应用软件,申银万国行业分类标准,2021-07-30
300527,地面兵装Ⅲ,申银万国行业分类标准,2018-07-13
300528,院线,申银万国行业分类标准,2021-07-30
300529,医疗耗材,申银万国行业分类标准,2021-07-30
300530,其他化学制品,申银万国行业分类标准,2016-07-27
300531,其他计算机设备,申银万国行业分类标准,2021-07-30
300532,IT服务Ⅲ,申银万国行业分类标准,2021-07-30
300533,游戏Ⅲ,申银万国行业分类标准,2021-07-30
300534,中药Ⅲ,申银万国行业分类标准,2016-08-24
300535,其他化学制品,申银万国行业分类标准,2021-07-30
300536,园林工程,申银万国行业分类标准,2021-07-30
300537,电子化学品Ⅲ,申银万国行业分类标准,2021-07-30
300538,改性塑料,申银万国行业分类标准,2018-07-13
300539,其他塑料制品,申银万国行业分类标准,2017-06-29
300540,其他专用设备,申银万国行业分类标准,2017-06-29
300541,IT服务Ⅲ,申银万国行业分类标准,2021-07-30
300542,垂直应用软件,申银万国行业分类标准,2021-07-30
300543,家电零部件Ⅲ,申银万国行业分类标准,2024-07-30
300545,面板,申银万国行业分类标准,2016-09-12
300546,其他计算机设备,申银万国行业分类标准,2021-07-30
300547,底盘与发动机系统,申银万国行业分类标准,2021-07-30
300548,通信网络设备及器件,申银万国行业分类标准,2021-07-30
300549,其他专用设备,申银万国行业分类标准,2017-06-29
300550,垂直应用软件,申银万国行业分类标准,2021-07-30
300551,其他计算机设备,申银万国行业分类标准,2021-07-30
300552,其他计算机设备,申银万国行业分类标准,2021-07-30
300553,仪器仪表,申银万国行业分类标准,2021-07-30
300554,磨具磨料,申银万国行业分类标准,2017-04-07
300555,通信终端及配件,申银万国行业分类标准,2021-07-30
300556,垂直应用软件,申银万国行业分类标准,2021-07-30
300557,仪器仪表,申银万国行业分类标准,2021-07-30
300558,化学制剂,申银万国行业分类标准,2016-10-19
300559,垂直应用软件,申银万国行业分类标准,2021-07-30
300560,通信工程及服务,申银万国行业分类标准,2021-07-30
300561,垂直应用软件,申银万国行业分类标准,2021-07-30
300562,医疗设备,申银万国行业分类标准,2021-07-30
300563,通信线缆及配套,申银万国行业分类标准,2021-07-30
300564,工程咨询服务Ⅲ,申银万国行业分类标准,2021-07-30
300565,通信网络设备及器件,申银万国行业分类标准,2021-07-30
300566,光学元件,申银万国行业分类标准,2017-06-29
300567,仪器仪表,申银万国行业分类标准,2021-07-30
300568,电池化学品,申银万国行业分类标准,2021-07-30
300569,风电零部件,申银万国行业分类标准,2021-07-30
300570,通信网络设备及器件,申银万国行业分类标准,2021-07-30
300571,通信应用增值服务,申银万国行业分类标准,2021-07-30
300572,检测服务,申银万国行业分类标准,2021-07-30
300575,农药,申银万国行业分类标准,2021-07-30
300576,电子化学品Ⅲ,申银万国行业分类标准,2021-07-30
300577,鞋帽及其他,申银万国行业分类标准,2021-07-30
300578,通信应用增值服务,申银万国行业分类标准,2021-07-30
300579,垂直应用软件,申银万国行业分类标准,2021-07-30
300580,底盘与发动机系统,申银万国行业分类标准,2021-07-30
300581,航空装备Ⅲ,申银万国行业分类标准,2017-06-29
300582,LED,申银万国行业分类标准,2016-12-07
300583,原料药,申银万国行业分类标准,2016-12-19
300584,化学制剂,申银万国行业分类标准,2016-12-28
300585,底盘与发动机系统,申银万国行业分类标准,2021-07-30
300586,改性塑料,申银万国行业分类标准,2021-07-30
300587,其他橡胶制品,申银万国行业分类标准,2016-12-16
300588,安防设备,申银万国行业分类标准,2021-07-30
300589,航海装备Ⅲ,申银万国行业分类标准,2016-12-26
300590,通信终端及配件,申银万国行业分类标准,2021-07-30
300591,鞋帽及其他,申银万国行业分类标准,2016-12-20
300592,跨境电商,申银万国行业分类标准,2022-07-08
300593,其他电源设备Ⅲ,申银万国行业分类标准,2021-07-30
300594,轨交设备Ⅲ,申银万国行业分类标准,2019-06-03
300595,医疗耗材,申银万国行业分类标准,2021-07-30
300596,其他化学制品,申银万国行业分类标准,2022-07-29
300597,通信工程及服务,申银万国行业分类标准,2021-07-30
300598,垂直应用软件,申银万国行业分类标准,2021-07-30
300599,管材,申银万国行业分类标准,2017-01-03
300600,航海装备Ⅲ,申银万国行业分类标准,2017-06-27
300601,疫苗,申银万国行业分类标准,2021-07-30
300602,消费电子零部件及组装,申银万国行业分类标准,2021-07-30
300603,通信工程及服务,申银万国行业分类标准,2022-07-29
300604,半导体设备,申银万国行业分类标准,2021-07-30
300605,垂直应用软件,申银万国行业分类标准,2021-07-30
300606,磨具磨料,申银万国行业分类标准,2017-01-10
300607,机器人,申银万国行业分类标准,2021-07-30
300608,垂直应用软件,申银万国行业分类标准,2021-07-30
300609,IT服务Ⅲ,申银万国行业分类标准,2021-07-30
300610,其他化学制品,申银万国行业分类标准,2022-07-29
300611,底盘与发动机系统,申银万国行业分类标准,2021-07-30
300612,营销代理,申银万国行业分类标准,2021-07-30
300613,数字芯片设计,申银万国行业分类标准,2021-07-30
300614,固废治理,申银万国行业分类标准,2021-07-30
300615,通信终端及配件,申银万国行业分类标准,2021-07-30
300616,定制家居,申银万国行业分类标准,2021-07-30
300617,输变电设备,申银万国行业分类标准,2024-07-30
300618,钴,申银万国行业分类标准,2021-07-30
300619,锂电专用设备,申银万国行业分类标准,2021-07-30
300620,通信网络设备及器件,申银万国行业分类标准,2021-07-30
300621,装修装饰Ⅲ,申银万国行业分类标准,2017-02-21
300622,专业连锁Ⅲ,申银万国行业分类标准,2017-02-22
300623,分立器件,申银万国行业分类标准,2017-02-22
300624,横向通用软件,申银万国行业分类标准,2021-07-30
300625,照明设备Ⅲ,申银万国行业分类标准,2021-07-30
300626,电机Ⅲ,申银万国行业分类标准,2017-03-01
300627,通信终端及配件,申银万国行业分类标准,2021-12-03
300628,通信终端及配件,申银万国行业分类标准,2021-07-30
300629,军工电子Ⅲ,申银万国行业分类标准,2022-07-29
300631,环保设备Ⅲ,申银万国行业分类标准,2021-07-30
300632,LED,申银万国行业分类标准,2017-03-16
300633,医疗设备,申银万国行业分类标准,2021-07-30
300634,IT服务Ⅲ,申银万国行业分类标准,2021-07-30
300635,工程咨询服务Ⅲ,申银万国行业分类标准,2021-07-30
300636,原料药,申银万国行业分类标准,2017-03-17
300637,其他化学制品,申银万国行业分类标准,2022-07-29
300638,通信终端及配件,申银万国行业分类标准,2021-07-30
300639,体外诊断,申银万国行业分类标准,2021-07-30
300640,其他家居用品,申银万国行业分类标准,2021-07-30
300641,其他化学制品,申银万国行业分类标准,2017-03-27
300642,体外诊断,申银万国行业分类标准,2021-07-30
300643,其他汽车零部件,申银万国行业分类标准,2021-07-30
300644,改性塑料,申银万国行业分类标准,2018-01-24
300645,其他计算机设备,申银万国行业分类标准,2021-07-30
300647,消费电子零部件及组装,申银万国行业分类标准,2021-07-30
300648,锂电专用设备,申银万国行业分类标准,2021-07-30
300649,园林工程,申银万国行业分类标准,2021-07-30
300650,其他电子Ⅲ,申银万国行业分类标准,2022-07-29
300651,娱乐用品,申银万国行业分类标准,2023-07-04
300652,轮胎轮毂,申银万国行业分类标准,2021-07-30
300653,医疗耗材,申银万国行业分类标准,2021-07-30
300654,教育出版,申银万国行业分类标准,2021-07-30
300655,电子化学品Ⅲ,申银万国行业分类标准,2021-07-30
300656,其他电子Ⅲ,申银万国行业分类标准,2017-05-05
300657,印制电路板,申银万国行业分类标准,2018-07-13
300658,生活用纸,申银万国行业分类标准,2021-07-30
300659,其他计算机设备,申银万国行业分类标准,2021-07-30
300660,电机Ⅲ,申银万国行业分类标准,2017-05-11
300661,模拟芯片设计,申银万国行业分类标准,2021-07-30
300662,人力资源服务,申银万国行业分类标准,2021-07-30
300663,垂直应用软件,申银万国行业分类标准,2021-07-30
300664,水务及水治理,申银万国行业分类标准,2021-07-30
300665,涂料油墨,申银万国行业分类标准,2017-05-25
300666,半导体材料,申银万国行业分类标准,2019-07-08
300667,仪器仪表,申银万国行业分类标准,2021-07-30
300668,工程咨询服务Ⅲ,申银万国行业分类标准,2021-07-30
300669,楼宇设备,申银万国行业分类标准,2017-06-09
300670,配电设备,申银万国行业分类标准,2021-07-30
300671,模拟芯片设计,申银万国行业分类标准,2021-07-30
300672,数字芯片设计,申银万国行业分类标准,2021-07-30
300673,宠物食品,申银万国行业分类标准,2021-07-30
300674,IT服务Ⅲ,申银万国行业分类标准,2021-07-30
300675,工程咨询服务Ⅲ,申银万国行业分类标准,2021-07-30
300676,诊断服务,申银万国行业分类标准,2022-07-29
300677,医疗耗材,申银万国行业分类标准,2021-07-30
300678,IT服务Ⅲ,申银万国行业分类标准,2021-07-30
300679,消费电子零部件及组装,申银万国行业分类标准,2021-07-30
300680,底盘与发动机系统,申银万国行业分类标准,2021-07-30
300681,汽车电子电气系统,申银万国行业分类标准,2021-07-30
300682,IT服务Ⅲ,申银万国行业分类标准,2021-07-30
300683,医疗研发外包,申银万国行业分类标准,2024-07-30
300684,电子化学品Ⅲ,申银万国行业分类标准,2022-07-29
300685,体外诊断,申银万国行业分类标准,2021-07-30
300686,消费电子零部件及组装,申银万国行业分类标准,2021-07-30
300687,IT服务Ⅲ,申银万国行业分类标准,2021-07-30
300688,培训教育,申银万国行业分类标准,2021-07-30
300689,通信终端及配件,申银万国行业分类标准,2021-07-30
300690,风电零部件,申银万国行业分类标准,2021-07-30
300691,安防设备,申银万国行业分类标准,2021-07-30
300692,水务及水治理,申银万国行业分类标准,2021-07-30
300693,其他电源设备Ⅲ,申银万国行业分类标准,2021-07-30
300694,底盘与发动机系统,申银万国行业分类标准,2021-07-30
300695,轮胎轮毂,申银万国行业分类标准,2021-07-30
300696,航空装备Ⅲ,申银万国行业分类标准,2017-08-09
300697,铜,申银万国行业分类标准,2017-08-16
300698,通信网络设备及器件,申银万国行业分类标准,2021-07-30
300699,航空装备Ⅲ,申银万国行业分类标准,2021-07-30
300700,磨具磨料,申银万国行业分类标准,2017-08-22
300701,光学元件,申银万国行业分类标准,2017-08-31
300702,原料药,申银万国行业分类标准,2021-07-30
300703,文化用品,申银万国行业分类标准,2021-07-30
300705,化学制剂,申银万国行业分类标准,2017-09-21
300706,半导体材料,申银万国行业分类标准,2019-07-08
300707,其他汽车零部件,申银万国行业分类标准,2021-07-30
300708,LED,申银万国行业分类标准,2017-09-19
300709,消费电子零部件及组装,申银万国行业分类标准,2021-07-30
300710,通信网络设备及器件,申银万国行业分类标准,2021-07-30
300711,其他通信设备,申银万国行业分类标准,2021-07-30
300712,其他专业工程,申银万国行业分类标准,2021-07-30
300713,其他电源设备Ⅲ,申银万国行业分类标准,2021-07-30
300715,防水材料,申银万国行业分类标准,2021-07-30
300716,光伏电池组件,申银万国行业分类标准,2025-08-11
300717,其他塑料制品,申银万国行业分类标准,2017-10-24
300718,金属制品,申银万国行业分类标准,2024-07-30
300719,航空装备Ⅲ,申银万国行业分类标准,2017-10-30
300720,仪器仪表,申银万国行业分类标准,2021-07-30
300721,其他化学制品,申银万国行业分类标准,2017-11-08
300722,航天装备Ⅲ,申银万国行业分类标准,2017-11-08
300723,化学制剂,申银万国行业分类标准,2017-10-30
300724,光伏加工设备,申银万国行业分类标准,2021-07-30
300725,医疗研发外包,申银万国行业分类标准,2021-07-30
300726,军工电子Ⅲ,申银万国行业分类标准,2021-07-30
300727,有机硅,申银万国行业分类标准,2021-07-30
300729,其他家居用品,申银万国行业分类标准,2021-07-30
300730,垂直应用软件,申银万国行业分类标准,2021-07-30
300731,其他橡胶制品,申银万国行业分类标准,2019-07-08
300732,工程咨询服务Ⅲ,申银万国行业分类标准,2021-07-30
300733,底盘与发动机系统,申银万国行业分类标准,2021-07-30
300735,消费电子零部件及组装,申银万国行业分类标准,2021-07-30
300736,其他电子Ⅲ,申银万国行业分类标准,2018-01-07
300737,防水材料,申银万国行业分类标准,2021-07-30
300738,通信应用增值服务,申银万国行业分类标准,2023-07-04
300739,印制电路板,申银万国行业分类标准,2018-01-29
300740,品牌化妆品,申银万国行业分类标准,2021-07-30
300741,食品及饲料添加剂,申银万国行业分类标准,2021-07-30
300743,其他计算机设备,申银万国行业分类标准,2021-07-30
300745,汽车电子电气系统,申银万国行业分类标准,2022-07-29
300746,工程咨询服务Ⅲ,申银万国行业分类标准,2021-07-30
300747,激光设备,申银万国行业分类标准,2021-07-30
300748,磁性材料,申银万国行业分类标准,2018-08-29
300749,定制家居,申银万国行业分类标准,2021-07-30
300750,锂电池,申银万国行业分类标准,2021-07-30
300751,光伏加工设备,申银万国行业分类标准,2021-07-30
300752,LED,申银万国行业分类标准,2018-11-19
300753,医疗设备,申银万国行业分类标准,2021-07-30
300755,专业连锁Ⅲ,申银万国行业分类标准,2018-12-17
300756,其他专用设备,申银万国行业分类标准,2022-07-29
300757,其他自动化设备,申银万国行业分类标准,2021-07-30
300758,涂料油墨,申银万国行业分类标准,2019-01-09
300759,医疗研发外包,申银万国行业分类标准,2021-07-30
300760,医疗设备,申银万国行业分类标准,2021-07-30
300761,肉鸡养殖,申银万国行业分类标准,2021-07-30
300762,军工电子Ⅲ,申银万国行业分类标准,2021-07-30
300763,逆变器,申银万国行业分类标准,2021-07-30
300765,原料药,申银万国行业分类标准,2019-03-05
300766,横向通用软件,申银万国行业分类标准,2021-12-24
300767,其他橡胶制品,申银万国行业分类标准,2019-03-12
300768,横向通用软件,申银万国行业分类标准,2021-07-30
300769,电池化学品,申银万国行业分类标准,2021-07-30
300770,电视广播Ⅲ,申银万国行业分类标准,2021-07-30
300771,其他计算机设备,申银万国行业分类标准,2021-07-30
300772,风电整机,申银万国行业分类标准,2021-07-30
300773,金融信息服务,申银万国行业分类标准,2021-07-30
300774,水务及水治理,申银万国行业分类标准,2021-07-30
300775,航空装备Ⅲ,申银万国行业分类标准,2019-04-29
300776,光伏加工设备,申银万国行业分类标准,2021-07-30
300777,航空装备Ⅲ,申银万国行业分类标准,2021-07-30
300778,工程咨询服务Ⅲ,申银万国行业分类标准,2021-07-30
300779,固废治理,申银万国行业分类标准,2021-07-30
300780,金属制品,申银万国行业分类标准,2021-07-30
300781,营销代理,申银万国行业分类标准,2021-07-30
300782,模拟芯片设计,申银万国行业分类标准,2021-07-30
300783,零食,申银万国行业分类标准,2021-07-30
300784,消费电子零部件及组装,申银万国行业分类标准,2024-05-31
300785,门户网站,申银万国行业分类标准,2021-07-30
300786,环保设备Ⅲ,申银万国行业分类标准,2021-07-30
300787,消费电子零部件及组装,申银万国行业分类标准,2021-07-30
300788,大众出版,申银万国行业分类标准,2021-07-30
300789,其他计算机设备,申银万国行业分类标准,2021-07-30
300790,安防设备,申银万国行业分类标准,2021-07-30
300791,保健品,申银万国行业分类标准,2021-07-30
300792,电商服务,申银万国行业分类标准,2021-07-30
300793,消费电子零部件及组装,申银万国行业分类标准,2021-07-30
300795,会展服务,申银万国行业分类标准,2021-07-30
300796,农药,申银万国行业分类标准,2021-07-30
300797,检测服务,申银万国行业分类标准,2022-07-29
300798,纺织化学制品,申银万国行业分类标准,2019-10-14
300800,环保设备Ⅲ,申银万国行业分类标准,2021-07-30
300801,其他化学制品,申银万国行业分类标准,2019-10-21
300802,其他自动化设备,申银万国行业分类标准,2021-07-30
300803,垂直应用软件,申银万国行业分类标准,2021-07-30
300804,农药,申银万国行业分类标准,2023-06-05
300805,营销代理,申银万国行业分类标准,2021-07-30
300806,膜材料,申银万国行业分类标准,2021-07-30
300807,其他计算机设备,申银万国行业分类标准,2021-07-30
300808,LED,申银万国行业分类标准,2019-11-11
300809,机床工具,申银万国行业分类标准,2019-11-13
300810,航海装备Ⅲ,申银万国行业分类标准,2019-11-19
300811,磁性材料,申银万国行业分类标准,2019-12-17
300812,消费电子零部件及组装,申银万国行业分类标准,2022-07-29
300813,其他专用设备,申银万国行业分类标准,2019-12-31
300814,印制电路板,申银万国行业分类标准,2021-07-21
300815,固废治理,申银万国行业分类标准,2021-07-30
300816,其他汽车零部件,申银万国行业分类标准,2021-07-30
300817,金属制品,申银万国行业分类标准,2021-07-30
300818,磨具磨料,申银万国行业分类标准,2020-01-22
300819,其他纺织,申银万国行业分类标准,2020-01-31
300820,其他电源设备Ⅲ,申银万国行业分类标准,2021-07-30
300821,有机硅,申银万国行业分类标准,2021-07-30
300822,消费电子零部件及组装,申银万国行业分类标准,2021-07-30
300823,其他专用设备,申银万国行业分类标准,2020-03-02
300824,厨房小家电,申银万国行业分类标准,2021-07-30
300825,汽车综合服务,申银万国行业分类标准,2021-07-30
300826,工程咨询服务Ⅲ,申银万国行业分类标准,2021-07-30
300827,逆变器,申银万国行业分类标准,2021-07-30
300828,金属制品,申银万国行业分类标准,2021-07-30
300829,食品及饲料添加剂,申银万国行业分类标准,2021-07-30
300830,垂直应用软件,申银万国行业分类标准,2021-07-30
300831,分立器件,申银万国行业分类标准,2020-04-14
300832,体外诊断,申银万国行业分类标准,2021-07-30
300833,其他专用设备,申银万国行业分类标准,2020-04-27
300834,改性塑料,申银万国行业分类标准,2022-07-29
300835,磁性材料,申银万国行业分类标准,2020-05-12
300836,其他专用设备,申银万国行业分类标准,2020-05-14
300837,能源及重型设备,申银万国行业分类标准,2020-05-18
300838,金属制品,申银万国行业分类标准,2021-07-30
300839,其他石化,申银万国行业分类标准,2021-07-30
300840,非运动服装,申银万国行业分类标准,2021-07-30
300841,疫苗,申银万国行业分类标准,2021-07-30
300842,光伏辅材,申银万国行业分类标准,2021-07-30
300843,消费电子零部件及组装,申银万国行业分类标准,2021-07-30
300844,工程咨询服务Ⅲ,申银万国行业分类标准,2021-08-06
300845,其他计算机设备,申银万国行业分类标准,2021-07-30
300846,IT服务Ⅲ,申银万国行业分类标准,2021-07-30
300847,其他计算机设备,申银万国行业分类标准,2024-07-30
300848,聚氨酯,申银万国行业分类标准,2020-06-15
300849,化妆品制造及其他,申银万国行业分类标准,2021-07-30
300850,风电零部件,申银万国行业分类标准,2021-07-30
300851,轨交设备Ⅲ,申银万国行业分类标准,2020-06-23
300852,印制电路板,申银万国行业分类标准,2020-06-23
300853,电网自动化设备,申银万国行业分类标准,2022-07-29
300854,固废治理,申银万国行业分类标准,2021-08-27
300855,其他金属新材料,申银万国行业分类标准,2020-07-03
300856,化妆品制造及其他,申银万国行业分类标准,2021-07-30
300857,消费电子零部件及组装,申银万国行业分类标准,2021-07-30
300858,食品及饲料添加剂,申银万国行业分类标准,2021-07-30
300859,自然景区,申银万国行业分类标准,2021-07-30
300860,会展服务,申银万国行业分类标准,2021-07-30
300861,磨具磨料,申银万国行业分类标准,2020-07-27
300862,仪器仪表,申银万国行业分类标准,2021-07-30
300863,汽车电子电气系统,申银万国行业分类标准,2021-07-30
300864,综合环境治理,申银万国行业分类标准,2021-07-30
300865,能源及重型设备,申银万国行业分类标准,2020-07-30
300866,品牌消费电子,申银万国行业分类标准,2021-07-30
300867,固废治理,申银万国行业分类标准,2021-07-30
300868,消费电子零部件及组装,申银万国行业分类标准,2024-07-30
300869,医疗设备,申银万国行业分类标准,2021-07-30
300870,其他电源设备Ⅲ,申银万国行业分类标准,2020-08-03
300871,动物保健Ⅲ,申银万国行业分类标准,2020-08-03
300872,IT服务Ⅲ,申银万国行业分类标准,2021-07-30
300873,中间产品及消费品供应链服务,申银万国行业分类标准,2021-07-30
300875,地面兵装Ⅲ,申银万国行业分类标准,2020-08-04
300876,其他化学纤维,申银万国行业分类标准,2020-08-04
300877,其他纺织,申银万国行业分类标准,2020-08-05
300878,中药Ⅲ,申银万国行业分类标准,2020-08-05
300879,农用机械,申银万国行业分类标准,2022-07-29
300880,电工仪器仪表,申银万国行业分类标准,2021-07-30
300881,特钢Ⅲ,申银万国行业分类标准,2021-07-30
300882,电工仪器仪表,申银万国行业分类标准,2021-07-30
300883,纸包装,申银万国行业分类标准,2021-07-30
300884,安防设备,申银万国行业分类标准,2021-07-30
300885,金属制品,申银万国行业分类标准,2021-07-30
300886,化妆品制造及其他,申银万国行业分类标准,2021-07-30
300887,检测服务,申银万国行业分类标准,2021-07-30
300888,生活用纸,申银万国行业分类标准,2021-07-30
300889,LED,申银万国行业分类标准,2020-08-28
300890,电池化学品,申银万国行业分类标准,2021-07-30
300891,钛白粉,申银万国行业分类标准,2021-07-30
300892,乳品,申银万国行业分类标准,2022-07-29
300893,车身附件及饰件,申银万国行业分类标准,2022-07-29
300894,厨房电器,申银万国行业分类标准,2021-07-30
300895,IT服务Ⅲ,申银万国行业分类标准,2021-07-30
300896,医美耗材,申银万国行业分类标准,2021-07-30
300897,仪器仪表,申银万国行业分类标准,2021-07-30
300898,乳品,申银万国行业分类标准,2021-07-30
300899,水务及水治理,申银万国行业分类标准,2021-07-30
300900,航空装备Ⅲ,申银万国行业分类标准,2020-09-29
300901,非运动服装,申银万国行业分类标准,2021-07-30
300902,其他专用设备,申银万国行业分类标准,2020-09-30
300903,印制电路板,申银万国行业分类标准,2020-10-19
300904,风电零部件,申银万国行业分类标准,2023-07-31
300905,其他化学纤维,申银万国行业分类标准,2024-07-30
300906,仪器仪表,申银万国行业分类标准,2021-07-30
300907,电机Ⅲ,申银万国行业分类标准,2020-10-30
300908,调味发酵品Ⅲ,申银万国行业分类标准,2021-07-30
300909,面板,申银万国行业分类标准,2020-10-30
300910,其他化学制品,申银万国行业分类标准,2020-11-09
300911,厨房电器,申银万国行业分类标准,2021-07-30
300912,其他汽车零部件,申银万国行业分类标准,2021-07-30
300913,通信线缆及配套,申银万国行业分类标准,2021-07-30
300915,乳品,申银万国行业分类标准,2021-07-30
300916,消费电子零部件及组装,申银万国行业分类标准,2021-07-30
300917,物业管理,申银万国行业分类标准,2021-07-30
300918,其他纺织,申银万国行业分类标准,2021-07-30
300919,电池化学品,申银万国行业分类标准,2021-07-30
300920,其他塑料制品,申银万国行业分类标准,2020-12-07
300921,通信应用增值服务,申银万国行业分类标准,2021-07-30
300922,地面兵装Ⅲ,申银万国行业分类标准,2020-12-08
300923,轨交设备Ⅲ,申银万国行业分类标准,2020-12-09
300925,垂直应用软件,申银万国行业分类标准,2021-07-30
300926,其他汽车零部件,申银万国行业分类标准,2021-07-30
300927,其他化学原料,申银万国行业分类标准,2020-12-17
300928,汽车电子电气系统,申银万国行业分类标准,2021-07-30
300929,水务及水治理,申银万国行业分类标准,2021-07-30
300930,其他金属新材料,申银万国行业分类标准,2020-12-31
300931,楼宇设备,申银万国行业分类标准,2020-12-31
300932,配电设备,申银万国行业分类标准,2021-07-30
300933,线缆部件及其他,申银万国行业分类标准,2021-07-30
300935,垂直应用软件,申银万国行业分类标准,2021-07-30
300936,印制电路板,申银万国行业分类标准,2021-01-07
300937,医药流通,申银万国行业分类标准,2021-07-30
300938,检测服务,申银万国行业分类标准,2021-07-30
300939,面板,申银万国行业分类标准,2021-01-14
300940,LED,申银万国行业分类标准,2021-01-15
300941,其他计算机设备,申银万国行业分类标准,2021-07-30
300942,体外诊断,申银万国行业分类标准,2021-07-30
300943,金属制品,申银万国行业分类标准,2021-07-30
300945,钟表珠宝,申银万国行业分类标准,2021-07-30
300946,金属制品,申银万国行业分类标准,2021-07-30
300947,商业物业经营,申银万国行业分类标准,2021-07-30
300948,园林工程,申银万国行业分类标准,2021-07-30
300949,园林工程,申银万国行业分类标准,2021-07-30
300950,能源及重型设备,申银万国行业分类标准,2021-07-30
300951,消费电子零部件及组装,申银万国行业分类标准,2021-07-30
300952,鞋帽及其他,申银万国行业分类标准,2021-07-30
300953,锂电池,申银万国行业分类标准,2022-07-29
300955,化妆品制造及其他,申银万国行业分类标准,2021-07-30
300956,消费电子零部件及组装,申银万国行业分类标准,2021-07-30
300957,品牌化妆品,申银万国行业分类标准,2021-07-30
300958,综合环境治理,申银万国行业分类标准,2021-07-30
300959,通信应用增值服务,申银万国行业分类标准,2021-07-30
300960,轨交设备Ⅲ,申银万国行业分类标准,2021-03-10
300961,水务及水治理,申银万国行业分类标准,2021-07-30
300962,其他专业服务,申银万国行业分类标准,2021-07-30
300963,其他金属新材料,申银万国行业分类标准,2021-03-18
300964,印制电路板,申银万国行业分类标准,2021-07-27
300965,航空装备Ⅲ,申银万国行业分类标准,2021-03-19
300966,原料药,申银万国行业分类标准,2021-03-19
300967,肉鸡养殖,申银万国行业分类标准,2021-07-30
300968,消费电子零部件及组装,申银万国行业分类标准,2021-07-30
300969,其他汽车零部件,申银万国行业分类标准,2022-07-29
300970,食用菌,申银万国行业分类标准,2021-07-30
300971,其他专用设备,申银万国行业分类标准,2021-07-30
300972,零食,申银万国行业分类标准,2024-07-30
300973,烘焙食品,申银万国行业分类标准,2021-07-30
300975,被动元件,申银万国行业分类标准,2022-07-29
300976,消费电子零部件及组装,申银万国行业分类标准,2021-07-30
300977,工程咨询服务Ⅲ,申银万国行业分类标准,2021-07-30
300978,车身附件及饰件,申银万国行业分类标准,2021-07-30
300979,纺织鞋类制造,申银万国行业分类标准,2021-07-30
300980,其他塑料制品,申银万国行业分类标准,2021-03-30
300981,医疗耗材,申银万国行业分类标准,2021-07-30
300982,基建市政工程,申银万国行业分类标准,2021-07-30
300983,工程咨询服务Ⅲ,申银万国行业分类标准,2021-07-30
300984,其他通用设备,申银万国行业分类标准,2021-07-30
300985,金属制品,申银万国行业分类标准,2021-07-30
300986,其他专业工程,申银万国行业分类标准,2022-07-27
300987,门户网站,申银万国行业分类标准,2021-07-30
300988,其他专用设备,申银万国行业分类标准,2021-07-30
300989,工程咨询服务Ⅲ,申银万国行业分类标准,2021-07-30
300990,制冷空调设备,申银万国行业分类标准,2021-04-22
300991,其他电子Ⅲ,申银万国行业分类标准,2021-07-30
300992,其他通用设备,申银万国行业分类标准,2021-04-29
300993,其他家居用品,申银万国行业分类标准,2021-07-30
300994,其他运输设备,申银万国行业分类标准,2021-07-16
300995,改性塑料,申银万国行业分类标准,2021-04-30
300996,垂直应用软件,申银万国行业分类标准,2021-07-30
300997,软饮料,申银万国行业分类标准,2021-07-30
300998,其他汽车零部件,申银万国行业分类标准,2021-07-30
300999,粮油加工,申银万国行业分类标准,2020-09-18
301000,其他汽车零部件,申银万国行业分类标准,2021-07-30
301001,电商服务,申银万国行业分类标准,2021-07-30
301002,输变电设备,申银万国行业分类标准,2021-07-30
301003,改性塑料,申银万国行业分类标准,2021-05-18
301004,其他家居用品,申银万国行业分类标准,2021-07-30
301005,其他汽车零部件,申银万国行业分类标准,2021-07-30
301006,仪器仪表,申银万国行业分类标准,2021-07-30
301007,底盘与发动机系统,申银万国行业分类标准,2021-07-30
301008,家电零部件Ⅲ,申银万国行业分类标准,2021-07-30
301009,生活用纸,申银万国行业分类标准,2021-07-30
301010,其他建材,申银万国行业分类标准,2021-07-30
301011,娱乐用品,申银万国行业分类标准,2022-07-29
301012,输变电设备,申银万国行业分类标准,2021-07-30
301013,其他专用设备,申银万国行业分类标准,2021-06-07
301015,医药流通,申银万国行业分类标准,2021-07-30
301016,轨交设备Ⅲ,申银万国行业分类标准,2021-06-10
301017,线下药店,申银万国行业分类标准,2021-07-30
301018,制冷空调设备,申银万国行业分类标准,2021-07-30
301019,其他塑料制品,申银万国行业分类标准,2021-06-15
301020,底盘与发动机系统,申银万国行业分类标准,2021-07-30
301021,激光设备,申银万国行业分类标准,2021-07-30
301022,其他汽车零部件,申银万国行业分类标准,2021-07-30
301023,电机Ⅲ,申银万国行业分类标准,2021-06-23
301024,工程咨询服务Ⅲ,申银万国行业分类标准,2021-07-30
301025,大众出版,申银万国行业分类标准,2021-07-30
301026,其他小金属,申银万国行业分类标准,2021-06-25
301027,工程咨询服务Ⅲ,申银万国行业分类标准,2021-07-30
301028,其他通用设备,申银万国行业分类标准,2021-06-30
301029,其他自动化设备,申银万国行业分类标准,2021-07-30
301030,环保设备Ⅲ,申银万国行业分类标准,2021-07-30
301031,其他电子Ⅲ,申银万国行业分类标准,2021-07-30
301032,其他通用设备,申银万国行业分类标准,2021-07-30
301033,医疗耗材,申银万国行业分类标准,2021-07-30
301035,农药,申银万国行业分类标准,2021-07-30
301036,涂料油墨,申银万国行业分类标准,2021-07-09
301037,涂料油墨,申银万国行业分类标准,2021-07-30
301038,工程咨询服务Ⅲ,申银万国行业分类标准,2021-07-30
301039,商用载货车,申银万国行业分类标准,2021-07-30
301040,风电零部件,申银万国行业分类标准,2021-07-30
301041,印制电路板,申银万国行业分类标准,2021-07-16
301042,安防设备,申银万国行业分类标准,2021-07-30
301043,制冷空调设备,申银万国行业分类标准,2024-07-30
301045,面板,申银万国行业分类标准,2022-07-29
301046,其他专业工程,申银万国行业分类标准,2021-08-06
301047,其他生物制品,申银万国行业分类标准,2022-07-29
301048,轨交设备Ⅲ,申银万国行业分类标准,2021-08-13
301049,固废治理,申银万国行业分类标准,2021-08-13
301050,军工电子Ⅲ,申银万国行业分类标准,2021-08-13
301051,消费电子零部件及组装,申银万国行业分类标准,2021-08-13
301052,大众出版,申银万国行业分类标准,2021-08-20
301053,纺织服装设备,申银万国行业分类标准,2021-08-13
301055,其他家居用品,申银万国行业分类标准,2021-08-20
301056,楼宇设备,申银万国行业分类标准,2021-08-20
301057,涤纶,申银万国行业分类标准,2021-08-20
301058,工程咨询服务Ⅲ,申银万国行业分类标准,2021-08-20
301059,其他化学制品,申银万国行业分类标准,2021-08-27
301060,诊断服务,申银万国行业分类标准,2021-08-27
301061,成品家居,申银万国行业分类标准,2021-09-03
301062,纸包装,申银万国行业分类标准,2021-08-27
301063,能源及重型设备,申银万国行业分类标准,2024-07-30
301065,原料药,申银万国行业分类标准,2022-07-29
301066,其他纺织,申银万国行业分类标准,2022-07-29
301067,消费电子零部件及组装,申银万国行业分类标准,2021-09-02
301068,固废治理,申银万国行业分类标准,2021-09-03
301069,其他化学原料,申银万国行业分类标准,2021-09-06
301070,制冷空调设备,申银万国行业分类标准,2024-07-30
301071,非金属材料Ⅲ,申银万国行业分类标准,2021-09-07
301072,底盘与发动机系统,申银万国行业分类标准,2021-09-08
301073,酒店,申银万国行业分类标准,2021-09-08
301075,化学制剂,申银万国行业分类标准,2021-09-13
301076,其他化学制品,申银万国行业分类标准,2021-09-15
301077,其他化学制品,申银万国行业分类标准,2021-09-15
301078,专业连锁Ⅲ,申银万国行业分类标准,2021-09-16
301079,工程机械器件,申银万国行业分类标准,2021-09-17
301080,其他生物制品,申银万国行业分类标准,2022-07-29
301081,环保设备Ⅲ,申银万国行业分类标准,2021-09-24
301082,线缆部件及其他,申银万国行业分类标准,2021-09-24
301083,其他专用设备,申银万国行业分类标准,2021-09-24
301085,IT服务Ⅲ,申银万国行业分类标准,2021-09-27
301086,消费电子零部件及组装,申银万国行业分类标准,2021-09-28
301087,医疗耗材,申银万国行业分类标准,2022-07-29
301088,非运动服装,申银万国行业分类标准,2021-09-28
301089,原料药,申银万国行业分类标准,2021-09-29
301090,其他塑料制品,申银万国行业分类标准,2022-07-29
301091,工程咨询服务Ⅲ,申银万国行业分类标准,2021-09-29
301092,合成树脂,申银万国行业分类标准,2021-09-30
301093,医疗耗材,申银万国行业分类标准,2021-09-30
301095,垂直应用软件,申银万国行业分类标准,2022-07-18
301096,医疗研发外包,申银万国行业分类标准,2021-12-03
301097,医疗耗材,申银万国行业分类标准,2022-03-15
301098,园林工程,申银万国行业分类标准,2021-10-25
301099,其他电子Ⅲ,申银万国行业分类标准,2022-07-29
301100,其他化学制品,申银万国行业分类标准,2021-11-30
301101,文化用品,申银万国行业分类标准,2021-12-03
301102,广告媒体,申银万国行业分类标准,2022-03-04
301103,医院,申银万国行业分类标准,2022-03-02
301105,印刷包装机械,申银万国行业分类标准,2022-12-23
301106,面板,申银万国行业分类标准,2022-01-14
301107,其他通用设备,申银万国行业分类标准,2022-05-11
301108,生活用纸,申银万国行业分类标准,2021-11-19
301109,固废治理,申银万国行业分类标准,2022-03-23
301110,电商服务,申银万国行业分类标准,2021-02-25
301111,中药Ⅲ,申银万国行业分类标准,2022-07-29
301112,机器人,申银万国行业分类标准,2022-06-02
301113,其他家居用品,申银万国行业分类标准,2021-12-08
301115,检测服务,申银万国行业分类标准,2022-08-11
301116,肉鸡养殖,申银万国行业分类标准,2021-12-31
301117,安防设备,申银万国行业分类标准,2021-12-24
301118,其他化学原料,申银万国行业分类标准,2021-11-05
301119,底盘与发动机系统,申银万国行业分类标准,2021-11-12
301120,输变电设备,申银万国行业分类标准,2022-03-25
301121,锂电池,申银万国行业分类标准,2022-07-15
301122,医疗耗材,申银万国行业分类标准,2022-01-14
301123,消费电子零部件及组装,申银万国行业分类标准,2022-01-07
301125,其他通用设备,申银万国行业分类标准,2022-05-20
301126,医药流通,申银万国行业分类标准,2021-11-19
301127,水务及水治理,申银万国行业分类标准,2021-12-10
301128,其他专用设备,申银万国行业分类标准,2021-10-27
301129,仪器仪表,申银万国行业分类标准,2021-10-14
301130,化学制剂,申银万国行业分类标准,2022-01-28
301131,改性塑料,申银万国行业分类标准,2022-02-28
301132,印制电路板,申银万国行业分类标准,2022-07-22
301133,车身附件及饰件,申银万国行业分类标准,2021-11-04
301135,家电零部件Ⅲ,申银万国行业分类标准,2024-07-30
301136,工程咨询服务Ⅲ,申银万国行业分类标准,2021-12-24
301137,金属制品,申银万国行业分类标准,2022-03-04
301138,印刷包装机械,申银万国行业分类标准,2022-07-29
301139,通信工程及服务,申银万国行业分类标准,2022-06-24
301141,磁性材料,申银万国行业分类标准,2023-03-17
301148,水务及水治理,申银万国行业分类标准,2022-04-01
301149,其他化学制品,申银万国行业分类标准,2021-10-22
301150,锂电池,申银万国行业分类标准,2022-07-29
301151,金属制品,申银万国行业分类标准,2022-03-18
301152,电池化学品,申银万国行业分类标准,2022-08-12
301153,垂直应用软件,申银万国行业分类标准,2022-04-25
301155,风电零部件,申银万国行业分类标准,2021-11-05
301156,食品及饲料添加剂,申银万国行业分类标准,2022-06-10
301157,其他电源设备Ⅲ,申银万国行业分类标准,2023-03-09
301158,能源及重型设备,申银万国行业分类标准,2021-12-31
301159,垂直应用软件,申银万国行业分类标准,2021-12-24
301160,特钢Ⅲ,申银万国行业分类标准,2022-05-13
301161,工程机械器件,申银万国行业分类标准,2022-08-26
301162,垂直应用软件,申银万国行业分类标准,2022-03-30
301163,风电零部件,申银万国行业分类标准,2022-07-29
301165,通信网络设备及器件,申银万国行业分类标准,2022-11-04
301166,其他生物制品,申银万国行业分类标准,2021-12-10
301167,工程咨询服务Ⅲ,申银万国行业分类标准,2021-11-23
301168,光伏电池组件,申银万国行业分类标准,2024-07-30
301169,其他专业服务,申银万国行业分类标准,2021-10-19
301170,底盘与发动机系统,申银万国行业分类标准,2023-06-09
301171,营销代理,申银万国行业分类标准,2022-08-05
301172,IT服务Ⅲ,申银万国行业分类标准,2023-07-04
301173,车身附件及饰件,申银万国行业分类标准,2025-02-12
301175,固废治理,申银万国行业分类标准,2022-06-17
301176,印制电路板,申银万国行业分类标准,2022-09-08
301177,钟表珠宝,申银万国行业分类标准,2021-12-03
301178,IT服务Ⅲ,申银万国行业分类标准,2021-10-28
301179,电网自动化设备,申银万国行业分类标准,2021-11-26
301180,消费电子零部件及组装,申银万国行业分类标准,2021-10-28
301181,其他汽车零部件,申银万国行业分类标准,2022-01-25
301182,安防设备,申银万国行业分类标准,2024-07-30
301183,光学元件,申银万国行业分类标准,2022-05-11
301185,IT服务Ⅲ,申银万国行业分类标准,2021-11-05
301186,其他汽车零部件,申银万国行业分类标准,2021-12-10
301187,清洁小家电,申银万国行业分类标准,2022-04-01
301188,医疗耗材,申银万国行业分类标准,2024-11-15
301189,品牌消费电子,申银万国行业分类标准,2021-12-10
301190,其他化学原料,申银万国行业分类标准,2024-07-30
301191,通信终端及配件,申银万国行业分类标准,2022-05-13
301192,底盘与发动机系统,申银万国行业分类标准,2020-07-27
301193,其他家居用品,申银万国行业分类标准,2021-11-26
301195,垂直应用软件,申银万国行业分类标准,2022-07-12
301196,其他塑料制品,申银万国行业分类标准,2021-12-17
301197,仪器仪表,申银万国行业分类标准,2022-07-25
301198,塑料包装,申银万国行业分类标准,2021-11-19
301199,机器人,申银万国行业分类标准,2021-11-26
301200,其他专用设备,申银万国行业分类标准,2022-01-28
301201,医疗研发外包,申银万国行业分类标准,2021-12-31
301202,其他通信设备,申银万国行业分类标准,2023-06-30
301203,水务及水治理,申银万国行业分类标准,2023-03-16
301205,通信网络设备及器件,申银万国行业分类标准,2022-09-02
301206,食品及饲料添加剂,申银万国行业分类标准,2022-01-14
301207,疫苗,申银万国行业分类标准,2022-01-24
301208,IT服务Ⅲ,申银万国行业分类标准,2022-06-23
301209,涂料油墨,申银万国行业分类标准,2022-08-11
301210,锂电池,申银万国行业分类标准,2023-06-09
301211,原料药,申银万国行业分类标准,2021-12-02
301212,其他化学制品,申银万国行业分类标准,2022-03-21
301213,军工电子Ⅲ,申银万国行业分类标准,2021-11-26
301215,汽车综合服务,申银万国行业分类标准,2022-02-18
301216,其他塑料制品,申银万国行业分类标准,2022-07-29
301217,锂电池,申银万国行业分类标准,2023-07-04
301218,IT服务Ⅲ,申银万国行业分类标准,2021-02-25
301219,钴,申银万国行业分类标准,2022-03-01
301220,食品及饲料添加剂,申银万国行业分类标准,2022-06-02
301221,汽车电子电气系统,申银万国行业分类标准,2021-11-30
301222,蓄电池及其他电池,申银万国行业分类标准,2021-02-25
301223,纸包装,申银万国行业分类标准,2022-09-23
301225,底盘与发动机系统,申银万国行业分类标准,2023-05-26
301226,电机Ⅲ,申银万国行业分类标准,2022-03-09
301227,定制家居,申银万国行业分类标准,2022-09-02
301228,检测服务,申银万国行业分类标准,2022-01-11
301229,底盘与发动机系统,申银万国行业分类标准,2024-11-15
301230,医疗研发外包,申银万国行业分类标准,2022-09-30
301231,大众出版,申银万国行业分类标准,2022-08-19
301232,风电零部件,申银万国行业分类标准,2023-05-26
301233,其他汽车零部件,申银万国行业分类标准,2022-06-10
301234,医疗耗材,申银万国行业分类标准,2022-06-24
301235,医疗设备,申银万国行业分类标准,2022-01-21
301236,IT服务Ⅲ,申银万国行业分类标准,2021-02-25
301237,膜材料,申银万国行业分类标准,2022-03-04
301238,电池化学品,申银万国行业分类标准,2022-06-02
301239,医院,申银万国行业分类标准,2022-06-10
301246,原料药,申银万国行业分类标准,2023-02-24
301248,IT服务Ⅲ,申银万国行业分类标准,2022-03-30
301251,印制电路板,申银万国行业分类标准,2023-08-16
301252,家电零部件Ⅲ,申银万国行业分类标准,2023-05-12
301255,金属制品,申银万国行业分类标准,2022-12-09
301256,无机盐,申银万国行业分类标准,2022-03-04
301257,医疗研发外包,申银万国行业分类标准,2022-04-29
301258,原料药,申银万国行业分类标准,2022-03-09
301259,综合环境治理,申银万国行业分类标准,2022-04-06
301260,农用机械,申银万国行业分类标准,2023-01-20
301261,金属制品,申银万国行业分类标准,2023-06-30
301262,电视广播Ⅲ,申银万国行业分类标准,2023-06-09
301263,化学制剂,申银万国行业分类标准,2022-03-11
301265,固废治理,申银万国行业分类标准,2022-11-25
301266,光伏辅材,申银万国行业分类标准,2022-05-20
301267,医院,申银万国行业分类标准,2022-10-14
301268,金属制品,申银万国行业分类标准,2022-03-17
301269,垂直应用软件,申银万国行业分类标准,2022-07-11
301270,横向通用软件,申银万国行业分类标准,2022-08-12
301272,制冷空调设备,申银万国行业分类标准,2023-06-30
301273,其他通用设备,申银万国行业分类标准,2022-09-22
301275,其他电子Ⅲ,申银万国行业分类标准,2025-02-21
301276,非运动服装,申银万国行业分类标准,2022-08-22
301277,原料药,申银万国行业分类标准,2022-10-28
301278,光伏电池组件,申银万国行业分类标准,2024-07-30
301279,工程机械器件,申银万国行业分类标准,2022-03-25
301280,家电零部件Ⅲ,申银万国行业分类标准,2024-07-30
301281,原料药,申银万国行业分类标准,2023-03-17
301282,印制电路板,申银万国行业分类标准,2022-08-03
301283,胶黏剂及胶带,申银万国行业分类标准,2022-08-19
301285,消费电子零部件及组装,申银万国行业分类标准,2022-09-09
301286,其他化学制品,申银万国行业分类标准,2022-05-27
301287,娱乐用品,申银万国行业分类标准,2023-06-01
301288,环保设备Ⅲ,申银万国行业分类标准,2022-04-01
301289,检测服务,申银万国行业分类标准,2022-06-09
301290,医疗设备,申银万国行业分类标准,2022-11-10
301291,配电设备,申银万国行业分类标准,2023-06-09
301292,电池化学品,申银万国行业分类标准,2023-06-09
301293,医院,申银万国行业分类标准,2023-04-14
301295,输变电设备,申银万国行业分类标准,2023-06-09
301296,纸包装,申银万国行业分类标准,2022-08-15
301297,半导体设备,申银万国行业分类标准,2022-12-23
301298,其他汽车零部件,申银万国行业分类标准,2022-05-17
301299,门户网站,申银万国行业分类标准,2022-09-30
301300,炭黑,申银万国行业分类标准,2022-08-05
301301,原料药,申银万国行业分类标准,2024-07-30
301302,军工电子Ⅲ,申银万国行业分类标准,2022-06-02
301303,仪器仪表,申银万国行业分类标准,2023-01-31
301305,固废治理,申银万国行业分类标准,2023-04-28
301306,军工电子Ⅲ,申银万国行业分类标准,2022-07-08
301307,通信网络设备及器件,申银万国行业分类标准,2023-03-31
301308,数字芯片设计,申银万国行业分类标准,2022-07-25
301309,金属制品,申银万国行业分类标准,2022-09-02
301310,汽车电子电气系统,申银万国行业分类标准,2023-05-26
301311,其他通用设备,申银万国行业分类标准,2022-11-11
301312,其他自动化设备,申银万国行业分类标准,2022-07-01
301313,其他数字媒体,申银万国行业分类标准,2022-09-16
301314,通信网络设备及器件,申银万国行业分类标准,2023-03-17
301315,横向通用软件,申银万国行业分类标准,2023-06-09
301316,IT服务Ⅲ,申银万国行业分类标准,2022-09-16
301317,其他通用设备,申银万国行业分类标准,2022-12-30
301318,安防设备,申银万国行业分类标准,2022-07-25
301319,电子化学品Ⅲ,申银万国行业分类标准,2022-09-09
301320,工控设备,申银万国行业分类标准,2023-05-26
301321,面板,申银万国行业分类标准,2020-07-27
301322,其他运输设备,申银万国行业分类标准,2023-02-15
301323,磁性材料,申银万国行业分类标准,2023-05-26
301325,锂电专用设备,申银万国行业分类标准,2023-05-04
301326,消费电子零部件及组装,申银万国行业分类标准,2022-09-02
301327,锂电池,申银万国行业分类标准,2022-08-29
301328,其他电子Ⅲ,申银万国行业分类标准,2022-08-17
301329,消费电子零部件及组装,申银万国行业分类标准,2023-06-30
301330,安防设备,申银万国行业分类标准,2022-07-28
301331,中药Ⅲ,申银万国行业分类标准,2022-09-02
301332,清洁小家电,申银万国行业分类标准,2023-05-04
301333,医疗研发外包,申银万国行业分类标准,2022-07-20
301335,娱乐用品,申银万国行业分类标准,2022-11-04
301336,成品家居,申银万国行业分类标准,2022-08-05
301337,垂直应用软件,申银万国行业分类标准,2023-05-04
301338,其他专用设备,申银万国行业分类标准,2022-08-05
301339,其他计算机设备,申银万国行业分类标准,2022-08-26
301345,摩托车,申银万国行业分类标准,2023-02-24
301348,集成电路封测,申银万国行业分类标准,2023-07-31
301349,电池化学品,申银万国行业分类标准,2022-08-19
301353,其他通用设备,申银万国行业分类标准,2023-05-17
301355,纸包装,申银万国行业分类标准,2023-05-26
301356,瓷砖地板,申银万国行业分类标准,2022-10-21
301357,地面兵装Ⅲ,申银万国行业分类标准,2023-03-31
301358,电池化学品,申银万国行业分类标准,2023-01-20
301359,其他电子Ⅲ,申银万国行业分类标准,2022-10-18
301360,仪器仪表,申银万国行业分类标准,2023-03-31
301361,配电设备,申银万国行业分类标准,2022-10-26
301362,照明设备Ⅲ,申银万国行业分类标准,2023-07-31
301363,医疗设备,申银万国行业分类标准,2022-09-16
301365,工程咨询服务Ⅲ,申银万国行业分类标准,2022-11-04
301366,印制电路板,申银万国行业分类标准,2022-09-06
301367,医疗设备,申银万国行业分类标准,2022-09-30
301368,金属制品,申银万国行业分类标准,2022-11-25
301369,半导体设备,申银万国行业分类标准,2022-09-07
301370,医疗耗材,申银万国行业分类标准,2023-06-30
301371,品牌化妆品,申银万国行业分类标准,2023-07-14
301372,水务及水治理,申银万国行业分类标准,2023-07-21
301373,其他化学制品,申银万国行业分类标准,2023-01-10
301376,成品家居,申银万国行业分类标准,2023-06-09
301377,金属制品,申银万国行业分类标准,2022-10-31
301378,垂直应用软件,申银万国行业分类标准,2023-02-24
301379,面板,申银万国行业分类标准,2022-09-30
301380,通信应用增值服务,申银万国行业分类标准,2022-09-28
301381,跨境电商,申银万国行业分类标准,2023-06-21
301382,通信应用增值服务,申银万国行业分类标准,2023-05-04
301383,消费电子零部件及组装,申银万国行业分类标准,2023-05-26
301386,配电设备,申银万国行业分类标准,2023-03-10
301387,消费电子零部件及组装,申银万国行业分类标准,2023-03-31
301388,配电设备,申银万国行业分类标准,2022-11-04
301389,消费电子零部件及组装,申银万国行业分类标准,2022-09-30
301390,工程咨询服务Ⅲ,申银万国行业分类标准,2024-07-30
301391,其他计算机设备,申银万国行业分类标准,2022-11-21
301392,其他专用设备,申银万国行业分类标准,2024-05-16
301393,其他生物制品,申银万国行业分类标准,2023-06-30
301395,合成树脂,申银万国行业分类标准,2023-06-09
301396,IT服务Ⅲ,申银万国行业分类标准,2022-10-28
301397,底盘与发动机系统,申银万国行业分类标准,2023-06-09
301398,车身附件及饰件,申银万国行业分类标准,2022-11-25
301399,制冷空调设备,申银万国行业分类标准,2023-04-28
301408,线下药店,申银万国行业分类标准,2023-02-13
301413,仪器仪表,申银万国行业分类标准,2023-12-01
301418,工控设备,申银万国行业分类标准,2023-07-31
301419,通信网络设备及器件,申银万国行业分类标准,2023-01-20
301421,光学元件,申银万国行业分类标准,2023-08-21
301428,通信应用增值服务,申银万国行业分类标准,2023-05-04
301429,其他建材,申银万国行业分类标准,2023-03-31
301439,线缆部件及其他,申银万国行业分类标准,2023-02-24
301446,工程机械器件,申银万国行业分类标准,2023-07-14
301448,其他通用设备,申银万国行业分类标准,2023-06-09
301449,检测服务,申银万国行业分类标准,2025-12-04
301456,风电零部件,申银万国行业分类标准,2023-06-30
301458,被动元件,申银万国行业分类标准,2024-12-20
301459,其他橡胶制品,申银万国行业分类标准,2023-11-24
301468,其他通用设备,申银万国行业分类标准,2023-06-30
301469,特种纸,申银万国行业分类标准,2023-07-31
301479,光学元件,申银万国行业分类标准,2025-02-21
301486,消费电子零部件及组装,申银万国行业分类标准,2023-06-30
301487,电池化学品,申银万国行业分类标准,2023-07-31
301488,汽车电子电气系统,申银万国行业分类标准,2023-06-09
301489,电子化学品Ⅲ,申银万国行业分类标准,2023-10-13
301491,消费电子零部件及组装,申银万国行业分类标准,2025-07-18
301498,宠物食品,申银万国行业分类标准,2023-07-27
301499,汽车电子电气系统,申银万国行业分类标准,2023-06-30
301500,固废治理,申银万国行业分类标准,2024-07-30
301501,其他家居用品,申银万国行业分类标准,2025-02-28
301502,电机Ⅲ,申银万国行业分类标准,2024-01-16
301503,其他计算机设备,申银万国行业分类标准,2023-06-28
301505,工程咨询服务Ⅲ,申银万国行业分类标准,2023-06-30
301507,化学制剂,申银万国行业分类标准,2023-08-11
301508,检测服务,申银万国行业分类标准,2023-11-10
301509,医疗研发外包,申银万国行业分类标准,2023-07-14
301510,工控设备,申银万国行业分类标准,2023-07-31
301511,锂电池,申银万国行业分类标准,2023-07-31
301512,其他自动化设备,申银万国行业分类标准,2023-07-14
301515,医疗设备,申银万国行业分类标准,2023-07-03
301516,其他电源设备Ⅲ,申银万国行业分类标准,2023-11-17
301517,军工电子Ⅲ,申银万国行业分类标准,2023-10-13
301518,其他化学制品,申银万国行业分类标准,2023-07-14
301519,水务及水治理,申银万国行业分类标准,2023-07-07
301520,医疗研发外包,申银万国行业分类标准,2023-09-05
301522,其他金属新材料,申银万国行业分类标准,2024-09-20
301525,制冷空调设备,申银万国行业分类标准,2023-08-21
301526,玻纤制造,申银万国行业分类标准,2023-12-08
301528,仪器仪表,申银万国行业分类标准,2023-08-04
301529,车身附件及饰件,申银万国行业分类标准,2023-08-21
301533,农用机械,申银万国行业分类标准,2023-07-25
301535,其他汽车零部件,申银万国行业分类标准,2025-03-06
301536,数字芯片设计,申银万国行业分类标准,2024-03-18
301538,改性塑料,申银万国行业分类标准,2024-03-01
301539,轮胎轮毂,申银万国行业分类标准,2024-03-21
301548,金属制品,申银万国行业分类标准,2023-09-08
301550,底盘与发动机系统,申银万国行业分类标准,2024-07-30
301551,电视广播Ⅲ,申银万国行业分类标准,2024-09-05
301552,车身附件及饰件,申银万国行业分类标准,2024-07-05
301555,合成树脂,申银万国行业分类标准,2023-10-13
301556,IT服务Ⅲ,申银万国行业分类标准,2024-09-20
301557,风电零部件,申银万国行业分类标准,2025-02-14
301558,跨境电商,申银万国行业分类标准,2023-09-11
301559,金属制品,申银万国行业分类标准,2023-09-15
301560,底盘与发动机系统,申银万国行业分类标准,2025-04-10
301563,其他电子Ⅲ,申银万国行业分类标准,2025-09-11
301565,膜材料,申银万国行业分类标准,2024-05-31
301566,被动元件,申银万国行业分类标准,2023-12-22
301567,消费电子零部件及组装,申银万国行业分类标准,2024-01-08
301568,其他自动化设备,申银万国行业分类标准,2023-11-17
301571,军工电子Ⅲ,申银万国行业分类标准,2024-08-02
301575,卫浴制品,申银万国行业分类标准,2025-08-22
301577,通信网络设备及器件,申银万国行业分类标准,2024-01-12
301578,其他黑色家电,申银万国行业分类标准,2023-12-22
301580,医疗耗材,申银万国行业分类标准,2024-06-14
301581,汽车电子电气系统,申银万国行业分类标准,2024-12-20
301584,医药流通,申银万国行业分类标准,2025-09-05
301585,纺织化学制品,申银万国行业分类标准,2024-12-06
301586,航空装备Ⅲ,申银万国行业分类标准,2024-08-16
301587,锂电池,申银万国行业分类标准,2024-03-15
301588,瓷砖地板,申银万国行业分类标准,2024-03-01
301589,其他计算机设备,申银万国行业分类标准,2024-01-26
301590,其他电源设备Ⅲ,申银万国行业分类标准,2025-05-16
301591,其他塑料制品,申银万国行业分类标准,2024-01-31
301592,军工电子Ⅲ,申银万国行业分类标准,2024-10-09
301595,其他家居用品,申银万国行业分类标准,2025-04-24
301596,金属制品,申银万国行业分类标准,2024-05-09
301598,其他专用设备,申银万国行业分类标准,2024-12-06
301600,其他计算机设备,申银万国行业分类标准,2024-08-30
301601,能源及重型设备,申银万国行业分类标准,2024-12-27
301602,医疗设备,申银万国行业分类标准,2025-01-02
301603,机床工具,申银万国行业分类标准,2024-06-21
301606,品牌消费电子,申银万国行业分类标准,2024-07-05
301607,汽车电子电气系统,申银万国行业分类标准,2024-08-16
301608,其他计算机设备,申银万国行业分类标准,2024-07-12
301609,电网自动化设备,申银万国行业分类标准,2025-07-11
301611,半导体材料,申银万国行业分类标准,2024-07-26
301613,其他汽车零部件,申银万国行业分类标准,2024-09-26
301616,其他通用设备,申银万国行业分类标准,2025-03-14
301617,其他化学制品,申银万国行业分类标准,2024-11-22
301618,纺织化学制品,申银万国行业分类标准,2024-09-13
301622,磁性材料,申银万国行业分类标准,2024-11-15
301626,消费电子零部件及组装,申银万国行业分类标准,2024-09-27
301628,印制电路板,申银万国行业分类标准,2024-10-17
301629,半导体设备,申银万国行业分类标准,2025-03-07
301630,电子化学品Ⅲ,申银万国行业分类标准,2025-06-27
301631,汽车电子电气系统,申银万国行业分类标准,2024-11-01
301632,检测服务,申银万国行业分类标准,2025-08-01
301633,工控设备,申银万国行业分类标准,2024-11-01
301636,光伏电池组件,申银万国行业分类标准,2025-04-17
301638,其他专业服务,申银万国行业分类标准,2025-10-30
301656,汽车电子电气系统,申银万国行业分类标准,2025-09-05
301658,逆变器,申银万国行业分类标准,2025-03-14
301662,锂电专用设备,申银万国行业分类标准,2025-03-28
301665,农药,申银万国行业分类标准,2025-03-20
301667,汽车电子电气系统,申银万国行业分类标准,2025-11-27
301668,配电设备,申银万国行业分类标准,2025-09-05
301678,半导体材料,申银万国行业分类标准,2025-05-30
301687,电子化学品Ⅲ,申银万国行业分类标准,2025-12-12
302132,军工电子Ⅲ,申银万国行业分类标准,2021-07-30
600000,股份制银行Ⅲ,申银万国行业分类标准,2021-07-30
600004,机场,申银万国行业分类标准,2021-07-30
600006,商用载货车,申银万国行业分类标准,2021-07-30
600007,商业地产,申银万国行业分类标准,2021-07-30
600008,水务及水治理,申银万国行业分类标准,2021-07-30
600009,机场,申银万国行业分类标准,2021-07-30
600010,板材,申银万国行业分类标准,2021-07-30
600011,火力发电,申银万国行业分类标准,2001-12-06
600012,高速公路,申银万国行业分类标准,2021-07-30
600015,股份制银行Ⅲ,申银万国行业分类标准,2021-07-30
600016,股份制银行Ⅲ,申银万国行业分类标准,2021-07-30
600017,港口,申银万国行业分类标准,2021-07-30
600018,港口,申银万国行业分类标准,2021-07-30
600019,板材,申银万国行业分类标准,2021-07-30
600020,高速公路,申银万国行业分类标准,2021-07-30
600021,火力发电,申银万国行业分类标准,2003-10-27
600022,板材,申银万国行业分类标准,2021-07-30
600023,火力发电,申银万国行业分类标准,2013-01-19
600025,水力发电,申银万国行业分类标准,2017-11-06
600026,航运,申银万国行业分类标准,2021-07-30
600027,火力发电,申银万国行业分类标准,2005-02-03
600028,炼油化工,申银万国行业分类标准,2021-07-30
600029,航空运输,申银万国行业分类标准,2021-07-30
600030,证券Ⅲ,申银万国行业分类标准,2008-06-02
600031,工程机械整机,申银万国行业分类标准,2021-07-30
600032,光伏发电,申银万国行业分类标准,2021-07-30
600033,高速公路,申银万国行业分类标准,2021-07-30
600035,高速公路,申银万国行业分类标准,2021-07-30
600036,股份制银行Ⅲ,申银万国行业分类标准,2021-07-30
600037,电视广播Ⅲ,申银万国行业分类标准,2021-07-30
600038,航空装备Ⅲ,申银万国行业分类标准,2014-01-01
600039,基建市政工程,申银万国行业分类标准,2021-07-30
600048,住宅开发,申银万国行业分类标准,2006-07-11
600050,电信运营商,申银万国行业分类标准,2021-07-30
600051,综合Ⅲ,申银万国行业分类标准,2007-07-02
600052,热力服务,申银万国行业分类标准,2023-07-04
600053,资产管理,申银万国行业分类标准,2021-07-30
600054,自然景区,申银万国行业分类标准,2021-07-30
600055,医疗设备,申银万国行业分类标准,2021-07-30
600056,医药流通,申银万国行业分类标准,2021-07-30
600057,原材料供应链服务,申银万国行业分类标准,2021-07-30
600059,其他酒类,申银万国行业分类标准,2021-07-30
600061,证券Ⅲ,申银万国行业分类标准,2025-08-11
600062,化学制剂,申银万国行业分类标准,2008-01-02
600063,其他化学纤维,申银万国行业分类标准,2021-07-30
600064,住宅开发,申银万国行业分类标准,2021-07-30
600066,商用载客车,申银万国行业分类标准,2021-07-30
600067,线缆部件及其他,申银万国行业分类标准,2024-08-07
600071,光学元件,申银万国行业分类标准,2021-07-30
600072,风电零部件,申银万国行业分类标准,2024-07-30
600073,肉制品,申银万国行业分类标准,2019-07-08
600075,氯碱,申银万国行业分类标准,2008-01-02
600076,综合包装,申银万国行业分类标准,2022-07-29
600078,磷肥及磷化工,申银万国行业分类标准,2021-07-30
600079,化学制剂,申银万国行业分类标准,2011-01-10
600080,中药Ⅲ,申银万国行业分类标准,2021-07-19
600081,车身附件及饰件,申银万国行业分类标准,2021-07-30
600082,产业地产,申银万国行业分类标准,2021-07-30
600084,其他酒类,申银万国行业分类标准,2021-07-30
600088,影视动漫制作,申银万国行业分类标准,2022-07-29
600089,输变电设备,申银万国行业分类标准,2021-07-30
600094,住宅开发,申银万国行业分类标准,2012-07-02
600095,证券Ⅲ,申银万国行业分类标准,2020-07-09
600096,磷肥及磷化工,申银万国行业分类标准,2021-07-30
600097,海洋捕捞,申银万国行业分类标准,2010-01-01
600099,其他运输设备,申银万国行业分类标准,2014-01-01
600100,其他计算机设备,申银万国行业分类标准,2021-07-30
600101,电能综合服务,申银万国行业分类标准,2021-07-30
600103,特种纸,申银万国行业分类标准,2021-07-30
600104,综合乘用车,申银万国行业分类标准,2021-07-30
600105,通信线缆及配套,申银万国行业分类标准,2021-07-30
600106,高速公路,申银万国行业分类标准,2021-07-30
600107,非运动服装,申银万国行业分类标准,2021-07-30
600108,其他种植业,申银万国行业分类标准,2011-01-10
600109,证券Ⅲ,申银万国行业分类标准,2008-06-02
600110,锂电池,申银万国行业分类标准,2022-07-29
600111,稀土,申银万国行业分类标准,2014-01-01
600113,商业物业经营,申银万国行业分类标准,2021-07-30
600114,金属制品,申银万国行业分类标准,2021-07-30
600115,航空运输,申银万国行业分类标准,2021-07-30
600116,电能综合服务,申银万国行业分类标准,2021-07-30
600117,特钢Ⅲ,申银万国行业分类标准,2021-07-30
600118,航天装备Ⅲ,申银万国行业分类标准,2014-01-01
600119,跨境物流,申银万国行业分类标准,2021-07-30
600120,金融控股,申银万国行业分类标准,2021-07-30
600121,动力煤,申银万国行业分类标准,2021-07-30
600123,焦煤,申银万国行业分类标准,2021-07-30
600125,铁路运输,申银万国行业分类标准,2021-07-30
600126,板材,申银万国行业分类标准,2021-07-30
600128,贸易Ⅲ,申银万国行业分类标准,2021-07-30
600130,消费电子零部件及组装,申银万国行业分类标准,2021-07-30
600131,IT服务Ⅲ,申银万国行业分类标准,2021-07-30
600132,啤酒,申银万国行业分类标准,2021-07-30
600133,综合环境治理,申银万国行业分类标准,2025-01-10
600135,膜材料,申银万国行业分类标准,2021-07-30
600136,物业管理,申银万国行业分类标准,2025-08-11
600137,非运动服装,申银万国行业分类标准,2024-07-30
600138,人工景区,申银万国行业分类标准,2021-07-30
600141,磷肥及磷化工,申银万国行业分类标准,2021-07-30
600143,改性塑料,申银万国行业分类标准,2011-01-10
600148,底盘与发动机系统,申银万国行业分类标准,2021-07-30
600149,热力服务,申银万国行业分类标准,2021-07-30
600150,航海装备Ⅲ,申银万国行业分类标准,2008-06-02
600151,光伏电池组件,申银万国行业分类标准,2021-07-30
600152,锂电池,申银万国行业分类标准,2021-07-30
600153,原材料供应链服务,申银万国行业分类标准,2021-07-30
600155,证券Ⅲ,申银万国行业分类标准,2017-06-29
600156,其他纺织,申银万国行业分类标准,2017-06-29
600157,焦煤,申银万国行业分类标准,2021-07-30
600158,体育Ⅲ,申银万国行业分类标准,2021-07-30
600159,住宅开发,申银万国行业分类标准,2006-09-01
600160,氟化工,申银万国行业分类标准,2011-01-10
600161,血液制品,申银万国行业分类标准,2021-07-30
600162,住宅开发,申银万国行业分类标准,2011-01-10
600163,风力发电,申银万国行业分类标准,2021-07-30
600165,其他化学制品,申银万国行业分类标准,2019-07-08
600166,商用载货车,申银万国行业分类标准,2021-07-30
600168,水务及水治理,申银万国行业分类标准,2021-07-30
600169,能源及重型设备,申银万国行业分类标准,2014-01-01
600170,房屋建设Ⅲ,申银万国行业分类标准,2011-10-10
600171,模拟芯片设计,申银万国行业分类标准,2021-07-30
600172,磨具磨料,申银万国行业分类标准,2008-06-02
600173,住宅开发,申银万国行业分类标准,2010-01-01
600176,玻纤制造,申银万国行业分类标准,2021-07-30
600177,非运动服装,申银万国行业分类标准,2021-07-30
600178,底盘与发动机系统,申银万国行业分类标准,2021-07-30
600179,航运,申银万国行业分类标准,2021-12-03
600180,原材料供应链服务,申银万国行业分类标准,2021-07-30
600182,轮胎轮毂,申银万国行业分类标准,2021-07-30
600183,印制电路板,申银万国行业分类标准,2011-01-10
600184,地面兵装Ⅲ,申银万国行业分类标准,2014-01-01
600185,住宅开发,申银万国行业分类标准,2010-01-16
600186,调味发酵品Ⅲ,申银万国行业分类标准,2021-07-30
600187,水务及水治理,申银万国行业分类标准,2021-07-30
600188,动力煤,申银万国行业分类标准,2021-07-30
600189,软饮料,申银万国行业分类标准,2021-07-30
600191,其他农产品加工,申银万国行业分类标准,2011-01-10
600192,输变电设备,申银万国行业分类标准,2021-07-30
600193,装修装饰Ⅲ,申银万国行业分类标准,2018-07-13
600195,动物保健Ⅲ,申银万国行业分类标准,2011-01-10
600196,化学制剂,申银万国行业分类标准,2021-07-30
600197,白酒Ⅲ,申银万国行业分类标准,2021-07-30
600198,通信终端及配件,申银万国行业分类标准,2022-07-29
600199,白酒Ⅲ,申银万国行业分类标准,2021-07-30
600201,动物保健Ⅲ,申银万国行业分类标准,2011-01-10
600202,制冷空调设备,申银万国行业分类标准,2022-07-29
600203,消费电子零部件及组装,申银万国行业分类标准,2021-07-30
600206,半导体材料,申银万国行业分类标准,2021-07-30
600207,光伏辅材,申银万国行业分类标准,2021-07-30
600208,住宅开发,申银万国行业分类标准,2007-07-02
600210,塑料包装,申银万国行业分类标准,2021-07-30
600211,其他生物制品,申银万国行业分类标准,2023-07-04
600212,其他电源设备Ⅲ,申银万国行业分类标准,2023-07-04
600215,机器人,申银万国行业分类标准,2022-07-29
600217,固废治理,申银万国行业分类标准,2021-07-30
600218,底盘与发动机系统,申银万国行业分类标准,2021-07-30
600219,铝,申银万国行业分类标准,2014-01-01
600221,航空运输,申银万国行业分类标准,2021-07-30
600223,品牌化妆品,申银万国行业分类标准,2024-02-02
600226,热力服务,申银万国行业分类标准,2022-07-29
600227,氮肥,申银万国行业分类标准,2022-07-29
600228,门户网站,申银万国行业分类标准,2021-08-20
600229,大众出版,申银万国行业分类标准,2021-07-30
600230,聚氨酯,申银万国行业分类标准,2014-01-01
600231,长材,申银万国行业分类标准,2021-07-30
600232,纺织服装设备,申银万国行业分类标准,2021-07-30
600233,快递,申银万国行业分类标准,2021-07-30
600234,装修装饰Ⅲ,申银万国行业分类标准,2023-07-04
600235,特种纸,申银万国行业分类标准,2021-07-30
600236,水力发电,申银万国行业分类标准,2000-03-23
600237,被动元件,申银万国行业分类标准,2011-01-10
600238,其他酒类,申银万国行业分类标准,2021-07-30
600239,商业地产,申银万国行业分类标准,2023-07-04
600241,锂电池,申银万国行业分类标准,2022-07-29
600243,其他通用设备,申银万国行业分类标准,2017-06-29
600246,住宅开发,申银万国行业分类标准,2002-09-01
600248,房屋建设Ⅲ,申银万国行业分类标准,2021-07-30
600249,洗护用品,申银万国行业分类标准,2021-07-30
600250,贸易Ⅲ,申银万国行业分类标准,2001-03-06
600251,果蔬加工,申银万国行业分类标准,2016-07-01
600252,中药Ⅲ,申银万国行业分类标准,2011-01-10
600255,其他金属新材料,申银万国行业分类标准,2021-07-30
600256,油品石化贸易,申银万国行业分类标准,2021-07-30
600257,水产养殖,申银万国行业分类标准,2000-06-12
600258,酒店,申银万国行业分类标准,2021-07-30
600259,稀土,申银万国行业分类标准,2014-01-01
600261,照明设备Ⅲ,申银万国行业分类标准,2021-07-30
600262,能源及重型设备,申银万国行业分类标准,2018-07-13
600265,林业Ⅲ,申银万国行业分类标准,2000-08-25
600266,住宅开发,申银万国行业分类标准,2001-09-01
600267,化学制剂,申银万国行业分类标准,2022-07-29
600268,电网自动化设备,申银万国行业分类标准,2021-07-30
600269,高速公路,申银万国行业分类标准,2021-07-30
600271,IT服务Ⅲ,申银万国行业分类标准,2021-07-30
600272,医药流通,申银万国行业分类标准,2021-07-30
600273,其他化学制品,申银万国行业分类标准,2015-07-01
600276,化学制剂,申银万国行业分类标准,2008-01-02
600278,贸易Ⅲ,申银万国行业分类标准,2000-07-12
600279,港口,申银万国行业分类标准,2021-07-30
600280,百货,申银万国行业分类标准,2014-01-01
600281,其他小金属,申银万国行业分类标准,2021-07-30
600282,板材,申银万国行业分类标准,2021-07-30
600283,水务及水治理,申银万国行业分类标准,2021-07-30
600284,基建市政工程,申银万国行业分类标准,2021-07-30
600285,中药Ⅲ,申银万国行业分类标准,2000-10-18
600287,贸易Ⅲ,申银万国行业分类标准,2000-09-01
600288,横向通用软件,申银万国行业分类标准,2024-07-30
600289,通信工程及服务,申银万国行业分类标准,2021-07-30
600292,大气治理,申银万国行业分类标准,2021-07-30
600293,玻璃制造,申银万国行业分类标准,2021-07-30
600295,冶钢辅料,申银万国行业分类标准,2021-07-30
600298,调味发酵品Ⅲ,申银万国行业分类标准,2021-07-30
600299,食品及饲料添加剂,申银万国行业分类标准,2021-07-30
600300,软饮料,申银万国行业分类标准,2021-07-30
600301,其他小金属,申银万国行业分类标准,2024-07-30
600302,纺织服装设备,申银万国行业分类标准,2008-06-02
600303,商用载客车,申银万国行业分类标准,2021-07-30
600305,调味发酵品Ⅲ,申银万国行业分类标准,2021-07-30
600307,板材,申银万国行业分类标准,2021-07-30
600308,大宗用纸,申银万国行业分类标准,2021-07-30
600309,聚氨酯,申银万国行业分类标准,2011-10-10
600310,电能综合服务,申银万国行业分类标准,2021-07-30
600312,输变电设备,申银万国行业分类标准,2021-07-30
600313,种子,申银万国行业分类标准,2018-12-24
600315,品牌化妆品,申银万国行业分类标准,2021-07-30
600316,航空装备Ⅲ,申银万国行业分类标准,2014-01-01
600318,金融控股,申银万国行业分类标准,2021-07-30
600319,氯碱,申银万国行业分类标准,2019-07-08
600320,能源及重型设备,申银万国行业分类标准,2021-07-30
600322,住宅开发,申银万国行业分类标准,2001-08-06
600323,固废治理,申银万国行业分类标准,2021-07-30
600325,住宅开发,申银万国行业分类标准,2004-02-25
600326,水泥制造,申银万国行业分类标准,2019-07-08
600327,百货,申银万国行业分类标准,2023-07-04
600328,无机盐,申银万国行业分类标准,2000-12-22
600329,中药Ⅲ,申银万国行业分类标准,2001-06-06
600330,电子化学品Ⅲ,申银万国行业分类标准,2024-07-30
600331,磷肥及磷化工,申银万国行业分类标准,2022-07-29
600332,中药Ⅲ,申银万国行业分类标准,2001-02-06
600333,燃气Ⅲ,申银万国行业分类标准,2000-12-11
600335,汽车经销商,申银万国行业分类标准,2021-07-30
600336,冰洗,申银万国行业分类标准,2021-07-30
600337,成品家居,申银万国行业分类标准,2021-07-30
600338,铅锌,申银万国行业分类标准,2008-06-02
600339,油气及炼化工程,申银万国行业分类标准,2021-07-30
600340,产业地产,申银万国行业分类标准,2021-07-30
600343,其他通用设备,申银万国行业分类标准,2022-07-29
600345,其他通信设备,申银万国行业分类标准,2021-07-30
600346,炼油化工,申银万国行业分类标准,2021-07-30
600348,焦煤,申银万国行业分类标准,2021-07-30
600350,高速公路,申银万国行业分类标准,2021-07-30
600351,中药Ⅲ,申银万国行业分类标准,2002-09-20
600352,纺织化学制品,申银万国行业分类标准,2008-01-02
600353,其他电子Ⅲ,申银万国行业分类标准,2018-07-13
600354,种子,申银万国行业分类标准,2007-07-02
600355,通信终端及配件,申银万国行业分类标准,2021-07-30
600356,特种纸,申银万国行业分类标准,2021-07-30
600358,营销代理,申银万国行业分类标准,2021-07-30
600360,分立器件,申银万国行业分类标准,2007-07-02
600361,铝,申银万国行业分类标准,2023-07-04
600362,铜,申银万国行业分类标准,2008-06-02
600363,消费电子零部件及组装,申银万国行业分类标准,2022-07-29
600365,综合电商,申银万国行业分类标准,2022-07-29
600366,磁性材料,申银万国行业分类标准,2010-01-02
600367,无机盐,申银万国行业分类标准,2001-03-20
600368,高速公路,申银万国行业分类标准,2021-07-30
600369,证券Ⅲ,申银万国行业分类标准,2008-06-02
600370,涤纶,申银万国行业分类标准,2022-07-29
600371,种子,申银万国行业分类标准,2011-01-10
600372,航空装备Ⅲ,申银万国行业分类标准,2014-01-01
600373,大众出版,申银万国行业分类标准,2021-07-30
600375,商用载货车,申银万国行业分类标准,2023-07-04
600376,住宅开发,申银万国行业分类标准,2001-02-09
600377,高速公路,申银万国行业分类标准,2021-07-30
600378,氟化工,申银万国行业分类标准,2021-07-30
600379,输变电设备,申银万国行业分类标准,2021-07-30
600380,化学制剂,申银万国行业分类标准,2011-01-10
600381,保健品,申银万国行业分类标准,2021-07-30
600382,铁矿石,申银万国行业分类标准,2022-07-29
600383,住宅开发,申银万国行业分类标准,2001-02-08
600386,汽车经销商,申银万国行业分类标准,2021-07-30
600388,环保设备Ⅲ,申银万国行业分类标准,2022-07-29
600389,农药,申银万国行业分类标准,2021-07-30
600390,金融控股,申银万国行业分类标准,2021-07-30
600391,航空装备Ⅲ,申银万国行业分类标准,2014-01-01
600392,稀土,申银万国行业分类标准,2014-01-01
600395,焦煤,申银万国行业分类标准,2021-07-30
600396,火力发电,申银万国行业分类标准,2016-07-01
600397,动力煤,申银万国行业分类标准,2021-07-30
600398,非运动服装,申银万国行业分类标准,2021-07-30
600399,特钢Ⅲ,申银万国行业分类标准,2021-07-30
600400,非运动服装,申银万国行业分类标准,2021-07-30
600403,动力煤,申银万国行业分类标准,2021-07-30
600405,其他电源设备Ⅲ,申银万国行业分类标准,2021-07-30
600406,电网自动化设备,申银万国行业分类标准,2021-07-30
600408,焦炭Ⅲ,申银万国行业分类标准,2021-07-30
600409,纯碱,申银万国行业分类标准,2022-07-29
600410,IT服务Ⅲ,申银万国行业分类标准,2021-07-30
600415,商业物业经营,申银万国行业分类标准,2021-07-30
600416,电机Ⅲ,申银万国行业分类标准,2024-07-30
600418,商用载货车,申银万国行业分类标准,2021-07-30
600419,乳品,申银万国行业分类标准,2021-07-30
600420,化学制剂,申银万国行业分类标准,2011-01-10
600421,金属制品,申银万国行业分类标准,2021-07-30
600422,中药Ⅲ,申银万国行业分类标准,2000-12-06
600423,其他化学原料,申银万国行业分类标准,2024-07-30
600425,水泥制造,申银万国行业分类标准,2008-06-02
600426,氮肥,申银万国行业分类标准,2022-07-29
600428,航运,申银万国行业分类标准,2021-07-30
600429,乳品,申银万国行业分类标准,2021-07-30
600433,特种纸,申银万国行业分类标准,2021-07-30
600435,地面兵装Ⅲ,申银万国行业分类标准,2014-01-01
600436,中药Ⅲ,申银万国行业分类标准,2003-06-16
600438,硅料硅片,申银万国行业分类标准,2021-07-30
600439,其他饰品,申银万国行业分类标准,2021-07-30
600444,其他专用设备,申银万国行业分类标准,2017-06-29
600446,IT服务Ⅲ,申银万国行业分类标准,2021-07-30
600448,印染,申银万国行业分类标准,2001-09-03
600449,水泥制造,申银万国行业分类标准,2008-06-02
600452,电能综合服务,申银万国行业分类标准,2021-07-30
600455,垂直应用软件,申银万国行业分类标准,2021-07-30
600456,其他小金属,申银万国行业分类标准,2014-01-01
600458,轨交设备Ⅲ,申银万国行业分类标准,2024-07-30
600459,其他小金属,申银万国行业分类标准,2014-01-01
600460,分立器件,申银万国行业分类标准,2021-07-30
600461,水务及水治理,申银万国行业分类标准,2021-07-30
600463,产业地产,申银万国行业分类标准,2021-07-30
600467,水产养殖,申银万国行业分类标准,2004-04-01
600468,配电设备,申银万国行业分类标准,2021-07-30
600469,轮胎轮毂,申银万国行业分类标准,2021-07-30
600470,磷肥及磷化工,申银万国行业分类标准,2021-07-30
600475,热力服务,申银万国行业分类标准,2024-07-30
600476,IT服务Ⅲ,申银万国行业分类标准,2021-07-30
600477,钢结构,申银万国行业分类标准,2014-01-01
600478,锂电池,申银万国行业分类标准,2021-07-30
600479,中药Ⅲ,申银万国行业分类标准,2004-03-10
600480,其他汽车零部件,申银万国行业分类标准,2021-07-30
600481,硅料硅片,申银万国行业分类标准,2023-07-04
600482,其他电源设备Ⅲ,申银万国行业分类标准,2022-07-29
600483,电能综合服务,申银万国行业分类标准,2021-07-30
600486,农药,申银万国行业分类标准,2021-07-30
600487,通信线缆及配套,申银万国行业分类标准,2021-07-30
600488,原料药,申银万国行业分类标准,2022-07-29
600489,黄金,申银万国行业分类标准,2008-06-02
600490,铜,申银万国行业分类标准,2014-01-01
600491,房屋建设Ⅲ,申银万国行业分类标准,2011-10-10
600493,棉纺,申银万国行业分类标准,2004-04-20
600495,轨交设备Ⅲ,申银万国行业分类标准,2008-06-02
600496,钢结构,申银万国行业分类标准,2014-01-01
600497,铅锌,申银万国行业分类标准,2008-06-02
600498,通信网络设备及器件,申银万国行业分类标准,2021-07-30
600499,其他专用设备,申银万国行业分类标准,2008-06-02
600500,其他化学制品,申银万国行业分类标准,2018-07-13
600501,其他专用设备,申银万国行业分类标准,2011-10-10
600502,基建市政工程,申银万国行业分类标准,2022-07-29
600503,住宅开发,申银万国行业分类标准,2009-01-01
600505,电能综合服务,申银万国行业分类标准,2021-07-30
600506,炼油化工,申银万国行业分类标准,2022-07-29
600507,特钢Ⅲ,申银万国行业分类标准,2021-07-30
600508,焦煤,申银万国行业分类标准,2021-07-30
600509,火力发电,申银万国行业分类标准,2021-07-30
600510,住宅开发,申银万国行业分类标准,2019-07-08
600511,医药流通,申银万国行业分类标准,2021-07-30
600512,基建市政工程,申银万国行业分类标准,2021-07-30
600513,化学制剂,申银万国行业分类标准,2003-03-19
600515,住宅开发,申银万国行业分类标准,2023-07-04
600516,冶钢辅料,申银万国行业分类标准,2021-07-30
600517,信托,申银万国行业分类标准,2022-07-29
600518,中药Ⅲ,申银万国行业分类标准,2009-01-15
600519,示例板块,,
600520,其他专用设备,申银万国行业分类标准,2017-06-29
600521,化学制剂,申银万国行业分类标准,2019-07-08
600522,通信线缆及配套,申银万国行业分类标准,2021-07-30
600523,其他汽车零部件,申银万国行业分类标准,2021-07-30
600525,输变电设备,申银万国行业分类标准,2021-07-30
600526,环保设备Ⅲ,申银万国行业分类标准,2021-07-30
600527,其他纺织,申银万国行业分类标准,2021-07-30
600528,轨交设备Ⅲ,申银万国行业分类标准,2019-07-08
600529,医疗耗材,申银万国行业分类标准,2021-07-30
600530,保健品,申银万国行业分类标准,2021-07-30
600531,铅锌,申银万国行业分类标准,2008-06-02
600533,住宅开发,申银万国行业分类标准,2002-03-01
600535,中药Ⅲ,申银万国行业分类标准,2002-08-23
600536,IT服务Ⅲ,申银万国行业分类标准,2021-07-30
600537,光伏电池组件,申银万国行业分类标准,2021-07-30
600538,医药流通,申银万国行业分类标准,2021-07-30
600539,电商服务,申银万国行业分类标准,2022-07-29
600540,其他种植业,申银万国行业分类标准,2004-01-02
600543,其他酒类,申银万国行业分类标准,2021-07-30
600545,纺织服装设备,申银万国行业分类标准,2017-12-22
600546,动力煤,申银万国行业分类标准,2021-07-30
600547,黄金,申银万国行业分类标准,2008-06-02
600548,高速公路,申银万国行业分类标准,2021-07-30
600549,钨,申银万国行业分类标准,2014-01-01
600550,输变电设备,申银万国行业分类标准,2021-07-30
600551,大众出版,申银万国行业分类标准,2021-07-30
600552,面板,申银万国行业分类标准,2018-07-13
600556,营销代理,申银万国行业分类标准,2021-07-30
600557,中药Ⅲ,申银万国行业分类标准,2002-09-18
600558,金属制品,申银万国行业分类标准,2021-07-30
600559,白酒Ⅲ,申银万国行业分类标准,2021-07-30
600560,能源及重型设备,申银万国行业分类标准,2014-01-01
600561,公交,申银万国行业分类标准,2021-07-30
600562,军工电子Ⅲ,申银万国行业分类标准,2021-07-30
600563,被动元件,申银万国行业分类标准,2011-01-10
600566,中药Ⅲ,申银万国行业分类标准,2018-07-13
600567,大宗用纸,申银万国行业分类标准,2021-07-30
600568,医院,申银万国行业分类标准,2021-07-30
600569,板材,申银万国行业分类标准,2021-07-30
600570,垂直应用软件,申银万国行业分类标准,2021-07-30
600571,IT服务Ⅲ,申银万国行业分类标准,2021-07-30
600572,中药Ⅲ,申银万国行业分类标准,2004-04-09
600573,啤酒,申银万国行业分类标准,2021-07-30
600575,动力煤,申银万国行业分类标准,2022-07-29
600576,自然景区,申银万国行业分类标准,2023-07-04
600577,线缆部件及其他,申银万国行业分类标准,2021-07-30
600578,火力发电,申银万国行业分类标准,2017-06-29
600579,其他专用设备,申银万国行业分类标准,2014-01-01
600580,电机Ⅲ,申银万国行业分类标准,2008-06-02
600581,板材,申银万国行业分类标准,2021-07-30
600582,能源及重型设备,申银万国行业分类标准,2014-01-01
600583,油气及炼化工程,申银万国行业分类标准,2021-07-30
600584,集成电路封测,申银万国行业分类标准,2021-07-30
600585,水泥制造,申银万国行业分类标准,2008-06-02
600586,玻璃制造,申银万国行业分类标准,2008-06-02
600587,医疗设备,申银万国行业分类标准,2021-07-30
600588,横向通用软件,申银万国行业分类标准,2021-07-30
600589,IT服务Ⅲ,申银万国行业分类标准,2024-07-23
600590,军工电子Ⅲ,申银万国行业分类标准,2022-07-29
600592,金属制品,申银万国行业分类标准,2021-07-30
600593,人工景区,申银万国行业分类标准,2021-07-30
600594,中药Ⅲ,申银万国行业分类标准,2004-03-19
600595,铝,申银万国行业分类标准,2008-06-02
600596,农药,申银万国行业分类标准,2023-07-04
600597,乳品,申银万国行业分类标准,2021-07-30
600598,粮食种植,申银万国行业分类标准,2011-01-10
600599,金融控股,申银万国行业分类标准,2021-07-30
600600,啤酒,申银万国行业分类标准,2021-07-30
600601,印制电路板,申银万国行业分类标准,2019-07-08
600602,垂直应用软件,申银万国行业分类标准,2021-07-30
600603,原材料供应链服务,申银万国行业分类标准,2025-08-11
600604,产业地产,申银万国行业分类标准,2021-07-30
600605,商业物业经营,申银万国行业分类标准,2021-07-30
600608,贸易Ⅲ,申银万国行业分类标准,2018-07-13
600609,车身附件及饰件,申银万国行业分类标准,2021-07-30
600610,其他化学原料,申银万国行业分类标准,2021-07-30
600611,公交,申银万国行业分类标准,2021-07-30
600612,钟表珠宝,申银万国行业分类标准,2021-07-30
600613,化学制剂,申银万国行业分类标准,2019-07-08
600615,铝,申银万国行业分类标准,2022-07-29
600616,其他酒类,申银万国行业分类标准,2021-07-30
600617,燃气Ⅲ,申银万国行业分类标准,2014-01-01
600619,家电零部件Ⅲ,申银万国行业分类标准,2021-07-30
600620,综合Ⅲ,申银万国行业分类标准,2016-07-01
600621,证券Ⅲ,申银万国行业分类标准,2019-07-08
600622,住宅开发,申银万国行业分类标准,2014-01-01
600623,煤化工,申银万国行业分类标准,2021-07-30
600624,化学制剂,申银万国行业分类标准,2021-07-30
600626,车身附件及饰件,申银万国行业分类标准,2021-07-30
600628,百货,申银万国行业分类标准,2014-01-01
600629,工程咨询服务Ⅲ,申银万国行业分类标准,2021-07-30
600630,非运动服装,申银万国行业分类标准,2021-07-30
600633,游戏Ⅲ,申银万国行业分类标准,2021-07-30
600635,燃气Ⅲ,申银万国行业分类标准,2015-01-18
600636,教育运营及其他,申银万国行业分类标准,2021-07-30
600637,电视广播Ⅲ,申银万国行业分类标准,2021-07-30
600639,产业地产,申银万国行业分类标准,2021-07-30
600640,营销代理,申银万国行业分类标准,2022-07-29
600643,金融控股,申银万国行业分类标准,2021-07-30
600644,电能综合服务,申银万国行业分类标准,2021-07-30
600645,体外诊断,申银万国行业分类标准,2021-07-30
600648,产业地产,申银万国行业分类标准,2021-07-30
600649,住宅开发,申银万国行业分类标准,2010-01-01
600650,公交,申银万国行业分类标准,2021-07-30
600651,汽车电子电气系统,申银万国行业分类标准,2024-07-30
600653,汽车经销商,申银万国行业分类标准,2021-07-30
600654,垂直应用软件,申银万国行业分类标准,2021-07-30
600655,商业物业经营,申银万国行业分类标准,2021-07-30
600657,住宅开发,申银万国行业分类标准,2009-01-01
600658,产业地产,申银万国行业分类标准,2021-07-30
600660,车身附件及饰件,申银万国行业分类标准,2021-07-30
600661,培训教育,申银万国行业分类标准,2021-07-30
600662,人力资源服务,申银万国行业分类标准,2022-07-29
600663,商业地产,申银万国行业分类标准,2021-07-30
600664,化学制剂,申银万国行业分类标准,2008-10-07
600666,面板,申银万国行业分类标准,2015-11-02
600667,工程咨询服务Ⅲ,申银万国行业分类标准,2022-07-29
600668,水泥制造,申银万国行业分类标准,2022-07-29
600673,综合Ⅲ,申银万国行业分类标准,2023-07-04
600674,水力发电,申银万国行业分类标准,2011-01-10
600676,汽车综合服务,申银万国行业分类标准,2024-07-30
600678,水泥制造,申银万国行业分类标准,2021-07-30
600679,其他运输设备,申银万国行业分类标准,2014-01-01
600681,燃气Ⅲ,申银万国行业分类标准,2016-07-01
600682,综合Ⅲ,申银万国行业分类标准,2023-07-04
600683,住宅开发,申银万国行业分类标准,2011-01-10
600684,房地产综合服务,申银万国行业分类标准,2024-03-01
600685,航海装备Ⅲ,申银万国行业分类标准,2008-06-02
600686,商用载客车,申银万国行业分类标准,2021-07-30
600688,炼油化工,申银万国行业分类标准,2021-07-30
600689,综合Ⅲ,申银万国行业分类标准,2022-07-29
600690,冰洗,申银万国行业分类标准,2021-07-30
600691,氮肥,申银万国行业分类标准,2021-07-30
600692,住宅开发,申银万国行业分类标准,2018-07-13
600693,百货,申银万国行业分类标准,2014-01-01
600694,多业态零售,申银万国行业分类标准,2014-01-01
600696,白酒Ⅲ,申银万国行业分类标准,2022-07-29
600697,多业态零售,申银万国行业分类标准,2014-01-01
600698,底盘与发动机系统,申银万国行业分类标准,2021-07-30
600699,汽车电子电气系统,申银万国行业分类标准,2021-07-30
600702,白酒Ⅲ,申银万国行业分类标准,2021-07-30
600703,LED,申银万国行业分类标准,2011-01-10
600704,原材料供应链服务,申银万国行业分类标准,2021-07-30
600706,人工景区,申银万国行业分类标准,2021-07-30
600708,住宅开发,申银万国行业分类标准,2015-11-03
600710,贸易Ⅲ,申银万国行业分类标准,2018-07-13
600711,钴,申银万国行业分类标准,2021-07-30
600712,百货,申银万国行业分类标准,2014-01-01
600713,医药流通,申银万国行业分类标准,2021-07-30
600714,无机盐,申银万国行业分类标准,2017-06-29
600715,游戏Ⅲ,申银万国行业分类标准,2021-07-30
600716,住宅开发,申银万国行业分类标准,2010-01-01
600717,港口,申银万国行业分类标准,2021-07-30
600718,IT服务Ⅲ,申银万国行业分类标准,2021-07-30
600720,工程咨询服务Ⅲ,申银万国行业分类标准,2024-01-19
600721,医疗研发外包,申银万国行业分类标准,2021-07-30
600722,煤化工,申银万国行业分类标准,2022-07-29
600724,房产租赁经纪,申银万国行业分类标准,2024-07-30
600725,焦炭Ⅲ,申银万国行业分类标准,2021-07-30
600727,钛白粉,申银万国行业分类标准,2021-07-30
600728,IT服务Ⅲ,申银万国行业分类标准,2021-07-30
600729,多业态零售,申银万国行业分类标准,2014-01-01
600730,培训教育,申银万国行业分类标准,2021-07-30
600731,农药,申银万国行业分类标准,2021-07-30
600732,光伏电池组件,申银万国行业分类标准,2021-07-30
600733,电动乘用车,申银万国行业分类标准,2022-07-29
600734,通信终端及配件,申银万国行业分类标准,2021-07-30
600735,其他饰品,申银万国行业分类标准,2021-07-30
600736,住宅开发,申银万国行业分类标准,2008-01-02
600737,其他农产品加工,申银万国行业分类标准,2017-06-29
600738,百货,申银万国行业分类标准,2021-07-30
600739,疫苗,申银万国行业分类标准,2021-07-30
600740,焦炭Ⅲ,申银万国行业分类标准,2021-07-30
600741,车身附件及饰件,申银万国行业分类标准,2021-07-30
600742,车身附件及饰件,申银万国行业分类标准,2021-07-30
600743,住宅开发,申银万国行业分类标准,2007-07-02
600745,分立器件,申银万国行业分类标准,2022-07-29
600746,煤化工,申银万国行业分类标准,2021-07-30
600748,住宅开发,申银万国行业分类标准,2003-05-01
600749,自然景区,申银万国行业分类标准,2021-07-30
600751,航运,申银万国行业分类标准,2024-07-30
600753,原材料供应链服务,申银万国行业分类标准,2021-07-30
600754,酒店,申银万国行业分类标准,2021-07-30
600755,原材料供应链服务,申银万国行业分类标准,2021-07-30
600756,IT服务Ⅲ,申银万国行业分类标准,2021-07-30
600757,教育出版,申银万国行业分类标准,2021-07-30
600758,焦煤,申银万国行业分类标准,2021-07-30
600759,油气开采Ⅲ,申银万国行业分类标准,2021-07-30
600760,航空装备Ⅲ,申银万国行业分类标准,2018-07-13
600761,工程机械整机,申银万国行业分类标准,2021-07-30
600763,医院,申银万国行业分类标准,2021-07-30
600764,航海装备Ⅲ,申银万国行业分类标准,2021-07-30
600765,航空装备Ⅲ,申银万国行业分类标准,2019-07-08
600768,铝,申银万国行业分类标准,2008-06-02
600769,水务及水治理,申银万国行业分类标准,2021-07-30
600770,综合Ⅲ,申银万国行业分类标准,2011-01-10
600771,中药Ⅲ,申银万国行业分类标准,2017-06-29
600773,住宅开发,申银万国行业分类标准,2010-01-01
600774,化学制剂,申银万国行业分类标准,2022-07-29
600775,通信终端及配件,申银万国行业分类标准,2021-07-30
600776,其他通信设备,申银万国行业分类标准,2021-07-30
600777,油气开采Ⅲ,申银万国行业分类标准,2021-07-30
600778,多业态零售,申银万国行业分类标准,2014-01-01
600779,白酒Ⅲ,申银万国行业分类标准,2021-07-30
600780,火力发电,申银万国行业分类标准,2013-01-01
600782,板材,申银万国行业分类标准,2021-07-30
600783,磨具磨料,申银万国行业分类标准,2022-07-29
600784,无机盐,申银万国行业分类标准,2025-08-11
600785,多业态零售,申银万国行业分类标准,2014-01-01
600787,仓储物流,申银万国行业分类标准,2021-07-30
600789,化学制剂,申银万国行业分类标准,2011-01-10
600790,商业物业经营,申银万国行业分类标准,2021-07-30
600791,住宅开发,申银万国行业分类标准,2002-05-01
600792,焦炭Ⅲ,申银万国行业分类标准,2021-07-30
600793,特种纸,申银万国行业分类标准,2021-07-30
600794,仓储物流,申银万国行业分类标准,2021-07-30
600796,水务及水治理,申银万国行业分类标准,2022-07-29
600797,IT服务Ⅲ,申银万国行业分类标准,2021-07-30
600798,航运,申银万国行业分类标准,2021-07-30
600800,其他石化,申银万国行业分类标准,2021-07-30
600801,水泥制造,申银万国行业分类标准,2008-06-02
600803,燃气Ⅲ,申银万国行业分类标准,2020-08-31
600805,综合Ⅲ,申银万国行业分类标准,2017-06-29
600807,体外诊断,申银万国行业分类标准,2024-07-30
600808,板材,申银万国行业分类标准,2021-07-30
600809,白酒Ⅲ,申银万国行业分类标准,2021-07-30
600810,锦纶,申银万国行业分类标准,2021-07-30
600812,化学制剂,申银万国行业分类标准,2018-07-13
600814,百货,申银万国行业分类标准,2014-01-01
600815,工程机械整机,申银万国行业分类标准,2021-07-30
600816,信托,申银万国行业分类标准,2021-07-30
600817,环保设备Ⅲ,申银万国行业分类标准,2022-07-29
600818,其他运输设备,申银万国行业分类标准,2022-07-29
600819,玻璃制造,申银万国行业分类标准,2008-06-02
600820,基建市政工程,申银万国行业分类标准,2021-07-30
600821,光伏发电,申银万国行业分类标准,2022-07-29
600822,汽车经销商,申银万国行业分类标准,2021-07-30
600824,多业态零售,申银万国行业分类标准,2021-07-30
600825,大众出版,申银万国行业分类标准,2021-07-30
600826,会展服务,申银万国行业分类标准,2021-07-30
600827,多业态零售,申银万国行业分类标准,2014-01-01
600828,百货,申银万国行业分类标准,2014-01-01
600829,医药流通,申银万国行业分类标准,2021-07-30
600830,金融控股,申银万国行业分类标准,2021-07-30
600831,电视广播Ⅲ,申银万国行业分类标准,2021-07-30
600833,线下药店,申银万国行业分类标准,2021-07-30
600834,公交,申银万国行业分类标准,2021-07-30
600835,楼宇设备,申银万国行业分类标准,2014-01-01
600838,多业态零售,申银万国行业分类标准,2014-01-01
600841,底盘与发动机系统,申银万国行业分类标准,2023-07-04
600843,纺织服装设备,申银万国行业分类标准,2008-06-02
600844,煤化工,申银万国行业分类标准,2021-07-30
600845,IT服务Ⅲ,申银万国行业分类标准,2021-07-30
600846,工程咨询服务Ⅲ,申银万国行业分类标准,2023-07-04
600847,蓄电池及其他电池,申银万国行业分类标准,2021-07-30
600848,产业地产,申银万国行业分类标准,2021-07-30
600850,IT服务Ⅲ,申银万国行业分类标准,2021-07-30
600851,化学制剂,申银万国行业分类标准,2016-07-01
600853,基建市政工程,申银万国行业分类标准,2021-07-30
600854,住宅开发,申银万国行业分类标准,2023-07-04
600855,军工电子Ⅲ,申银万国行业分类标准,2024-07-30
600857,百货,申银万国行业分类标准,2018-07-13
600858,多业态零售,申银万国行业分类标准,2014-01-01
600859,百货,申银万国行业分类标准,2014-01-01
600860,金属制品,申银万国行业分类标准,2021-07-30
600861,人力资源服务,申银万国行业分类标准,2024-07-30
600862,航空装备Ⅲ,申银万国行业分类标准,2015-11-02
600864,证券Ⅲ,申银万国行业分类标准,2017-06-29
600865,百货,申银万国行业分类标准,2017-06-29
600866,食品及饲料添加剂,申银万国行业分类标准,2021-07-30
600867,其他生物制品,申银万国行业分类标准,2021-07-30
600868,水力发电,申银万国行业分类标准,2024-07-30
600869,线缆部件及其他,申银万国行业分类标准,2021-07-30
600871,油田服务,申银万国行业分类标准,2021-07-30
600872,调味发酵品Ⅲ,申银万国行业分类标准,2021-07-30
600873,食品及饲料添加剂,申银万国行业分类标准,2022-07-29
600874,水务及水治理,申银万国行业分类标准,2021-07-30
600875,综合电力设备商,申银万国行业分类标准,2014-01-01
600876,玻璃制造,申银万国行业分类标准,2008-06-02
600877,模拟芯片设计,申银万国行业分类标准,2022-07-29
600879,航天装备Ⅲ,申银万国行业分类标准,2014-01-01
600880,教育运营及其他,申银万国行业分类标准,2022-07-29
600881,综合Ⅲ,申银万国行业分类标准,2021-07-30
600882,乳品,申银万国行业分类标准,2021-07-30
600883,食用菌,申银万国行业分类标准,2022-07-29
600884,电池化学品,申银万国行业分类标准,2021-07-30
600885,电网自动化设备,申银万国行业分类标准,2021-07-30
600886,水力发电,申银万国行业分类标准,2017-06-29
600887,乳品,申银万国行业分类标准,2021-07-30
600888,铝,申银万国行业分类标准,2008-06-02
600892,游戏Ⅲ,申银万国行业分类标准,2021-07-30
600893,航空装备Ⅲ,申银万国行业分类标准,2014-01-01
600894,楼宇设备,申银万国行业分类标准,2014-01-01
600895,产业地产,申银万国行业分类标准,2021-07-30
600897,机场,申银万国行业分类标准,2021-07-30
600900,水力发电,申银万国行业分类标准,2003-11-11
600901,租赁,申银万国行业分类标准,2021-07-30
600903,燃气Ⅲ,申银万国行业分类标准,2017-10-18
600905,风力发电,申银万国行业分类标准,2021-07-30
600906,证券Ⅲ,申银万国行业分类标准,2021-04-09
600908,农商行Ⅲ,申银万国行业分类标准,2021-07-30
600909,证券Ⅲ,申银万国行业分类标准,2016-11-15
600916,钟表珠宝,申银万国行业分类标准,2021-07-30
600917,燃气Ⅲ,申银万国行业分类标准,2014-01-10
600918,证券Ⅲ,申银万国行业分类标准,2020-04-21
600919,城商行Ⅲ,申银万国行业分类标准,2021-07-30
600925,动力煤,申银万国行业分类标准,2023-02-17
600926,城商行Ⅲ,申银万国行业分类标准,2021-07-30
600927,期货,申银万国行业分类标准,2021-11-09
600928,城商行Ⅲ,申银万国行业分类标准,2021-07-30
600929,无机盐,申银万国行业分类标准,2021-07-30
600930,风力发电,申银万国行业分类标准,2025-06-27
600933,底盘与发动机系统,申银万国行业分类标准,2021-07-30
600935,氯碱,申银万国行业分类标准,2021-11-09
600936,电视广播Ⅲ,申银万国行业分类标准,2021-07-30
600938,油气开采Ⅲ,申银万国行业分类标准,2022-03-31
600939,房屋建设Ⅲ,申银万国行业分类标准,2017-01-11
600941,电信运营商,申银万国行业分类标准,2021-12-14
600955,其他化学原料,申银万国行业分类标准,2021-08-25
600956,风力发电,申银万国行业分类标准,2021-07-30
600958,证券Ⅲ,申银万国行业分类标准,2015-01-18
600959,电视广播Ⅲ,申银万国行业分类标准,2021-07-30
600960,底盘与发动机系统,申银万国行业分类标准,2021-07-30
600961,铅锌,申银万国行业分类标准,2008-06-02
600962,果蔬加工,申银万国行业分类标准,2011-01-10
600963,大宗用纸,申银万国行业分类标准,2021-07-30
600965,其他养殖,申银万国行业分类标准,2021-07-30
600966,大宗用纸,申银万国行业分类标准,2021-07-30
600967,地面兵装Ⅲ,申银万国行业分类标准,2017-06-29
600968,油田服务,申银万国行业分类标准,2021-07-30
600969,电能综合服务,申银万国行业分类标准,2021-07-30
600970,国际工程,申银万国行业分类标准,2014-01-01
600971,动力煤,申银万国行业分类标准,2021-07-30
600973,线缆部件及其他,申银万国行业分类标准,2021-07-30
600975,生猪养殖,申银万国行业分类标准,2021-07-30
600976,中药Ⅲ,申银万国行业分类标准,2004-04-19
600977,影视动漫制作,申银万国行业分类标准,2021-07-30
600979,电能综合服务,申银万国行业分类标准,2021-07-30
600980,能源及重型设备,申银万国行业分类标准,2024-07-30
600981,贸易Ⅲ,申银万国行业分类标准,2004-06-28
600982,热力服务,申银万国行业分类标准,2005-07-01
600983,冰洗,申银万国行业分类标准,2021-07-30
600984,工程机械整机,申银万国行业分类标准,2021-07-30
600985,焦煤,申银万国行业分类标准,2021-07-30
600986,营销代理,申银万国行业分类标准,2021-07-30
600987,印染,申银万国行业分类标准,2004-08-06
600988,黄金,申银万国行业分类标准,2013-07-01
600989,煤化工,申银万国行业分类标准,2021-07-30
600990,军工电子Ⅲ,申银万国行业分类标准,2021-07-30
600992,金属制品,申银万国行业分类标准,2021-07-30
600993,中药Ⅲ,申银万国行业分类标准,2004-05-13
600995,电能综合服务,申银万国行业分类标准,2021-07-30
600996,电视广播Ⅲ,申银万国行业分类标准,2021-07-30
600997,焦煤,申银万国行业分类标准,2023-07-04
600998,医药流通,申银万国行业分类标准,2021-07-30
600999,证券Ⅲ,申银万国行业分类标准,2009-11-03
601000,港口,申银万国行业分类标准,2021-07-30
601001,动力煤,申银万国行业分类标准,2021-07-30
601002,金属制品,申银万国行业分类标准,2021-07-30
601003,板材,申银万国行业分类标准,2021-07-30
601005,板材,申银万国行业分类标准,2021-07-30
601006,铁路运输,申银万国行业分类标准,2021-07-30
601007,酒店,申银万国行业分类标准,2021-07-30
601008,港口,申银万国行业分类标准,2021-07-30
601009,城商行Ⅲ,申银万国行业分类标准,2021-07-30
601010,多业态零售,申银万国行业分类标准,2021-07-30
601011,焦炭Ⅲ,申银万国行业分类标准,2021-07-30
601012,光伏电池组件,申银万国行业分类标准,2022-07-29
601015,焦炭Ⅲ,申银万国行业分类标准,2021-07-30
601016,风力发电,申银万国行业分类标准,2021-07-30
601018,港口,申银万国行业分类标准,2021-07-30
601019,教育出版,申银万国行业分类标准,2021-07-30
601020,铅锌,申银万国行业分类标准,2022-07-29
601021,航空运输,申银万国行业分类标准,2021-07-30
601022,航运,申银万国行业分类标准,2022-10-31
601026,其他化学制品,申银万国行业分类标准,2025-09-19
601033,固废治理,申银万国行业分类标准,2023-12-29
601058,轮胎轮毂,申银万国行业分类标准,2021-07-30
601059,证券Ⅲ,申银万国行业分类标准,2022-12-23
601061,贸易Ⅲ,申银万国行业分类标准,2023-03-20
601065,纯碱,申银万国行业分类标准,2023-03-27
601066,证券Ⅲ,申银万国行业分类标准,2018-05-30
601068,其他专业工程,申银万国行业分类标准,2018-07-23
601069,黄金,申银万国行业分类标准,2015-01-06
601077,农商行Ⅲ,申银万国行业分类标准,2021-07-30
601083,航运,申银万国行业分类标准,2023-11-16
601086,百货,申银万国行业分类标准,2017-09-11
601088,动力煤,申银万国行业分类标准,2021-07-30
601089,化学制剂,申银万国行业分类标准,2022-06-13
601096,钢结构,申银万国行业分类标准,2023-12-08
601098,教育出版,申银万国行业分类标准,2021-07-30
601099,证券Ⅲ,申银万国行业分类标准,2008-06-02
601100,工程机械器件,申银万国行业分类标准,2021-07-30
601101,动力煤,申银万国行业分类标准,2021-07-30
601106,能源及重型设备,申银万国行业分类标准,2014-01-01
601107,高速公路,申银万国行业分类标准,2021-07-30
601108,证券Ⅲ,申银万国行业分类标准,2017-09-26
601111,航空运输,申银万国行业分类标准,2021-07-30
601112,其他化学纤维,申银万国行业分类标准,2026-01-09
601113,锦纶,申银万国行业分类标准,2025-08-11
601116,超市,申银万国行业分类标准,2014-01-01
601117,化学工程,申银万国行业分类标准,2014-01-01
601118,其他种植业,申银万国行业分类标准,2010-01-28
601121,铁矿石,申银万国行业分类标准,2023-02-17
601126,电网自动化设备,申银万国行业分类标准,2021-07-30
601127,电动乘用车,申银万国行业分类标准,2024-07-30
601128,农商行Ⅲ,申银万国行业分类标准,2021-07-30
601133,其他专业工程,申银万国行业分类标准,2023-03-21
601136,证券Ⅲ,申银万国行业分类标准,2022-11-14
601137,其他金属新材料,申银万国行业分类标准,2021-07-30
601138,消费电子零部件及组装,申银万国行业分类标准,2021-07-30
601139,燃气Ⅲ,申银万国行业分类标准,2009-01-04
601155,商业地产,申银万国行业分类标准,2021-07-30
601156,跨境物流,申银万国行业分类标准,2021-07-30
601158,水务及水治理,申银万国行业分类标准,2021-07-30
601162,证券Ⅲ,申银万国行业分类标准,2018-09-10
601163,轮胎轮毂,申银万国行业分类标准,2021-07-30
601166,股份制银行Ⅲ,申银万国行业分类标准,2021-07-30
601168,铜,申银万国行业分类标准,2021-07-30
601169,城商行Ⅲ,申银万国行业分类标准,2021-07-30
601177,金属制品,申银万国行业分类标准,2021-07-30
601179,输变电设备,申银万国行业分类标准,2021-07-30
601186,基建市政工程,申银万国行业分类标准,2021-07-30
601187,城商行Ⅲ,申银万国行业分类标准,2021-07-30
601188,高速公路,申银万国行业分类标准,2021-07-30
601198,证券Ⅲ,申银万国行业分类标准,2015-01-18
601199,水务及水治理,申银万国行业分类标准,2021-07-30
601200,固废治理,申银万国行业分类标准,2021-07-30
601208,膜材料,申银万国行业分类标准,2021-07-30
601211,证券Ⅲ,申银万国行业分类标准,2015-01-18
601212,铜,申银万国行业分类标准,2023-07-04
601216,氯碱,申银万国行业分类标准,2011-01-10
601218,风电零部件,申银万国行业分类标准,2021-07-30
601222,光伏发电,申银万国行业分类标准,2021-07-30
601225,动力煤,申银万国行业分类标准,2021-07-30
601226,其他专业工程,申银万国行业分类标准,2014-01-25
601228,港口,申银万国行业分类标准,2021-07-30
601229,城商行Ⅲ,申银万国行业分类标准,2021-07-30
601231,消费电子零部件及组装,申银万国行业分类标准,2021-07-30
601233,其他石化,申银万国行业分类标准,2021-07-30
601236,证券Ⅲ,申银万国行业分类标准,2019-05-24
601238,综合乘用车,申银万国行业分类标准,2021-07-30
601279,其他汽车零部件,申银万国行业分类标准,2021-07-30
601288,国有大型银行Ⅲ,申银万国行业分类标准,2021-07-30
601298,港口,申银万国行业分类标准,2021-07-30
601311,蓄电池及其他电池,申银万国行业分类标准,2021-07-30
601318,保险Ⅲ,申银万国行业分类标准,2008-06-02
601319,保险Ⅲ,申银万国行业分类标准,2018-10-29
601326,港口,申银万国行业分类标准,2021-07-30
601328,国有大型银行Ⅲ,申银万国行业分类标准,2021-07-30
601330,固废治理,申银万国行业分类标准,2021-07-30
601333,铁路运输,申银万国行业分类标准,2021-07-30
601336,保险Ⅲ,申银万国行业分类标准,2011-12-07
601339,棉纺,申银万国行业分类标准,2012-01-31
601360,横向通用软件,申银万国行业分类标准,2021-07-30
601366,多业态零售,申银万国行业分类标准,2017-03-21
601368,水务及水治理,申银万国行业分类标准,2021-07-30
601369,能源及重型设备,申银万国行业分类标准,2024-07-30
601375,证券Ⅲ,申银万国行业分类标准,2016-12-08
601377,证券Ⅲ,申银万国行业分类标准,2010-09-20
601388,铝,申银万国行业分类标准,2012-04-06
601390,基建市政工程,申银万国行业分类标准,2021-07-30
601398,国有大型银行Ⅲ,申银万国行业分类标准,2021-07-30
601399,能源及重型设备,申银万国行业分类标准,2021-07-30
601456,证券Ⅲ,申银万国行业分类标准,2020-07-13
601500,轮胎轮毂,申银万国行业分类标准,2021-07-30
601512,产业地产,申银万国行业分类标准,2021-07-30
601515,纸包装,申银万国行业分类标准,2021-07-30
601518,高速公路,申银万国行业分类标准,2021-07-30
601519,垂直应用软件,申银万国行业分类标准,2021-07-30
601528,农商行Ⅲ,申银万国行业分类标准,2021-07-30
601555,证券Ⅲ,申银万国行业分类标准,2011-12-02
601566,非运动服装,申银万国行业分类标准,2021-07-30
601567,配电设备,申银万国行业分类标准,2022-07-29
601568,氯碱,申银万国行业分类标准,2020-09-22
601577,城商行Ⅲ,申银万国行业分类标准,2021-07-30
601579,其他酒类,申银万国行业分类标准,2021-07-30
601588,住宅开发,申银万国行业分类标准,2006-10-16
601595,影视动漫制作,申银万国行业分类标准,2021-07-30
601598,跨境物流,申银万国行业分类标准,2021-07-30
601599,其他纺织,申银万国行业分类标准,2021-07-30
601600,铝,申银万国行业分类标准,2008-06-02
601601,保险Ⅲ,申银万国行业分类标准,2008-06-02
601606,地面兵装Ⅲ,申银万国行业分类标准,2018-07-17
601607,医药流通,申银万国行业分类标准,2021-07-30
601608,能源及重型设备,申银万国行业分类标准,2021-07-30
601609,铜,申银万国行业分类标准,2020-04-01
601611,基建市政工程,申银万国行业分类标准,2021-07-30
601615,风电整机,申银万国行业分类标准,2021-07-30
601616,配电设备,申银万国行业分类标准,2021-07-30
601618,其他专业工程,申银万国行业分类标准,2014-01-01
601619,风力发电,申银万国行业分类标准,2021-07-30
601628,保险Ⅲ,申银万国行业分类标准,2008-06-02
601633,综合乘用车,申银万国行业分类标准,2021-07-30
601636,玻璃制造,申银万国行业分类标准,2011-08-04
601658,国有大型银行Ⅲ,申银万国行业分类标准,2021-07-30
601665,城商行Ⅲ,申银万国行业分类标准,2021-07-30
601666,焦煤,申银万国行业分类标准,2021-07-30
601668,房屋建设Ⅲ,申银万国行业分类标准,2014-01-01
601669,基建市政工程,申银万国行业分类标准,2021-07-30
601677,铝,申银万国行业分类标准,2011-09-06
601678,氯碱,申银万国行业分类标准,2019-07-08
601686,钢铁管材,申银万国行业分类标准,2021-07-30
601688,证券Ⅲ,申银万国行业分类标准,2010-02-03
601689,底盘与发动机系统,申银万国行业分类标准,2021-07-30
601696,证券Ⅲ,申银万国行业分类标准,2020-01-31
601698,航天装备Ⅲ,申银万国行业分类标准,2019-06-10
601699,焦煤,申银万国行业分类标准,2021-07-30
601700,线缆部件及其他,申银万国行业分类标准,2021-07-30
601702,铝,申银万国行业分类标准,2020-08-18
601717,能源及重型设备,申银万国行业分类标准,2021-07-30
601718,非运动服装,申银万国行业分类标准,2021-07-30
601727,综合电力设备商,申银万国行业分类标准,2014-01-01
601728,电信运营商,申银万国行业分类标准,2021-08-13
601766,轨交设备Ⅲ,申银万国行业分类标准,2014-01-01
601777,摩托车,申银万国行业分类标准,2021-07-30
601778,光伏发电,申银万国行业分类标准,2021-07-30
601788,证券Ⅲ,申银万国行业分类标准,2009-07-28
601789,房屋建设Ⅲ,申银万国行业分类标准,2011-10-10
601798,能源及重型设备,申银万国行业分类标准,2014-01-01
601799,车身附件及饰件,申银万国行业分类标准,2022-07-29
601800,基建市政工程,申银万国行业分类标准,2021-07-30
601801,大众出版,申银万国行业分类标准,2021-07-30
601808,油田服务,申银万国行业分类标准,2021-07-30
601811,教育出版,申银万国行业分类标准,2021-07-30
601816,铁路运输,申银万国行业分类标准,2021-07-30
601818,股份制银行Ⅲ,申银万国行业分类标准,2021-07-30
601825,农商行Ⅲ,申银万国行业分类标准,2021-07-30
601827,固废治理,申银万国行业分类标准,2021-07-30
601828,商业物业经营,申银万国行业分类标准,2021-07-30
601838,城商行Ⅲ,申银万国行业分类标准,2021-07-30
601857,炼油化工,申银万国行业分类标准,2021-07-30
601858,大众出版,申银万国行业分类标准,2021-07-30
601860,农商行Ⅲ,申银万国行业分类标准,2021-07-30
601865,光伏辅材,申银万国行业分类标准,2021-07-30
601866,航运,申银万国行业分类标准,2021-07-30
601868,基建市政工程,申银万国行业分类标准,2021-09-27
601869,通信线缆及配套,申银万国行业分类标准,2021-07-30
601872,航运,申银万国行业分类标准,2021-07-30
601877,配电设备,申银万国行业分类标准,2021-07-30
601878,证券Ⅲ,申银万国行业分类标准,2017-05-16
601880,港口,申银万国行业分类标准,2021-07-30
601881,证券Ⅲ,申银万国行业分类标准,2016-12-26
601882,机床工具,申银万国行业分类标准,2016-10-17
601886,装修装饰Ⅲ,申银万国行业分类标准,2014-01-01
601888,旅游零售Ⅲ,申银万国行业分类标准,2021-07-30
601890,航海装备Ⅲ,申银万国行业分类标准,2010-12-15
601898,动力煤,申银万国行业分类标准,2021-07-30
601899,铜,申银万国行业分类标准,2021-07-30
601900,教育出版,申银万国行业分类标准,2021-07-30
601901,证券Ⅲ,申银万国行业分类标准,2011-08-01
601908,光伏发电,申银万国行业分类标准,2021-07-30
601916,股份制银行Ⅲ,申银万国行业分类标准,2021-07-30
601918,动力煤,申银万国行业分类标准,2021-07-30
601919,航运,申银万国行业分类标准,2021-07-30
601921,教育出版,申银万国行业分类标准,2021-07-30
601928,教育出版,申银万国行业分类标准,2021-07-30
601929,电视广播Ⅲ,申银万国行业分类标准,2021-07-30
601933,超市,申银万国行业分类标准,2014-01-01
601939,国有大型银行Ⅲ,申银万国行业分类标准,2021-07-30
601949,大众出版,申银万国行业分类标准,2021-07-30
601952,粮食种植,申银万国行业分类标准,2017-04-24
601956,家电零部件Ⅲ,申银万国行业分类标准,2021-07-30
601958,钼,申银万国行业分类标准,2021-07-30
601963,城商行Ⅲ,申银万国行业分类标准,2021-07-30
601965,汽车综合服务,申银万国行业分类标准,2021-07-30
601966,轮胎轮毂,申银万国行业分类标准,2021-07-30
601968,金属包装,申银万国行业分类标准,2021-07-30
601969,铁矿石,申银万国行业分类标准,2021-07-30
601975,航运,申银万国行业分类标准,2021-07-30
601985,核力发电,申银万国行业分类标准,2021-07-30
601988,国有大型银行Ⅲ,申银万国行业分类标准,2021-07-30
601990,证券Ⅲ,申银万国行业分类标准,2018-05-02
601991,火力发电,申银万国行业分类标准,2006-12-19
601992,水泥制造,申银万国行业分类标准,2019-07-08
601995,证券Ⅲ,申银万国行业分类标准,2020-10-12
601996,其他家居用品,申银万国行业分类标准,2022-07-29
601997,城商行Ⅲ,申银万国行业分类标准,2021-07-30
601998,股份制银行Ⅲ,申银万国行业分类标准,2021-07-30
601999,大众出版,申银万国行业分类标准,2021-07-30
603000,门户网站,申银万国行业分类标准,2021-07-30
603001,鞋帽及其他,申银万国行业分类标准,2012-01-18
603002,电子化学品Ⅲ,申银万国行业分类标准,2021-10-15
603004,其他化学制品,申银万国行业分类标准,2023-12-08
603005,集成电路封测,申银万国行业分类标准,2021-07-30
603006,其他汽车零部件,申银万国行业分类标准,2021-07-30
603007,园林工程,申银万国行业分类标准,2021-07-30
603008,成品家居,申银万国行业分类标准,2021-07-30
603009,底盘与发动机系统,申银万国行业分类标准,2021-07-30
603010,其他化学制品,申银万国行业分类标准,2022-07-29
603011,其他专用设备,申银万国行业分类标准,2017-06-29
603012,能源及重型设备,申银万国行业分类标准,2015-03-04
603013,底盘与发动机系统,申银万国行业分类标准,2021-07-30
603014,医疗耗材,申银万国行业分类标准,2025-04-25
603015,工控设备,申银万国行业分类标准,2021-07-30
603016,配电设备,申银万国行业分类标准,2021-07-30
603017,工程咨询服务Ⅲ,申银万国行业分类标准,2021-07-30
603018,工程咨询服务Ⅲ,申银万国行业分类标准,2021-07-30
603019,其他计算机设备,申银万国行业分类标准,2021-07-30
603020,食品及饲料添加剂,申银万国行业分类标准,2021-07-30
603021,其他家居用品,申银万国行业分类标准,2021-07-30
603022,综合包装,申银万国行业分类标准,2021-07-30
603023,汽车电子电气系统,申银万国行业分类标准,2021-07-30
603025,工控设备,申银万国行业分类标准,2021-07-30
603026,电池化学品,申银万国行业分类标准,2021-07-30
603027,调味发酵品Ⅲ,申银万国行业分类标准,2021-07-30
603028,金属制品,申银万国行业分类标准,2021-07-30
603029,农用机械,申银万国行业分类标准,2022-07-29
603030,装修装饰Ⅲ,申银万国行业分类标准,2015-01-09
603031,蓄电池及其他电池,申银万国行业分类标准,2023-07-04
603032,锂电专用设备,申银万国行业分类标准,2023-09-15
603033,其他橡胶制品,申银万国行业分类标准,2016-11-15
603035,车身附件及饰件,申银万国行业分类标准,2021-07-30
603036,能源及重型设备,申银万国行业分类标准,2016-11-18
603037,底盘与发动机系统,申银万国行业分类标准,2021-07-30
603038,其他建材,申银万国行业分类标准,2016-12-30
603039,横向通用软件,申银万国行业分类标准,2021-07-30
603040,底盘与发动机系统,申银万国行业分类标准,2021-07-30
603041,聚氨酯,申银万国行业分类标准,2017-03-10
603042,通信线缆及配套,申银万国行业分类标准,2021-07-30
603043,烘焙食品,申银万国行业分类标准,2021-07-30
603045,其他金属新材料,申银万国行业分类标准,2018-05-05
603048,其他汽车零部件,申银万国行业分类标准,2021-10-27
603049,轮胎轮毂,申银万国行业分类标准,2025-05-15
603050,电网自动化设备,申银万国行业分类标准,2021-07-30
603051,胶黏剂及胶带,申银万国行业分类标准,2022-03-11
603052,消费电子零部件及组装,申银万国行业分类标准,2022-09-23
603053,燃气Ⅲ,申银万国行业分类标准,2019-11-25
603055,其他纺织,申银万国行业分类标准,2018-09-17
603056,快递,申银万国行业分类标准,2022-07-29
603057,熟食,申银万国行业分类标准,2022-09-09
603058,纸包装,申银万国行业分类标准,2021-07-30
603059,洗护用品,申银万国行业分类标准,2021-07-30
603060,检测服务,申银万国行业分类标准,2021-07-30
603061,半导体设备,申银万国行业分类标准,2023-02-24
603062,涂料油墨,申银万国行业分类标准,2023-10-19
603063,风电零部件,申银万国行业分类标准,2021-07-30
603065,其他化学制品,申银万国行业分类标准,2023-02-13
603066,仓储物流,申银万国行业分类标准,2022-07-29
603067,无机盐,申银万国行业分类标准,2016-08-24
603068,模拟芯片设计,申银万国行业分类标准,2021-07-30
603069,公交,申银万国行业分类标准,2021-07-30
603070,配电设备,申银万国行业分类标准,2021-02-25
603071,动力煤,申银万国行业分类标准,2022-07-29
603072,磁性材料,申银万国行业分类标准,2024-12-20
603073,涤纶,申银万国行业分类标准,2023-02-13
603075,家电零部件Ⅲ,申银万国行业分类标准,2023-09-08
603076,其他专用设备,申银万国行业分类标准,2017-10-30
603077,磷肥及磷化工,申银万国行业分类标准,2022-07-29
603078,电子化学品Ⅲ,申银万国行业分类标准,2021-07-30
603079,食品及饲料添加剂,申银万国行业分类标准,2024-07-30
603080,燃气Ⅲ,申银万国行业分类标准,2017-12-12
603081,其他专用设备,申银万国行业分类标准,2022-08-12
603082,其他自动化设备,申银万国行业分类标准,2024-01-12
603083,通信终端及配件,申银万国行业分类标准,2021-07-30
603085,车身附件及饰件,申银万国行业分类标准,2021-07-30
603086,农药,申银万国行业分类标准,2021-07-30
603087,其他生物制品,申银万国行业分类标准,2021-07-30
603088,机床工具,申银万国行业分类标准,2014-01-24
603089,底盘与发动机系统,申银万国行业分类标准,2021-07-30
603090,其他通用设备,申银万国行业分类标准,2016-08-08
603091,纸包装,申银万国行业分类标准,2024-08-30
603092,风电零部件,申银万国行业分类标准,2025-10-17
603093,期货,申银万国行业分类标准,2021-07-30
603095,纺织服装设备,申银万国行业分类标准,2020-03-25
603096,大众出版,申银万国行业分类标准,2021-07-30
603097,输变电设备,申银万国行业分类标准,2022-04-22
603098,钢结构,申银万国行业分类标准,2016-11-23
603099,自然景区,申银万国行业分类标准,2021-07-30
603100,仪器仪表,申银万国行业分类标准,2021-07-30
603101,多业态零售,申银万国行业分类标准,2023-07-04
603102,保健品,申银万国行业分类标准,2022-01-12
603103,院线,申银万国行业分类标准,2021-07-30
603105,光伏发电,申银万国行业分类标准,2021-07-30
603106,其他计算机设备,申银万国行业分类标准,2021-07-30
603107,底盘与发动机系统,申银万国行业分类标准,2023-10-13
603108,医药流通,申银万国行业分类标准,2022-07-29
603109,其他汽车零部件,申银万国行业分类标准,2021-07-30
603110,涂料油墨,申银万国行业分类标准,2017-09-25
603111,轨交设备Ⅲ,申银万国行业分类标准,2014-01-31
603113,其他化学原料,申银万国行业分类标准,2024-05-21
603115,铝,申银万国行业分类标准,2019-07-23
603116,鞋帽及其他,申银万国行业分类标准,2015-01-18
603117,跨境物流,申银万国行业分类标准,2021-07-30
603118,通信终端及配件,申银万国行业分类标准,2021-07-30
603119,其他汽车零部件,申银万国行业分类标准,2023-07-14
603120,其他化学制品,申银万国行业分类标准,2025-03-28
603121,底盘与发动机系统,申银万国行业分类标准,2021-07-30
603122,医药流通,申银万国行业分类标准,2021-12-30
603123,百货,申银万国行业分类标准,2014-01-01
603124,其他金属新材料,申银万国行业分类标准,2025-02-28
603125,其他化学制品,申银万国行业分类标准,2023-03-20
603126,环保设备Ⅲ,申银万国行业分类标准,2024-07-30
603127,医疗研发外包,申银万国行业分类标准,2021-07-30
603128,跨境物流,申银万国行业分类标准,2021-07-30
603129,摩托车,申银万国行业分类标准,2021-07-30
603130,其他纺织,申银万国行业分类标准,2022-10-11
603131,其他通用设备,申银万国行业分类标准,2016-05-18
603132,铅锌,申银万国行业分类标准,2022-01-27
603135,能源及重型设备,申银万国行业分类标准,2023-03-27
603136,自然景区,申银万国行业分类标准,2022-07-29
603137,装修装饰Ⅲ,申银万国行业分类标准,2023-03-28
603138,IT服务Ⅲ,申银万国行业分类标准,2021-07-30
603139,中药Ⅲ,申银万国行业分类标准,2017-03-27
603150,其他塑料制品,申银万国行业分类标准,2022-01-05
603151,畜禽饲料,申银万国行业分类标准,2022-09-23
603153,工程咨询服务Ⅲ,申银万国行业分类标准,2023-02-24
603155,有机硅,申银万国行业分类标准,2021-07-30
603156,软饮料,申银万国行业分类标准,2021-07-30
603158,底盘与发动机系统,申银万国行业分类标准,2021-07-30
603159,其他专用设备,申银万国行业分类标准,2016-07-25
603160,模拟芯片设计,申银万国行业分类标准,2021-07-30
603161,底盘与发动机系统,申银万国行业分类标准,2021-07-30
603162,航运,申银万国行业分类标准,2023-02-24
603163,其他专业工程,申银万国行业分类标准,2022-08-31
603165,大宗用纸,申银万国行业分类标准,2021-07-30
603166,底盘与发动机系统,申银万国行业分类标准,2021-07-30
603167,航运,申银万国行业分类标准,2021-07-30
603168,化学制剂,申银万国行业分类标准,2014-01-20
603169,能源及重型设备,申银万国行业分类标准,2014-01-26
603170,调味发酵品Ⅲ,申银万国行业分类标准,2022-06-28
603171,IT服务Ⅲ,申银万国行业分类标准,2021-07-30
603172,纺织化学制品,申银万国行业分类标准,2023-05-04
603173,能源及重型设备,申银万国行业分类标准,2023-07-04
603175,印制电路板,申银万国行业分类标准,2025-09-26
603176,基建市政工程,申银万国行业分类标准,2021-12-14
603177,大气治理,申银万国行业分类标准,2021-07-30
603178,底盘与发动机系统,申银万国行业分类标准,2021-07-30
603179,汽车电子电气系统,申银万国行业分类标准,2021-07-30
603180,定制家居,申银万国行业分类标准,2021-07-30
603181,其他化学制品,申银万国行业分类标准,2022-07-29
603182,粮油加工,申银万国行业分类标准,2022-08-26
603183,检测服务,申银万国行业分类标准,2021-07-30
603185,硅料硅片,申银万国行业分类标准,2023-07-04
603186,印制电路板,申银万国行业分类标准,2016-12-14
603187,制冷空调设备,申银万国行业分类标准,2018-11-15
603188,纺织化学制品,申银万国行业分类标准,2014-01-10
603189,垂直应用软件,申银万国行业分类标准,2021-07-30
603190,其他汽车零部件,申银万国行业分类标准,2023-01-31
603191,输变电设备,申银万国行业分类标准,2022-03-18
603192,聚氨酯,申银万国行业分类标准,2018-07-18
603193,洗护用品,申银万国行业分类标准,2023-10-13
603194,工程机械整机,申银万国行业分类标准,2024-12-06
603195,其他家居用品,申银万国行业分类标准,2021-07-30
603196,非运动服装,申银万国行业分类标准,2021-07-30
603197,其他汽车零部件,申银万国行业分类标准,2021-07-30
603198,白酒Ⅲ,申银万国行业分类标准,2021-07-30
603199,自然景区,申银万国行业分类标准,2021-07-30
603200,水务及水治理,申银万国行业分类标准,2021-07-30
603201,其他汽车零部件,申银万国行业分类标准,2024-07-30
603202,汽车电子电气系统,申银万国行业分类标准,2025-04-10
603203,工控设备,申银万国行业分类标准,2021-07-30
603205,医疗耗材,申银万国行业分类标准,2024-10-17
603206,通信工程及服务,申银万国行业分类标准,2022-04-12
603207,化学制剂,申银万国行业分类标准,2024-08-07
603208,定制家居,申银万国行业分类标准,2021-07-30
603209,航运,申银万国行业分类标准,2022-02-14
603210,其他汽车零部件,申银万国行业分类标准,2025-03-21
603211,其他汽车零部件,申银万国行业分类标准,2022-07-06
603212,光伏辅材,申银万国行业分类标准,2021-07-30
603213,氯碱,申银万国行业分类标准,2021-10-22
603214,专业连锁Ⅲ,申银万国行业分类标准,2018-04-03
603215,厨房小家电,申银万国行业分类标准,2022-01-25
603216,定制家居,申银万国行业分类标准,2021-11-23
603217,其他化学制品,申银万国行业分类标准,2019-05-13
603218,风电零部件,申银万国行业分类标准,2021-07-30
603219,清洁小家电,申银万国行业分类标准,2021-11-03
603220,通信工程及服务,申银万国行业分类标准,2021-07-30
603221,瓷砖地板,申银万国行业分类标准,2021-07-30
603222,医疗耗材,申银万国行业分类标准,2021-07-30
603223,油品石化贸易,申银万国行业分类标准,2022-07-29
603225,涤纶,申银万国行业分类标准,2017-03-27
603226,瓷砖地板,申银万国行业分类标准,2021-07-30
603227,民爆制品,申银万国行业分类标准,2015-01-06
603228,印制电路板,申银万国行业分类标准,2016-12-16
603229,原料药,申银万国行业分类标准,2017-04-17
603230,大众出版,申银万国行业分类标准,2023-07-04
603231,粮油加工,申银万国行业分类标准,2023-12-01
603232,垂直应用软件,申银万国行业分类标准,2021-07-30
603233,线下药店,申银万国行业分类标准,2021-07-30
603235,食品及饲料添加剂,申银万国行业分类标准,2022-06-24
603236,通信终端及配件,申银万国行业分类标准,2021-07-30
603237,预加工食品,申银万国行业分类标准,2022-08-15
603238,其他纺织,申银万国行业分类标准,2025-08-11
603239,其他汽车零部件,申银万国行业分类标准,2021-07-30
603248,其他通用设备,申银万国行业分类标准,2025-12-04
603255,其他化学制品,申银万国行业分类标准,2022-07-11
603256,玻纤制造,申银万国行业分类标准,2021-07-30
603257,工程咨询服务Ⅲ,申银万国行业分类标准,2025-03-14
603258,游戏Ⅲ,申银万国行业分类标准,2021-07-30
603259,医疗研发外包,申银万国行业分类标准,2021-07-30
603260,有机硅,申银万国行业分类标准,2022-07-29
603261,航空装备Ⅲ,申银万国行业分类标准,2022-03-01
603262,保健品,申银万国行业分类标准,2025-07-11
603266,车身附件及饰件,申银万国行业分类标准,2022-02-18
603267,军工电子Ⅲ,申银万国行业分类标准,2021-07-30
603268,其他家居用品,申银万国行业分类标准,2021-07-30
603269,其他通用设备,申银万国行业分类标准,2017-04-25
603270,金属制品,申银万国行业分类标准,2023-08-21
603271,铝,申银万国行业分类标准,2025-02-20
603272,其他家居用品,申银万国行业分类标准,2022-04-29
603273,工程机械整机,申银万国行业分类标准,2023-10-13
603275,工控设备,申银万国行业分类标准,2023-08-21
603276,其他化学制品,申银万国行业分类标准,2023-09-08
603277,制冷空调设备,申银万国行业分类标准,2019-07-08
603278,金属制品,申银万国行业分类标准,2021-07-30
603279,其他通用设备,申银万国行业分类标准,2025-04-10
603280,工程机械整机,申银万国行业分类标准,2022-10-21
603281,有机硅,申银万国行业分类标准,2023-01-05
603282,环保设备Ⅲ,申银万国行业分类标准,2023-02-24
603283,工控设备,申银万国行业分类标准,2021-07-30
603284,特种纸,申银万国行业分类标准,2026-01-22
603285,其他化学制品,申银万国行业分类标准,2024-07-04
603286,底盘与发动机系统,申银万国行业分类标准,2021-07-30
603288,调味发酵品Ⅲ,申银万国行业分类标准,2021-07-30
603289,其他专用设备,申银万国行业分类标准,2017-10-10
603290,分立器件,申银万国行业分类标准,2021-07-30
603291,水务及水治理,申银万国行业分类标准,2023-02-16
603296,消费电子零部件及组装,申银万国行业分类标准,2023-07-31
603297,光学元件,申银万国行业分类标准,2018-08-21
603298,工程机械整机,申银万国行业分类标准,2021-07-30
603299,无机盐,申银万国行业分类标准,2021-07-30
603300,租赁,申银万国行业分类标准,2021-07-30
603301,医疗耗材,申银万国行业分类标准,2021-07-30
603303,照明设备Ⅲ,申银万国行业分类标准,2021-07-30
603305,底盘与发动机系统,申银万国行业分类标准,2021-07-30
603306,车身附件及饰件,申银万国行业分类标准,2021-07-30
603307,鞋帽及其他,申银万国行业分类标准,2023-01-20
603308,金属制品,申银万国行业分类标准,2021-07-30
603309,医疗耗材,申银万国行业分类标准,2021-07-30
603310,氟化工,申银万国行业分类标准,2024-08-02
603311,家电零部件Ⅲ,申银万国行业分类标准,2021-07-30
603312,输变电设备,申银万国行业分类标准,2023-12-22
603313,成品家居,申银万国行业分类标准,2021-07-30
603315,大气治理,申银万国行业分类标准,2022-07-29
603316,园林工程,申银万国行业分类标准,2021-07-30
603317,调味发酵品Ⅲ,申银万国行业分类标准,2021-07-30
603318,燃气Ⅲ,申银万国行业分类标准,2021-07-30
603319,底盘与发动机系统,申银万国行业分类标准,2021-07-30
603320,电机Ⅲ,申银万国行业分类标准,2017-04-11
603321,楼宇设备,申银万国行业分类标准,2017-08-28
603322,通信工程及服务,申银万国行业分类标准,2021-07-30
603323,农商行Ⅲ,申银万国行业分类标准,2021-07-30
603324,环保设备Ⅲ,申银万国行业分类标准,2021-07-30
603325,能源及重型设备,申银万国行业分类标准,2023-12-22
603326,定制家居,申银万国行业分类标准,2021-07-30
603328,印制电路板,申银万国行业分类标准,2004-06-20
603329,原材料供应链服务,申银万国行业分类标准,2021-07-30
603330,其他塑料制品,申银万国行业分类标准,2021-07-30
603331,其他通用设备,申银万国行业分类标准,2017-06-15
603332,涤纶,申银万国行业分类标准,2018-12-24
603333,线缆部件及其他,申银万国行业分类标准,2021-07-30
603334,固废治理,申银万国行业分类标准,2025-10-17
603335,轮胎轮毂,申银万国行业分类标准,2021-07-30
603336,其他种植业,申银万国行业分类标准,2016-10-31
603337,纺织服装设备,申银万国行业分类标准,2021-07-30
603338,工程机械整机,申银万国行业分类标准,2021-07-30
603339,制冷空调设备,申银万国行业分类标准,2016-04-27
603341,消费电子零部件及组装,申银万国行业分类标准,2024-02-02
603344,电机Ⅲ,申银万国行业分类标准,2024-03-01
603345,预加工食品,申银万国行业分类标准,2021-07-30
603348,其他汽车零部件,申银万国行业分类标准,2021-07-30
603350,电机Ⅲ,申银万国行业分类标准,2024-06-14
603351,原料药,申银万国行业分类标准,2019-01-14
603352,车身附件及饰件,申银万国行业分类标准,2025-12-25
603353,油品石化贸易,申银万国行业分类标准,2021-07-30
603355,清洁小家电,申银万国行业分类标准,2021-07-30
603356,楼宇设备,申银万国行业分类标准,2018-01-03
603357,工程咨询服务Ⅲ,申银万国行业分类标准,2021-07-30
603358,其他汽车零部件,申银万国行业分类标准,2021-07-30
603359,园林工程,申银万国行业分类标准,2021-07-30
603360,农药,申银万国行业分类标准,2021-07-30
603363,畜禽饲料,申银万国行业分类标准,2021-07-30
603365,家纺,申银万国行业分类标准,2017-10-31
603366,卫浴电器,申银万国行业分类标准,2021-07-30
603367,化学制剂,申银万国行业分类标准,2021-07-30
603368,医药流通,申银万国行业分类标准,2021-07-30
603369,白酒Ⅲ,申银万国行业分类标准,2021-07-30
603370,电机Ⅲ,申银万国行业分类标准,2025-08-22
603373,其他专业服务,申银万国行业分类标准,2023-12-01
603375,模拟芯片设计,申银万国行业分类标准,2024-01-08
603376,汽车电子电气系统,申银万国行业分类标准,2025-10-16
603377,培训教育,申银万国行业分类标准,2021-07-30
603378,涂料,申银万国行业分类标准,2021-07-30
603379,氟化工,申银万国行业分类标准,2019-03-13
603380,消费电子零部件及组装,申银万国行业分类标准,2021-07-30
603381,光伏辅材,申银万国行业分类标准,2024-06-14
603382,锦纶,申银万国行业分类标准,2025-05-23
603383,垂直应用软件,申银万国行业分类标准,2021-07-30
603385,卫浴制品,申银万国行业分类标准,2021-07-30
603386,印制电路板,申银万国行业分类标准,2017-08-22
603387,体外诊断,申银万国行业分类标准,2021-07-30
603389,成品家居,申银万国行业分类标准,2021-07-30
603390,汽车电子电气系统,申银万国行业分类标准,2021-07-30
603391,能源及重型设备,申银万国行业分类标准,2024-07-12
603392,疫苗,申银万国行业分类标准,2022-07-29
603393,燃气Ⅲ,申银万国行业分类标准,2016-08-23
603395,复合肥,申银万国行业分类标准,2024-11-07
603396,光伏加工设备,申银万国行业分类标准,2021-07-30
603398,硅料硅片,申银万国行业分类标准,2023-07-04
603399,锂,申银万国行业分类标准,2023-07-04
603400,金属制品,申银万国行业分类标准,2025-05-30
603402,旅游综合,申银万国行业分类标准,2025-12-18
603406,涤纶,申银万国行业分类标准,2025-07-18
603408,卫浴制品,申银万国行业分类标准,2021-07-30
603409,车身附件及饰件,申银万国行业分类标准,2025-02-14
603416,机器人,申银万国行业分类标准,2021-07-30
603418,车身附件及饰件,申银万国行业分类标准,2025-09-05
603421,通信网络设备及器件,申银万国行业分类标准,2021-07-30
603429,纸包装,申银万国行业分类标准,2021-07-30
603439,中药Ⅲ,申银万国行业分类标准,2020-04-08
603444,游戏Ⅲ,申银万国行业分类标准,2021-07-30
603456,医疗研发外包,申银万国行业分类标准,2023-07-04
603458,工程咨询服务Ⅲ,申银万国行业分类标准,2021-07-30
603466,其他数字媒体,申银万国行业分类标准,2022-01-14
603477,生猪养殖,申银万国行业分类标准,2022-01-21
603486,清洁小家电,申银万国行业分类标准,2021-07-30
603488,楼宇设备,申银万国行业分类标准,2019-07-08
603489,电机Ⅲ,申银万国行业分类标准,2019-09-24
603496,其他计算机设备,申银万国行业分类标准,2021-07-30
603499,纸包装,申银万国行业分类标准,2021-07-30
603500,轨交设备Ⅲ,申银万国行业分类标准,2017-08-15
603501,数字芯片设计,申银万国行业分类标准,2021-07-30
603505,氟化工,申银万国行业分类标准,2021-07-30
603506,物业管理,申银万国行业分类标准,2021-07-30
603507,风电零部件,申银万国行业分类标准,2021-07-30
603508,安防设备,申银万国行业分类标准,2021-07-30
603511,非运动服装,申银万国行业分类标准,2024-07-30
603515,照明设备Ⅲ,申银万国行业分类标准,2021-07-30
603516,其他计算机设备,申银万国行业分类标准,2021-07-30
603517,熟食,申银万国行业分类标准,2021-07-30
603518,非运动服装,申银万国行业分类标准,2021-07-30
603519,家电零部件Ⅲ,申银万国行业分类标准,2021-07-30
603520,原料药,申银万国行业分类标准,2016-02-18
603527,铜,申银万国行业分类标准,2017-08-16
603528,垂直应用软件,申银万国行业分类标准,2021-07-30
603529,其他运输设备,申银万国行业分类标准,2021-05-26
603530,线缆部件及其他,申银万国行业分类标准,2021-07-30
603533,文字媒体,申银万国行业分类标准,2021-07-30
603535,跨境物流,申银万国行业分类标准,2021-07-30
603536,预加工食品,申银万国行业分类标准,2021-07-30
603538,原料药,申银万国行业分类标准,2017-03-16
603551,卫浴电器,申银万国行业分类标准,2021-07-30
603556,电工仪器仪表,申银万国行业分类标准,2021-07-30
603557,鞋帽及其他,申银万国行业分类标准,2017-07-31
603558,棉纺,申银万国行业分类标准,2021-07-30
603559,通信工程及服务,申银万国行业分类标准,2021-07-30
603565,航运,申银万国行业分类标准,2021-07-30
603566,动物保健Ⅲ,申银万国行业分类标准,2015-01-24
603567,中药Ⅲ,申银万国行业分类标准,2015-01-13
603568,固废治理,申银万国行业分类标准,2021-07-30
603569,公路货运,申银万国行业分类标准,2021-07-30
603577,线缆部件及其他,申银万国行业分类标准,2021-07-30
603578,家电零部件Ⅲ,申银万国行业分类标准,2021-07-30
603579,其他家电Ⅲ,申银万国行业分类标准,2021-07-30
603580,其他塑料制品,申银万国行业分类标准,2017-05-11
603583,工控设备,申银万国行业分类标准,2021-07-30
603585,农药,申银万国行业分类标准,2021-07-30
603586,底盘与发动机系统,申银万国行业分类标准,2021-07-30
603587,非运动服装,申银万国行业分类标准,2021-07-30
603588,固废治理,申银万国行业分类标准,2021-07-30
603589,白酒Ⅲ,申银万国行业分类标准,2021-07-30
603590,其他生物制品,申银万国行业分类标准,2021-07-30
603595,消费电子零部件及组装,申银万国行业分类标准,2021-07-30
603596,底盘与发动机系统,申银万国行业分类标准,2021-07-30
603598,营销代理,申银万国行业分类标准,2021-07-30
603599,农药,申银万国行业分类标准,2021-07-30
603600,成品家居,申银万国行业分类标准,2021-07-30
603601,玻纤制造,申银万国行业分类标准,2021-07-30
603602,通信工程及服务,申银万国行业分类标准,2021-07-30
603605,品牌化妆品,申银万国行业分类标准,2021-07-30
603606,线缆部件及其他,申银万国行业分类标准,2021-07-30
603607,综合包装,申银万国行业分类标准,2021-07-30
603608,鞋帽及其他,申银万国行业分类标准,2016-01-22
603609,畜禽饲料,申银万国行业分类标准,2021-07-30
603610,成品家居,申银万国行业分类标准,2021-07-30
603611,工程机械整机,申银万国行业分类标准,2024-07-30
603612,非金属材料Ⅲ,申银万国行业分类标准,2021-07-30
603613,综合电商,申银万国行业分类标准,2021-07-30
603615,其他家居用品,申银万国行业分类标准,2021-07-30
603616,水泥制品,申银万国行业分类标准,2021-07-30
603617,其他通用设备,申银万国行业分类标准,2017-06-12
603618,线缆部件及其他,申银万国行业分类标准,2021-07-30
603619,油田服务,申银万国行业分类标准,2021-07-30
603626,消费电子零部件及组装,申银万国行业分类标准,2021-07-30
603628,光伏辅材,申银万国行业分类标准,2021-07-30
603629,消费电子零部件及组装,申银万国行业分类标准,2021-07-30
603630,品牌化妆品,申银万国行业分类标准,2021-07-30
603633,消费电子零部件及组装,申银万国行业分类标准,2021-07-30
603636,IT服务Ⅲ,申银万国行业分类标准,2021-07-30
603637,化学工程,申银万国行业分类标准,2017-01-12
603638,工程机械器件,申银万国行业分类标准,2021-07-30
603639,农药,申银万国行业分类标准,2021-07-30
603648,中间产品及消费品供应链服务,申银万国行业分类标准,2021-07-30
603650,橡胶助剂,申银万国行业分类标准,2021-07-30
603655,其他汽车零部件,申银万国行业分类标准,2021-07-30
603656,其他专用设备,申银万国行业分类标准,2017-03-07
603657,家电零部件Ⅲ,申银万国行业分类标准,2021-07-30
603658,体外诊断,申银万国行业分类标准,2021-07-30
603659,电池化学品,申银万国行业分类标准,2021-07-30
603660,其他计算机设备,申银万国行业分类标准,2021-07-30
603661,成品家居,申银万国行业分类标准,2021-07-30
603662,仪器仪表,申银万国行业分类标准,2021-07-30
603663,无机盐,申银万国行业分类标准,2021-07-30
603665,鞋帽及其他,申银万国行业分类标准,2021-07-30
603666,机器人,申银万国行业分类标准,2021-07-30
603667,金属制品,申银万国行业分类标准,2021-07-30
603668,水产饲料,申银万国行业分类标准,2021-07-30
603669,化学制剂,申银万国行业分类标准,2015-01-25
603676,化学制剂,申银万国行业分类标准,2017-07-03
603677,家电零部件Ⅲ,申银万国行业分类标准,2021-07-30
603678,军工电子Ⅲ,申银万国行业分类标准,2021-07-30
603679,LED,申银万国行业分类标准,2017-05-31
603680,轨交设备Ⅲ,申银万国行业分类标准,2017-05-04
603681,胶黏剂及胶带,申银万国行业分类标准,2021-07-30
603682,商业物业经营,申银万国行业分类标准,2021-07-30
603683,胶黏剂及胶带,申银万国行业分类标准,2021-07-30
603685,LED,申银万国行业分类标准,2017-11-21
603686,综合环境治理,申银万国行业分类标准,2024-07-30
603687,纸包装,申银万国行业分类标准,2021-07-30
603688,非金属材料Ⅲ,申银万国行业分类标准,2021-07-30
603689,燃气Ⅲ,申银万国行业分类标准,2016-12-16
603690,半导体设备,申银万国行业分类标准,2021-07-30
603693,风力发电,申银万国行业分类标准,2021-07-30
603696,调味发酵品Ⅲ,申银万国行业分类标准,2021-07-30
603697,零食,申银万国行业分类标准,2021-07-30
603698,能源及重型设备,申银万国行业分类标准,2021-07-30
603699,金属制品,申银万国行业分类标准,2021-07-30
603700,仪器仪表,申银万国行业分类标准,2021-07-30
603701,底盘与发动机系统,申银万国行业分类标准,2021-07-30
603703,LED,申银万国行业分类标准,2021-07-30
603706,燃气Ⅲ,申银万国行业分类标准,2018-06-19
603707,化学制剂,申银万国行业分类标准,2021-07-30
603708,超市,申银万国行业分类标准,2016-11-22
603709,成品家居,申银万国行业分类标准,2021-07-30
603711,软饮料,申银万国行业分类标准,2021-07-30
603712,军工电子Ⅲ,申银万国行业分类标准,2021-07-30
603713,仓储物流,申银万国行业分类标准,2021-07-30
603716,医药流通,申银万国行业分类标准,2021-07-30
603717,生猪养殖,申银万国行业分类标准,2025-08-11
603718,动物保健Ⅲ,申银万国行业分类标准,2015-04-24
603719,零食,申银万国行业分类标准,2021-07-30
603721,影视动漫制作,申银万国行业分类标准,2021-07-30
603722,其他化学制品,申银万国行业分类标准,2022-07-29
603725,瓷砖地板,申银万国行业分类标准,2024-07-30
603726,家电零部件Ⅲ,申银万国行业分类标准,2021-07-30
603727,油气及炼化工程,申银万国行业分类标准,2021-07-30
603728,电机Ⅲ,申银万国行业分类标准,2017-04-18
603729,营销代理,申银万国行业分类标准,2021-07-30
603730,车身附件及饰件,申银万国行业分类标准,2021-07-30
603733,特种纸,申银万国行业分类标准,2021-07-30
603737,涂料,申银万国行业分类标准,2021-07-30
603738,被动元件,申银万国行业分类标准,2016-09-12
603739,食品及饲料添加剂,申银万国行业分类标准,2022-07-29
603755,调味发酵品Ⅲ,申银万国行业分类标准,2021-07-30
603757,其他通用设备,申银万国行业分类标准,2017-06-20
603758,底盘与发动机系统,申银万国行业分类标准,2021-07-30
603759,水务及水治理,申银万国行业分类标准,2021-07-30
603766,摩托车,申银万国行业分类标准,2021-07-30
603767,底盘与发动机系统,申银万国行业分类标准,2021-07-30
603768,其他汽车零部件,申银万国行业分类标准,2021-07-30
603773,面板,申银万国行业分类标准,2018-04-03
603776,摩托车,申银万国行业分类标准,2021-07-30
603777,零食,申银万国行业分类标准,2021-07-30
603778,园林工程,申银万国行业分类标准,2021-07-30
603779,其他酒类,申银万国行业分类标准,2021-07-30
603786,汽车电子电气系统,申银万国行业分类标准,2021-07-30
603787,摩托车,申银万国行业分类标准,2021-07-30
603788,底盘与发动机系统,申银万国行业分类标准,2021-07-30
603789,农用机械,申银万国行业分类标准,2015-01-13
603790,纺织化学制品,申银万国行业分类标准,2018-08-31
603797,水务及水治理,申银万国行业分类标准,2021-07-30
603798,其他石化,申银万国行业分类标准,2021-07-30
603799,钴,申银万国行业分类标准,2021-07-30
603800,能源及重型设备,申银万国行业分类标准,2015-06-25
603801,定制家居,申银万国行业分类标准,2021-07-30
603803,通信终端及配件,申银万国行业分类标准,2021-07-30
603806,光伏辅材,申银万国行业分类标准,2021-07-30
603808,非运动服装,申银万国行业分类标准,2021-07-30
603809,底盘与发动机系统,申银万国行业分类标准,2021-07-30
603810,农药,申银万国行业分类标准,2021-07-30
603811,化学制剂,申银万国行业分类标准,2017-02-23
603813,公路货运,申银万国行业分类标准,2021-07-30
603815,基建市政工程,申银万国行业分类标准,2021-07-30
603816,成品家居,申银万国行业分类标准,2021-07-30
603817,水务及水治理,申银万国行业分类标准,2021-07-30
603818,成品家居,申银万国行业分类标准,2021-07-30
603819,电机Ⅲ,申银万国行业分类标准,2016-10-31
603822,其他化学制品,申银万国行业分类标准,2016-04-14
603823,涂料油墨,申银万国行业分类标准,2016-11-29
603825,营销代理,申银万国行业分类标准,2021-07-30
603826,非金属材料Ⅲ,申银万国行业分类标准,2021-07-30
603828,装修装饰Ⅲ,申银万国行业分类标准,2015-01-15
603829,配电设备,申银万国行业分类标准,2021-07-30
603833,定制家居,申银万国行业分类标准,2021-07-30
603836,跨境物流,申银万国行业分类标准,2021-07-30
603838,其他家居用品,申银万国行业分类标准,2021-07-30
603839,非运动服装,申银万国行业分类标准,2021-07-30
603843,基建市政工程,申银万国行业分类标准,2021-07-30
603848,成品家居,申银万国行业分类标准,2021-07-30
603855,其他专用设备,申银万国行业分类标准,2017-05-03
603856,管材,申银万国行业分类标准,2017-10-16
603858,中药Ⅲ,申银万国行业分类标准,2016-10-31
603859,IT服务Ⅲ,申银万国行业分类标准,2022-07-29
603860,工程咨询服务Ⅲ,申银万国行业分类标准,2021-07-30
603861,配电设备,申银万国行业分类标准,2021-07-30
603863,大宗用纸,申银万国行业分类标准,2021-07-30
603866,烘焙食品,申银万国行业分类标准,2021-07-30
603867,其他化学制品,申银万国行业分类标准,2019-06-05
603868,个护小家电,申银万国行业分类标准,2021-07-30
603869,IT服务Ⅲ,申银万国行业分类标准,2021-07-30
603871,跨境物流,申银万国行业分类标准,2021-07-30
603876,铝,申银万国行业分类标准,2018-03-27
603877,非运动服装,申银万国行业分类标准,2021-07-30
603878,钢铁管材,申银万国行业分类标准,2021-07-30
603879,合成树脂,申银万国行业分类标准,2021-07-30
603880,医疗耗材,申银万国行业分类标准,2021-07-30
603881,通信应用增值服务,申银万国行业分类标准,2023-07-04
603882,诊断服务,申银万国行业分类标准,2021-07-30
603883,线下药店,申银万国行业分类标准,2021-07-30
603885,航空运输,申银万国行业分类标准,2021-07-30
603886,烘焙食品,申银万国行业分类标准,2021-07-30
603887,IT服务Ⅲ,申银万国行业分类标准,2021-07-30
603888,门户网站,申银万国行业分类标准,2021-07-30
603889,其他纺织,申银万国行业分类标准,2021-07-30
603890,消费电子零部件及组装,申银万国行业分类标准,2021-07-30
603893,数字芯片设计,申银万国行业分类标准,2021-07-30
603895,其他专用设备,申银万国行业分类标准,2018-01-08
603896,中药Ⅲ,申银万国行业分类标准,2017-04-18
603897,线缆部件及其他,申银万国行业分类标准,2021-07-30
603898,定制家居,申银万国行业分类标准,2021-07-30
603899,文化用品,申银万国行业分类标准,2021-07-30
603900,钟表珠宝,申银万国行业分类标准,2021-07-30
603901,印刷包装机械,申银万国行业分类标准,2015-05-11
603903,水务及水治理,申银万国行业分类标准,2021-07-30
603906,电池化学品,申银万国行业分类标准,2023-09-15
603908,鞋帽及其他,申银万国行业分类标准,2021-07-30
603909,工程咨询服务Ⅲ,申银万国行业分类标准,2021-07-30
603912,制冷空调设备,申银万国行业分类标准,2021-07-30
603915,金属制品,申银万国行业分类标准,2021-07-30
603916,其他化学制品,申银万国行业分类标准,2017-11-08
603917,其他汽车零部件,申银万国行业分类标准,2021-07-30
603918,IT服务Ⅲ,申银万国行业分类标准,2021-07-30
603919,白酒Ⅲ,申银万国行业分类标准,2021-07-30
603920,印制电路板,申银万国行业分类标准,2017-04-06
603922,其他汽车零部件,申银万国行业分类标准,2021-07-30
603926,底盘与发动机系统,申银万国行业分类标准,2021-07-30
603927,垂直应用软件,申银万国行业分类标准,2021-07-30
603928,合成树脂,申银万国行业分类标准,2021-07-30
603929,其他专业工程,申银万国行业分类标准,2016-12-12
603931,电子化学品Ⅲ,申银万国行业分类标准,2021-07-30
603933,其他电子Ⅲ,申银万国行业分类标准,2021-07-30
603936,印制电路板,申银万国行业分类标准,2015-12-23
603937,铝,申银万国行业分类标准,2021-07-30
603938,其他化学原料,申银万国行业分类标准,2022-07-29
603939,线下药店,申银万国行业分类标准,2021-07-30
603948,其他化学制品,申银万国行业分类标准,2020-02-11
603949,底盘与发动机系统,申银万国行业分类标准,2021-07-30
603950,底盘与发动机系统,申银万国行业分类标准,2021-07-30
603955,园林工程,申银万国行业分类标准,2021-07-30
603956,其他专用设备,申银万国行业分类标准,2019-01-28
603958,鞋帽及其他,申银万国行业分类标准,2016-06-07
603959,化学工程,申银万国行业分类标准,2016-04-26
603960,其他自动化设备,申银万国行业分类标准,2021-07-30
603966,能源及重型设备,申银万国行业分类标准,2021-07-30
603967,跨境物流,申银万国行业分类标准,2021-07-30
603968,食品及饲料添加剂,申银万国行业分类标准,2021-07-30
603969,金属制品,申银万国行业分类标准,2021-07-30
603970,农药,申银万国行业分类标准,2021-07-30
603976,医疗耗材,申银万国行业分类标准,2021-07-30
603977,民爆制品,申银万国行业分类标准,2018-07-13
603978,其他金属新材料,申银万国行业分类标准,2017-07-24
603979,铜,申银万国行业分类标准,2023-10-13
603980,纺织化学制品,申银万国行业分类标准,2017-05-24
603982,底盘与发动机系统,申银万国行业分类标准,2021-07-30
603983,品牌化妆品,申银万国行业分类标准,2021-07-30
603985,风电零部件,申银万国行业分类标准,2022-07-29
603986,数字芯片设计,申银万国行业分类标准,2021-07-30
603987,医疗耗材,申银万国行业分类标准,2021-07-30
603988,电机Ⅲ,申银万国行业分类标准,2014-01-24
603989,被动元件,申银万国行业分类标准,2015-01-06
603990,垂直应用软件,申银万国行业分类标准,2021-07-30
603991,其他塑料制品,申银万国行业分类标准,2017-02-24
603992,卫浴制品,申银万国行业分类标准,2021-07-30
603993,铜,申银万国行业分类标准,2024-11-15
603995,特钢Ⅲ,申银万国行业分类标准,2021-07-30
603997,车身附件及饰件,申银万国行业分类标准,2021-07-30
603998,中药Ⅲ,申银万国行业分类标准,2014-01-25
603999,大众出版,申银万国行业分类标准,2021-07-30
605001,轨交设备Ⅲ,申银万国行业分类标准,2020-04-28
605003,家纺,申银万国行业分类标准,2020-07-28
605005,汽车电子电气系统,申银万国行业分类标准,2021-07-30
605006,玻纤制造,申银万国行业分类标准,2021-07-30
605007,特种纸,申银万国行业分类标准,2021-07-30
605008,其他塑料制品,申银万国行业分类标准,2020-08-04
605009,生活用纸,申银万国行业分类标准,2021-07-30
605011,热力服务,申银万国行业分类标准,2021-06-08
605016,食品及饲料添加剂,申银万国行业分类标准,2021-07-30
605018,其他汽车零部件,申银万国行业分类标准,2021-07-30
605020,氟化工,申银万国行业分类标准,2021-06-22
605028,热力服务,申银万国行业分类标准,2021-06-01
605033,农药,申银万国行业分类标准,2021-08-27
605050,原材料供应链服务,申银万国行业分类标准,2021-07-30
605055,印染,申银万国行业分类标准,2021-01-12
605056,仪器仪表,申银万国行业分类标准,2021-07-30
605058,印制电路板,申银万国行业分类标准,2020-09-22
605060,其他通用设备,申银万国行业分类标准,2021-07-30
605066,配电设备,申银万国行业分类标准,2021-07-30
605068,车身附件及饰件,申银万国行业分类标准,2021-07-30
605069,综合环境治理,申银万国行业分类标准,2021-08-06
605077,食品及饲料添加剂,申银万国行业分类标准,2021-07-30
605080,娱乐用品,申银万国行业分类标准,2021-07-30
605081,水务及水治理,申银万国行业分类标准,2021-07-30
605086,非金属材料Ⅲ,申银万国行业分类标准,2021-07-30
605088,底盘与发动机系统,申银万国行业分类标准,2021-07-30
605089,预加工食品,申银万国行业分类标准,2021-07-30
605090,燃气Ⅲ,申银万国行业分类标准,2021-04-30
605098,培训教育,申银万国行业分类标准,2021-07-30
605099,其他家居用品,申银万国行业分类标准,2021-07-30
605100,金属制品,申银万国行业分类标准,2021-07-30
605108,餐饮,申银万国行业分类标准,2021-07-30
605111,分立器件,申银万国行业分类标准,2020-09-07
605116,原料药,申银万国行业分类标准,2020-09-01
605117,逆变器,申银万国行业分类标准,2023-07-04
605118,安防设备,申银万国行业分类标准,2021-07-30
605122,水泥制品,申银万国行业分类标准,2021-07-30
605123,航空装备Ⅲ,申银万国行业分类标准,2020-08-05
605128,车身附件及饰件,申银万国行业分类标准,2021-07-30
605133,底盘与发动机系统,申银万国行业分类标准,2021-07-30
605136,电商服务,申银万国行业分类标准,2021-07-30
605138,非运动服装,申银万国行业分类标准,2021-09-14
605151,车身附件及饰件,申银万国行业分类标准,2022-07-29
605155,其他家居用品,申银万国行业分类标准,2021-07-30
605158,其他金属新材料,申银万国行业分类标准,2023-07-04
605162,热力服务,申银万国行业分类标准,2021-06-16
605166,锦纶,申银万国行业分类标准,2021-07-30
605167,化学工程,申银万国行业分类标准,2021-07-06
605168,营销代理,申银万国行业分类标准,2021-07-30
605169,燃气Ⅲ,申银万国行业分类标准,2020-10-12
605177,原料药,申银万国行业分类标准,2020-11-06
605178,其他专业工程,申银万国行业分类标准,2022-07-29
605179,乳品,申银万国行业分类标准,2021-07-30
605180,其他纺织,申银万国行业分类标准,2021-04-08
605183,炭黑,申银万国行业分类标准,2020-11-17
605186,其他自动化设备,申银万国行业分类标准,2021-07-30
605188,超市,申银万国行业分类标准,2020-06-17
605189,印染,申银万国行业分类标准,2021-07-30
605196,线缆部件及其他,申银万国行业分类标准,2021-07-30
605198,果蔬加工,申银万国行业分类标准,2020-09-04
605199,中药Ⅲ,申银万国行业分类标准,2020-06-17
605208,铝,申银万国行业分类标准,2021-02-09
605218,面板,申银万国行业分类标准,2020-09-08
605222,线缆部件及其他,申银万国行业分类标准,2021-07-30
605228,车身附件及饰件,申银万国行业分类标准,2021-07-30
605255,底盘与发动机系统,申银万国行业分类标准,2021-07-30
605258,印制电路板,申银万国行业分类标准,2020-11-11
605259,其他专用设备,申银万国行业分类标准,2021-07-30
605266,线下药店,申银万国行业分类标准,2021-07-30
605268,定制家居,申银万国行业分类标准,2021-07-30
605277,消费电子零部件及组装,申银万国行业分类标准,2021-07-30
605286,楼宇设备,申银万国行业分类标准,2021-03-02
605287,装修装饰Ⅲ,申银万国行业分类标准,2021-06-16
605288,工控设备,申银万国行业分类标准,2021-07-30
605289,其他专业工程,申银万国行业分类标准,2021-07-30
605296,生猪养殖,申银万国行业分类标准,2021-07-30
605298,轨交设备Ⅲ,申银万国行业分类标准,2021-02-02
605299,娱乐用品,申银万国行业分类标准,2021-07-30
605300,乳品,申银万国行业分类标准,2021-07-30
605303,园林工程,申银万国行业分类标准,2021-07-30
605305,工程机械整机,申银万国行业分类标准,2021-07-30
605318,其他建材,申银万国行业分类标准,2020-07-10
605319,其他汽车零部件,申银万国行业分类标准,2021-07-30
605333,汽车电子电气系统,申银万国行业分类标准,2021-07-30
605336,厨房电器,申银万国行业分类标准,2021-07-30
605337,软饮料,申银万国行业分类标准,2021-07-30
605338,预加工食品,申银万国行业分类标准,2021-07-30
605339,烘焙食品,申银万国行业分类标准,2021-07-30
605358,半导体材料,申银万国行业分类标准,2021-07-30
605365,照明设备Ⅲ,申银万国行业分类标准,2021-07-30
605366,其他化学制品,申银万国行业分类标准,2020-07-23
605368,燃气Ⅲ,申银万国行业分类标准,2021-01-12
605369,医疗耗材,申银万国行业分类标准,2021-07-30
605376,镍,申银万国行业分类标准,2023-07-04
605377,特种纸,申银万国行业分类标准,2021-07-30
605378,蓄电池及其他电池,申银万国行业分类标准,2021-07-30
605388,乳品,申银万国行业分类标准,2021-07-30
605389,工程机械器件,申银万国行业分类标准,2021-07-30
605398,IT服务Ⅲ,申银万国行业分类标准,2021-07-30
605399,有机硅,申银万国行业分类标准,2021-07-30
605488,膜材料,申银万国行业分类标准,2022-07-29
605499,软饮料,申银万国行业分类标准,2021-07-30
605500,大宗用纸,申银万国行业分类标准,2021-07-30
605507,原料药,申银万国行业分类标准,2021-07-14
605555,清洁小家电,申银万国行业分类标准,2021-09-24
605566,纺织化学制品,申银万国行业分类标准,2021-09-24
605577,教育出版,申银万国行业分类标准,2021-07-30
605580,热力服务,申银万国行业分类标准,2021-07-30
605588,光学元件,申银万国行业分类标准,2021-08-06
605589,合成树脂,申银万国行业分类标准,2021-08-13
605598,其他专业工程,申银万国行业分类标准,2021-08-20
605599,钟表珠宝,申银万国行业分类标准,2021-08-20
688001,仪器仪表,申银万国行业分类标准,2021-07-30
688002,军工电子Ⅲ,申银万国行业分类标准,2021-07-30
688003,其他自动化设备,申银万国行业分类标准,2021-07-30
688004,IT服务Ⅲ,申银万国行业分类标准,2021-07-30
688005,电池化学品,申银万国行业分类标准,2021-07-30
688006,锂电专用设备,申银万国行业分类标准,2021-07-30
688007,品牌消费电子,申银万国行业分类标准,2021-07-30
688008,数字芯片设计,申银万国行业分类标准,2021-07-30
688009,轨交设备Ⅲ,申银万国行业分类标准,2019-07-02
688010,光学元件,申银万国行业分类标准,2019-07-03
688011,军工电子Ⅲ,申银万国行业分类标准,2021-07-30
688012,半导体设备,申银万国行业分类标准,2021-07-30
688013,医疗耗材,申银万国行业分类标准,2021-07-30
688015,轨交设备Ⅲ,申银万国行业分类标准,2019-07-06
688016,医疗耗材,申银万国行业分类标准,2021-07-30
688017,机器人,申银万国行业分类标准,2021-07-30
688018,数字芯片设计,申银万国行业分类标准,2021-07-30
688019,电子化学品Ⅲ,申银万国行业分类标准,2021-07-30
688020,印制电路板,申银万国行业分类标准,2021-07-30
688021,其他汽车零部件,申银万国行业分类标准,2021-07-30
688022,其他专用设备,申银万国行业分类标准,2019-07-05
688023,横向通用软件,申银万国行业分类标准,2021-07-30
688025,激光设备,申银万国行业分类标准,2021-07-30
688026,医疗耗材,申银万国行业分类标准,2022-07-29
688027,通信终端及配件,申银万国行业分类标准,2021-07-30
688028,磨具磨料,申银万国行业分类标准,2019-07-05
688029,医疗耗材,申银万国行业分类标准,2021-07-30
688030,横向通用软件,申银万国行业分类标准,2021-07-30
688031,横向通用软件,申银万国行业分类标准,2022-09-23
688032,逆变器,申银万国行业分类标准,2021-12-01
688033,轨交设备Ⅲ,申银万国行业分类标准,2019-07-05
688035,电子化学品Ⅲ,申银万国行业分类标准,2022-09-02
688036,品牌消费电子,申银万国行业分类标准,2021-07-30
688037,半导体设备,申银万国行业分类标准,2021-07-30
688038,垂直应用软件,申银万国行业分类标准,2021-07-30
688039,IT服务Ⅲ,申银万国行业分类标准,2021-07-30
688041,数字芯片设计,申银万国行业分类标准,2022-08-02
688045,模拟芯片设计,申银万国行业分类标准,2022-05-13
688046,医疗研发外包,申银万国行业分类标准,2022-04-01
688047,数字芯片设计,申银万国行业分类标准,2022-06-10
688048,分立器件,申银万国行业分类标准,2022-03-18
688049,数字芯片设计,申银万国行业分类标准,2021-11-12
688050,医疗耗材,申银万国行业分类标准,2021-07-30
688051,IT服务Ⅲ,申银万国行业分类标准,2021-07-30
688052,模拟芯片设计,申银万国行业分类标准,2022-04-01
688053,军工电子Ⅲ,申银万国行业分类标准,2022-07-08
688055,面板,申银万国行业分类标准,2020-07-29
688056,仪器仪表,申银万国行业分类标准,2021-07-30
688057,水务及水治理,申银万国行业分类标准,2021-07-30
688058,横向通用软件,申银万国行业分类标准,2021-12-03
688059,金属制品,申银万国行业分类标准,2021-07-30
688060,其他计算机设备,申银万国行业分类标准,2021-07-30
688061,模拟芯片设计,申银万国行业分类标准,2022-09-23
688062,化学制剂,申银万国行业分类标准,2021-12-24
688063,锂电池,申银万国行业分类标准,2021-07-30
688065,其他化学制品,申银万国行业分类标准,2020-07-24
688066,IT服务Ⅲ,申银万国行业分类标准,2021-07-30
688067,体外诊断,申银万国行业分类标准,2021-07-30
688068,体外诊断,申银万国行业分类标准,2021-07-30
688069,水务及水治理,申银万国行业分类标准,2021-07-30
688070,航空装备Ⅲ,申银万国行业分类标准,2021-01-21
688071,其他专用设备,申银万国行业分类标准,2021-07-09
688072,半导体设备,申银万国行业分类标准,2022-03-29
688073,医疗研发外包,申银万国行业分类标准,2022-09-16
688075,体外诊断,申银万国行业分类标准,2021-11-05
688076,原料药,申银万国行业分类标准,2024-12-20
688077,磁性材料,申银万国行业分类标准,2020-07-03
688078,垂直应用软件,申银万国行业分类标准,2023-07-04
688079,光学元件,申银万国行业分类标准,2021-02-04
688080,其他通信设备,申银万国行业分类标准,2021-07-30
688081,军工电子Ⅲ,申银万国行业分类标准,2021-07-30
688082,半导体设备,申银万国行业分类标准,2021-11-05
688083,垂直应用软件,申银万国行业分类标准,2021-07-30
688084,军工电子Ⅲ,申银万国行业分类标准,2022-11-21
688085,医疗耗材,申银万国行业分类标准,2021-07-30
688087,其他塑料制品,申银万国行业分类标准,2021-06-18
688088,IT服务Ⅲ,申银万国行业分类标准,2021-07-30
688089,食品及饲料添加剂,申银万国行业分类标准,2021-07-30
688090,机器人,申银万国行业分类标准,2021-07-30
688091,化学制剂,申银万国行业分类标准,2021-08-20
688092,其他专用设备,申银万国行业分类标准,2021-03-02
688093,其他电子Ⅲ,申银万国行业分类标准,2020-09-10
688095,横向通用软件,申银万国行业分类标准,2021-07-30
688096,水务及水治理,申银万国行业分类标准,2021-07-30
688097,其他自动化设备,申银万国行业分类标准,2021-07-30
688098,动物保健Ⅲ,申银万国行业分类标准,2019-10-08
688099,数字芯片设计,申银万国行业分类标准,2021-07-30
688100,通信终端及配件,申银万国行业分类标准,2021-07-30
688101,水务及水治理,申银万国行业分类标准,2021-07-30
688102,其他金属新材料,申银万国行业分类标准,2022-07-29
688103,其他电子Ⅲ,申银万国行业分类标准,2021-08-27
688105,其他生物制品,申银万国行业分类标准,2022-07-29
688106,电子化学品Ⅲ,申银万国行业分类标准,2021-07-30
688107,数字芯片设计,申银万国行业分类标准,2021-10-26
688108,医疗耗材,申银万国行业分类标准,2021-07-30
688109,垂直应用软件,申银万国行业分类标准,2021-07-30
688110,数字芯片设计,申银万国行业分类标准,2021-11-26
688111,横向通用软件,申银万国行业分类标准,2021-07-30
688112,仪器仪表,申银万国行业分类标准,2021-11-12
688113,其他专用设备,申银万国行业分类标准,2021-04-14
688114,医疗设备,申银万国行业分类标准,2022-08-26
688115,仪器仪表,申银万国行业分类标准,2021-02-25
688116,电池化学品,申银万国行业分类标准,2021-07-30
688117,化学制剂,申银万国行业分类标准,2021-05-14
688118,垂直应用软件,申银万国行业分类标准,2021-07-30
688119,耐火材料,申银万国行业分类标准,2022-05-17
688120,半导体设备,申银万国行业分类标准,2022-05-18
688121,能源及重型设备,申银万国行业分类标准,2021-08-20
688122,航空装备Ⅲ,申银万国行业分类标准,2021-07-30
688123,数字芯片设计,申银万国行业分类标准,2021-07-30
688125,其他自动化设备,申银万国行业分类标准,2022-04-01
688126,半导体材料,申银万国行业分类标准,2020-03-31
688127,光学元件,申银万国行业分类标准,2020-09-02
688128,其他专用设备,申银万国行业分类标准,2019-10-17
688129,涂料油墨,申银万国行业分类标准,2020-09-28
688130,模拟芯片设计,申银万国行业分类标准,2022-07-15
688131,医疗研发外包,申银万国行业分类标准,2022-07-29
688132,军工电子Ⅲ,申银万国行业分类标准,2022-09-09
688133,其他化学制品,申银万国行业分类标准,2020-09-30
688135,集成电路封测,申银万国行业分类标准,2021-07-30
688136,其他生物制品,申银万国行业分类标准,2021-07-30
688137,其他生物制品,申银万国行业分类标准,2022-09-16
688138,半导体材料,申银万国行业分类标准,2019-10-31
688139,医疗设备,申银万国行业分类标准,2021-07-30
688141,模拟芯片设计,申银万国行业分类标准,2022-12-09
688143,通信线缆及配套,申银万国行业分类标准,2022-11-21
688146,半导体材料,申银万国行业分类标准,2023-03-31
688147,光伏加工设备,申银万国行业分类标准,2022-12-08
688148,电池化学品,申银万国行业分类标准,2021-08-06
688150,电子化学品Ⅲ,申银万国行业分类标准,2022-03-04
688151,医疗耗材,申银万国行业分类标准,2022-07-29
688152,横向通用软件,申银万国行业分类标准,2022-09-30
688153,模拟芯片设计,申银万国行业分类标准,2022-04-01
688155,锂电专用设备,申银万国行业分类标准,2021-07-30
688156,畜禽饲料,申银万国行业分类标准,2025-05-09
688157,涂料油墨,申银万国行业分类标准,2020-05-19
688158,IT服务Ⅲ,申银万国行业分类标准,2021-07-30
688159,通信终端及配件,申银万国行业分类标准,2021-07-30
688160,工控设备,申银万国行业分类标准,2021-07-30
688161,医疗耗材,申银万国行业分类标准,2021-07-30
688162,其他专用设备,申银万国行业分类标准,2022-07-29
688163,其他生物制品,申银万国行业分类标准,2021-02-25
688165,机器人,申银万国行业分类标准,2021-07-30
688166,原料药,申银万国行业分类标准,2022-07-29
688167,分立器件,申银万国行业分类标准,2022-05-13
688168,横向通用软件,申银万国行业分类标准,2021-07-30
688169,清洁小家电,申银万国行业分类标准,2021-07-30
688170,激光设备,申银万国行业分类标准,2022-04-12
688171,垂直应用软件,申银万国行业分类标准,2022-01-10
688172,分立器件,申银万国行业分类标准,2022-12-02
688173,模拟芯片设计,申银万国行业分类标准,2022-01-07
688175,军工电子Ⅲ,申银万国行业分类标准,2021-02-25
688176,化学制剂,申银万国行业分类标准,2021-12-17
688177,其他生物制品,申银万国行业分类标准,2021-07-30
688178,固废治理,申银万国行业分类标准,2022-07-29
688179,其他化学制品,申银万国行业分类标准,2020-09-28
688180,其他生物制品,申银万国行业分类标准,2021-07-30
688181,面板,申银万国行业分类标准,2019-12-17
688182,通信网络设备及器件,申银万国行业分类标准,2021-11-05
688183,印制电路板,申银万国行业分类标准,2021-01-29
688184,电池化学品,申银万国行业分类标准,2022-09-02
688185,疫苗,申银万国行业分类标准,2021-07-30
688186,风电零部件,申银万国行业分类标准,2025-05-09
688187,轨交设备Ⅲ,申银万国行业分类标准,2021-08-20
688188,其他计算机设备,申银万国行业分类标准,2021-07-30
688189,化学制剂,申银万国行业分类标准,2020-03-06
688190,其他金属新材料,申银万国行业分类标准,2021-11-12
688191,电网自动化设备,申银万国行业分类标准,2021-07-30
688192,化学制剂,申银万国行业分类标准,2021-11-23
688193,体外诊断,申银万国行业分类标准,2022-03-11
688195,光学元件,申银万国行业分类标准,2021-03-08
688196,其他化学制品,申银万国行业分类标准,2019-10-31
688197,化学制剂,申银万国行业分类标准,2022-03-04
688198,医疗耗材,申银万国行业分类标准,2021-07-30
688199,其他化学制品,申银万国行业分类标准,2019-10-16
688200,半导体设备,申银万国行业分类标准,2021-07-30
688201,横向通用软件,申银万国行业分类标准,2021-07-30
688202,医疗研发外包,申银万国行业分类标准,2021-07-30
688203,改性塑料,申银万国行业分类标准,2022-08-05
688205,通信网络设备及器件,申银万国行业分类标准,2022-07-25
688206,垂直应用软件,申银万国行业分类标准,2022-11-11
688207,IT服务Ⅲ,申银万国行业分类标准,2021-02-25
688208,其他计算机设备,申银万国行业分类标准,2021-07-30
688209,模拟芯片设计,申银万国行业分类标准,2022-04-01
688210,消费电子零部件及组装,申银万国行业分类标准,2021-12-06
688211,其他专用设备,申银万国行业分类标准,2021-09-29
688212,医疗设备,申银万国行业分类标准,2021-10-27
688213,数字芯片设计,申银万国行业分类标准,2022-04-29
688215,其他自动化设备,申银万国行业分类标准,2021-07-30
688216,集成电路封测,申银万国行业分类标准,2021-07-30
688217,体外诊断,申银万国行业分类标准,2021-07-30
688218,机器人,申银万国行业分类标准,2021-07-30
688219,改性塑料,申银万国行业分类标准,2020-10-27
688220,模拟芯片设计,申银万国行业分类标准,2021-12-24
688221,化学制剂,申银万国行业分类标准,2020-09-30
688222,医疗研发外包,申银万国行业分类标准,2021-07-30
688223,光伏电池组件,申银万国行业分类标准,2022-01-07
688225,横向通用软件,申银万国行业分类标准,2022-01-14
688226,线缆部件及其他,申银万国行业分类标准,2021-07-30
688227,IT服务Ⅲ,申银万国行业分类标准,2021-12-14
688228,IT服务Ⅲ,申银万国行业分类标准,2021-07-30
688229,IT服务Ⅲ,申银万国行业分类标准,2021-07-30
688230,分立器件,申银万国行业分类标准,2021-11-19
688231,其他金属新材料,申银万国行业分类标准,2022-07-01
688232,垂直应用软件,申银万国行业分类标准,2021-10-29
688233,半导体材料,申银万国行业分类标准,2020-01-31
688234,半导体材料,申银万国行业分类标准,2021-12-23
688235,化学制剂,申银万国行业分类标准,2024-05-17
688236,医疗耗材,申银万国行业分类标准,2021-12-17
688237,航空装备Ⅲ,申银万国行业分类标准,2022-06-14
688238,医疗研发外包,申银万国行业分类标准,2022-03-04
688239,航空装备Ⅲ,申银万国行业分类标准,2021-06-15
688244,横向通用软件,申银万国行业分类标准,2022-09-23
688246,垂直应用软件,申银万国行业分类标准,2021-11-25
688247,化学制剂,申银万国行业分类标准,2022-08-12
688248,电网自动化设备,申银万国行业分类标准,2021-12-03
688249,集成电路制造,申银万国行业分类标准,2023-04-12
688251,IT服务Ⅲ,申银万国行业分类标准,2022-05-20
688252,数字芯片设计,申银万国行业分类标准,2022-09-09
688253,体外诊断,申银万国行业分类标准,2022-07-15
688255,机器人,申银万国行业分类标准,2021-09-24
688256,数字芯片设计,申银万国行业分类标准,2021-07-30
688257,金属制品,申银万国行业分类标准,2021-09-30
688258,IT服务Ⅲ,申银万国行业分类标准,2021-07-30
688259,数字芯片设计,申银万国行业分类标准,2021-12-23
688260,消费电子零部件及组装,申银万国行业分类标准,2021-07-30
688261,分立器件,申银万国行业分类标准,2022-01-14
688262,数字芯片设计,申银万国行业分类标准,2021-12-17
688265,医疗研发外包,申银万国行业分类标准,2021-12-10
688266,化学制剂,申银万国行业分类标准,2020-01-06
688267,其他化学制品,申银万国行业分类标准,2022-01-21
688268,电子化学品Ⅲ,申银万国行业分类标准,2021-07-30
688269,其他化学制品,申银万国行业分类标准,2022-07-29
688270,模拟芯片设计,申银万国行业分类标准,2022-01-14
688271,医疗设备,申银万国行业分类标准,2022-07-29
688272,军工电子Ⅲ,申银万国行业分类标准,2021-09-17
688273,医疗设备,申银万国行业分类标准,2022-07-22
688275,电池化学品,申银万国行业分类标准,2022-09-09
688276,疫苗,申银万国行业分类标准,2021-07-30
688277,医疗设备,申银万国行业分类标准,2021-07-30
688278,其他生物制品,申银万国行业分类标准,2021-07-30
688279,数字芯片设计,申银万国行业分类标准,2022-04-01
688280,底盘与发动机系统,申银万国行业分类标准,2021-09-30
688281,航空装备Ⅲ,申银万国行业分类标准,2022-02-18
688282,航天装备Ⅲ,申银万国行业分类标准,2022-03-04
688283,其他通信设备,申银万国行业分类标准,2022-01-21
688285,轨交设备Ⅲ,申银万国行业分类标准,2021-09-23
688286,模拟芯片设计,申银万国行业分类标准,2021-07-30
688287,航空装备Ⅲ,申银万国行业分类标准,2020-07-27
688288,其他计算机设备,申银万国行业分类标准,2021-07-30
688289,体外诊断,申银万国行业分类标准,2021-07-30
688290,机器人,申银万国行业分类标准,2022-04-11
688291,垂直应用软件,申银万国行业分类标准,2022-09-30
688292,其他计算机设备,申银万国行业分类标准,2024-05-17
688293,其他生物制品,申银万国行业分类标准,2022-08-16
688295,其他化学纤维,申银万国行业分类标准,2022-03-16
688296,垂直应用软件,申银万国行业分类标准,2021-07-30
688297,航空装备Ⅲ,申银万国行业分类标准,2022-06-10
688298,体外诊断,申银万国行业分类标准,2021-07-30
688299,面板,申银万国行业分类标准,2019-10-16
688300,非金属材料Ⅲ,申银万国行业分类标准,2021-07-30
688301,医疗设备,申银万国行业分类标准,2021-07-30
688302,化学制剂,申银万国行业分类标准,2022-03-22
688303,硅料硅片,申银万国行业分类标准,2021-07-30
688305,机床工具,申银万国行业分类标准,2021-06-22
688306,其他自动化设备,申银万国行业分类标准,2022-03-04
688307,安防设备,申银万国行业分类标准,2023-01-20
688308,金属制品,申银万国行业分类标准,2021-07-30
688309,环保设备Ⅲ,申银万国行业分类标准,2021-07-30
688310,其他自动化设备,申银万国行业分类标准,2021-07-30
688311,军工电子Ⅲ,申银万国行业分类标准,2021-07-30
688312,其他专用设备,申银万国行业分类标准,2020-05-19
688313,通信网络设备及器件,申银万国行业分类标准,2021-07-30
688314,医疗耗材,申银万国行业分类标准,2021-07-30
688315,其他医疗服务,申银万国行业分类标准,2021-07-30
688316,IT服务Ⅲ,申银万国行业分类标准,2021-07-30
688317,体外诊断,申银万国行业分类标准,2021-07-30
688318,垂直应用软件,申银万国行业分类标准,2021-07-30
688319,疫苗,申银万国行业分类标准,2021-07-30
688320,工控设备,申银万国行业分类标准,2022-04-15
688321,化学制剂,申银万国行业分类标准,2019-07-22
688322,光学元件,申银万国行业分类标准,2022-07-08
688323,膜材料,申银万国行业分类标准,2021-07-30
688325,模拟芯片设计,申银万国行业分类标准,2022-04-01
688326,垂直应用软件,申银万国行业分类标准,2022-03-30
688327,IT服务Ⅲ,申银万国行业分类标准,2022-04-29
688328,其他专用设备,申银万国行业分类标准,2021-02-10
688329,其他自动化设备,申银万国行业分类标准,2021-07-30
688330,电网自动化设备,申银万国行业分类标准,2021-07-30
688331,其他生物制品,申银万国行业分类标准,2022-03-25
688332,数字芯片设计,申银万国行业分类标准,2022-07-01
688333,其他通用设备,申银万国行业分类标准,2022-07-29
688334,检测服务,申银万国行业分类标准,2023-05-30
688335,水务及水治理,申银万国行业分类标准,2021-07-30
688336,其他生物制品,申银万国行业分类标准,2021-07-30
688337,仪器仪表,申银万国行业分类标准,2022-03-17
688338,体外诊断,申银万国行业分类标准,2021-07-30
688339,燃料电池,申银万国行业分类标准,2021-07-30
688343,IT服务Ⅲ,申银万国行业分类标准,2023-03-17
688345,锂电池,申银万国行业分类标准,2021-07-30
688347,集成电路制造,申银万国行业分类标准,2023-07-18
688348,逆变器,申银万国行业分类标准,2022-05-20
688349,风电整机,申银万国行业分类标准,2022-06-02
688350,其他化学制品,申银万国行业分类标准,2021-01-11
688351,医疗耗材,申银万国行业分类标准,2022-08-12
688352,集成电路封测,申银万国行业分类标准,2023-03-29
688353,电池化学品,申银万国行业分类标准,2022-06-24
688355,金属制品,申银万国行业分类标准,2021-07-30
688356,原料药,申银万国行业分类标准,2020-08-05
688357,其他化学制品,申银万国行业分类标准,2022-07-29
688358,医疗设备,申银万国行业分类标准,2021-07-30
688359,电子化学品Ⅲ,申银万国行业分类标准,2021-07-30
688360,其他通用设备,申银万国行业分类标准,2020-05-12
688361,半导体设备,申银万国行业分类标准,2023-04-27
688362,集成电路封测,申银万国行业分类标准,2022-10-28
688363,医美耗材,申银万国行业分类标准,2021-07-30
688365,IT服务Ⅲ,申银万国行业分类标准,2021-07-30
688366,医疗耗材,申银万国行业分类标准,2021-07-30
688367,轨交设备Ⅲ,申银万国行业分类标准,2021-06-08
688368,模拟芯片设计,申银万国行业分类标准,2021-07-30
688369,横向通用软件,申银万国行业分类标准,2021-07-30
688370,固废治理,申银万国行业分类标准,2022-08-05
688371,电子化学品Ⅲ,申银万国行业分类标准,2022-07-25
688372,集成电路封测,申银万国行业分类标准,2022-09-30
688373,化学制剂,申银万国行业分类标准,2022-07-25
688375,军工电子Ⅲ,申银万国行业分类标准,2022-07-01
688376,环保设备Ⅲ,申银万国行业分类标准,2022-11-04
688377,能源及重型设备,申银万国行业分类标准,2020-06-15
688378,光学元件,申银万国行业分类标准,2024-07-30
688379,金属制品,申银万国行业分类标准,2021-07-30
688380,数字芯片设计,申银万国行业分类标准,2022-07-25
688381,模拟芯片设计,申银万国行业分类标准,2022-08-05
688382,化学制剂,申银万国行业分类标准,2022-07-08
688383,其他专用设备,申银万国行业分类标准,2021-04-09
688385,数字芯片设计,申银万国行业分类标准,2021-07-30
688386,膜材料,申银万国行业分类标准,2021-07-30
688387,通信网络设备及器件,申银万国行业分类标准,2022-09-09
688388,锂电池,申银万国行业分类标准,2022-07-29
688389,体外诊断,申银万国行业分类标准,2021-07-30
688390,逆变器,申银万国行业分类标准,2021-07-30
688391,模拟芯片设计,申银万国行业分类标准,2022-08-26
688392,锂电专用设备,申银万国行业分类标准,2022-09-09
688393,体外诊断,申银万国行业分类标准,2021-07-30
688395,工控设备,申银万国行业分类标准,2021-07-30
688396,集成电路制造,申银万国行业分类标准,2021-07-30
688398,其他化学制品,申银万国行业分类标准,2020-01-14
688399,体外诊断,申银万国行业分类标准,2021-07-30
688400,其他专用设备,申银万国行业分类标准,2022-06-15
688401,半导体材料,申银万国行业分类标准,2022-08-05
688403,集成电路封测,申银万国行业分类标准,2022-08-05
688408,光伏辅材,申银万国行业分类标准,2021-07-30
688409,半导体设备,申银万国行业分类标准,2022-09-16
688410,医疗设备,申银万国行业分类标准,2022-12-08
688411,其他电源设备Ⅲ,申银万国行业分类标准,2025-01-08
688416,数字芯片设计,申银万国行业分类标准,2022-08-12
688418,其他通信设备,申银万国行业分类标准,2021-07-30
688419,半导体设备,申银万国行业分类标准,2022-10-21
688420,能源及重型设备,申银万国行业分类标准,2024-07-30
688425,工程机械整机,申银万国行业分类标准,2021-07-30
688426,体外诊断,申银万国行业分类标准,2024-07-30
688428,化学制剂,申银万国行业分类标准,2022-09-01
688429,光伏电池组件,申银万国行业分类标准,2023-06-08
688432,半导体材料,申银万国行业分类标准,2022-10-24
688433,其他通用设备,申银万国行业分类标准,2023-03-27
688435,横向通用软件,申银万国行业分类标准,2023-01-06
688439,军工电子Ⅲ,申银万国行业分类标准,2022-08-12
688443,其他生物制品,申银万国行业分类标准,2023-06-09
688448,其他通用设备,申银万国行业分类标准,2022-08-31
688449,数字芯片设计,申银万国行业分类标准,2024-11-08
688450,仪器仪表,申银万国行业分类标准,2023-07-14
688455,其他自动化设备,申银万国行业分类标准,2022-08-26
688456,其他金属新材料,申银万国行业分类标准,2023-07-04
688458,模拟芯片设计,申银万国行业分类标准,2023-05-04
688459,轨交设备Ⅲ,申银万国行业分类标准,2022-09-16
688466,水务及水治理,申银万国行业分类标准,2021-07-30
688468,体外诊断,申银万国行业分类标准,2021-07-30
688469,集成电路制造,申银万国行业分类标准,2023-04-18
688472,光伏电池组件,申银万国行业分类标准,2023-05-26
688475,安防设备,申银万国行业分类标准,2022-12-09
688478,半导体设备,申银万国行业分类标准,2023-03-31
688479,垂直应用软件,申银万国行业分类标准,2023-04-19
688480,综合环境治理,申银万国行业分类标准,2022-11-08
688484,模拟芯片设计,申银万国行业分类标准,2023-03-17
688485,轨交设备Ⅲ,申银万国行业分类标准,2023-01-06
688486,数字芯片设计,申银万国行业分类标准,2023-02-13
688488,其他生物制品,申银万国行业分类标准,2021-07-30
688489,安防设备,申银万国行业分类标准,2022-11-15
688496,LED,申银万国行业分类标准,2024-07-30
688498,分立器件,申银万国行业分类标准,2022-12-02
688499,锂电专用设备,申银万国行业分类标准,2021-07-30
688500,IT服务Ⅲ,申银万国行业分类标准,2021-07-30
688501,环保设备Ⅲ,申银万国行业分类标准,2021-07-30
688502,光学元件,申银万国行业分类标准,2023-02-24
688503,光伏辅材,申银万国行业分类标准,2023-07-04
688505,化学制剂,申银万国行业分类标准,2020-05-29
688506,化学制剂,申银万国行业分类标准,2022-12-23
688507,垂直应用软件,申银万国行业分类标准,2023-03-28
688508,模拟芯片设计,申银万国行业分类标准,2021-07-30
688509,IT服务Ⅲ,申银万国行业分类标准,2021-07-30
688510,航空装备Ⅲ,申银万国行业分类标准,2020-11-25
688511,军工电子Ⅲ,申银万国行业分类标准,2021-07-30
688512,模拟芯片设计,申银万国行业分类标准,2023-05-04
688513,化学制剂,申银万国行业分类标准,2020-08-11
688515,模拟芯片设计,申银万国行业分类标准,2023-01-20
688516,光伏加工设备,申银万国行业分类标准,2021-07-30
688517,配电设备,申银万国行业分类标准,2021-07-30
688518,激光设备,申银万国行业分类标准,2021-07-30
688519,印制电路板,申银万国行业分类标准,2020-07-28
688520,其他生物制品,申银万国行业分类标准,2021-07-30
688521,数字芯片设计,申银万国行业分类标准,2021-07-30
688522,军工电子Ⅲ,申银万国行业分类标准,2023-02-24
688523,航天装备Ⅲ,申银万国行业分类标准,2023-05-26
688525,数字芯片设计,申银万国行业分类标准,2022-12-23
688526,动物保健Ⅲ,申银万国行业分类标准,2020-09-03
688528,仪器仪表,申银万国行业分类标准,2021-07-30
688529,其他专用设备,申银万国行业分类标准,2020-10-20
688530,半导体材料,申银万国行业分类标准,2024-05-09
688531,其他专用设备,申银万国行业分类标准,2023-03-14
688533,汽车电子电气系统,申银万国行业分类标准,2021-07-30
688535,半导体材料,申银万国行业分类标准,2023-03-16
688536,模拟芯片设计,申银万国行业分类标准,2021-07-30
688538,面板,申银万国行业分类标准,2021-05-10
688539,被动元件,申银万国行业分类标准,2023-03-31
688543,地面兵装Ⅲ,申银万国行业分类标准,2023-06-02
688545,电子化学品Ⅲ,申银万国行业分类标准,2025-01-03
688548,电子化学品Ⅲ,申银万国行业分类标准,2023-07-31
688549,电子化学品Ⅲ,申银万国行业分类标准,2023-08-18
688550,电子化学品Ⅲ,申银万国行业分类标准,2021-07-30
688551,其他电源设备Ⅲ,申银万国行业分类标准,2021-07-30
688552,军工电子Ⅲ,申银万国行业分类标准,2023-05-04
688553,化学制剂,申银万国行业分类标准,2021-09-27
688556,光伏加工设备,申银万国行业分类标准,2021-07-30
688557,其他通用设备,申银万国行业分类标准,2020-11-13
688558,机床工具,申银万国行业分类标准,2020-06-09
688559,激光设备,申银万国行业分类标准,2021-07-30
688560,光伏辅材,申银万国行业分类标准,2021-07-30
688561,横向通用软件,申银万国行业分类标准,2021-07-30
688562,IT服务Ⅲ,申银万国行业分类标准,2023-04-28
688563,航空装备Ⅲ,申银万国行业分类标准,2023-06-30
688565,水务及水治理,申银万国行业分类标准,2021-07-30
688566,化学制剂,申银万国行业分类标准,2020-04-23
688567,锂电池,申银万国行业分类标准,2021-07-30
688568,IT服务Ⅲ,申银万国行业分类标准,2021-07-30
688569,轨交设备Ⅲ,申银万国行业分类标准,2020-08-11
688570,工控设备,申银万国行业分类标准,2023-05-26
688571,涂料油墨,申银万国行业分类标准,2020-11-20
688573,锂电专用设备,申银万国行业分类标准,2023-07-31
688575,体外诊断,申银万国行业分类标准,2021-07-30
688576,医疗耗材,申银万国行业分类标准,2024-07-30
688577,机床工具,申银万国行业分类标准,2020-08-27
688578,化学制剂,申银万国行业分类标准,2020-11-11
688579,垂直应用软件,申银万国行业分类标准,2021-07-30
688580,医疗设备,申银万国行业分类标准,2021-07-30
688581,医疗耗材,申银万国行业分类标准,2023-05-04
688582,模拟芯片设计,申银万国行业分类标准,2023-06-09
688583,仪器仪表,申银万国行业分类标准,2024-12-26
688584,半导体材料,申银万国行业分类标准,2024-01-22
688585,合成树脂,申银万国行业分类标准,2021-07-30
688586,航空装备Ⅲ,申银万国行业分类标准,2020-07-14
688588,垂直应用软件,申银万国行业分类标准,2021-07-30
688589,数字芯片设计,申银万国行业分类标准,2021-07-30
688590,垂直应用软件,申银万国行业分类标准,2021-07-30
688591,数字芯片设计,申银万国行业分类标准,2023-08-21
688592,通信终端及配件,申银万国行业分类标准,2024-03-22
688593,数字芯片设计,申银万国行业分类标准,2023-05-12
688595,数字芯片设计,申银万国行业分类标准,2022-07-29
688596,其他专用设备,申银万国行业分类标准,2020-07-31
688597,电工仪器仪表,申银万国行业分类标准,2021-07-30
688598,光伏辅材,申银万国行业分类标准,2021-07-30
688599,光伏电池组件,申银万国行业分类标准,2021-07-30
688600,环保设备Ⅲ,申银万国行业分类标准,2021-07-30
688601,模拟芯片设计,申银万国行业分类标准,2021-07-30
688602,其他化学制品,申银万国行业分类标准,2025-04-25
688603,电子化学品Ⅲ,申银万国行业分类标准,2023-06-16
688605,半导体设备,申银万国行业分类标准,2024-11-22
688606,体外诊断,申银万国行业分类标准,2021-07-30
688607,医疗设备,申银万国行业分类标准,2021-07-30
688608,数字芯片设计,申银万国行业分类标准,2021-07-30
688609,其他黑色家电,申银万国行业分类标准,2021-03-03
688610,仪器仪表,申银万国行业分类标准,2023-06-28
688611,电网自动化设备,申银万国行业分类标准,2021-07-30
688612,汽车电子电气系统,申银万国行业分类标准,2023-07-14
688613,医疗耗材,申银万国行业分类标准,2021-07-30
688615,垂直应用软件,申银万国行业分类标准,2024-09-06
688616,电工仪器仪表,申银万国行业分类标准,2021-07-30
688617,医疗耗材,申银万国行业分类标准,2021-07-30
688618,通信网络设备及器件,申银万国行业分类标准,2021-07-30
688619,安防设备,申银万国行业分类标准,2021-07-30
688620,数字芯片设计,申银万国行业分类标准,2023-06-09
688621,医疗研发外包,申银万国行业分类标准,2021-07-30
688622,仪器仪表,申银万国行业分类标准,2021-08-27
688623,其他自动化设备,申银万国行业分类标准,2023-05-26
688625,其他化学制品,申银万国行业分类标准,2021-05-19
688626,医疗设备,申银万国行业分类标准,2021-07-30
688627,仪器仪表,申银万国行业分类标准,2023-06-30
688628,仪器仪表,申银万国行业分类标准,2021-07-30
688629,军工电子Ⅲ,申银万国行业分类标准,2023-06-09
688630,其他专用设备,申银万国行业分类标准,2021-03-15
688631,垂直应用软件,申银万国行业分类标准,2023-06-09
688633,能源及重型设备,申银万国行业分类标准,2021-03-05
688636,军工电子Ⅲ,申银万国行业分类标准,2021-07-30
688638,锂电专用设备,申银万国行业分类标准,2023-06-30
688639,食品及饲料添加剂,申银万国行业分类标准,2021-07-30
688646,激光设备,申银万国行业分类标准,2023-07-14
688651,横向通用软件,申银万国行业分类标准,2023-07-14
688652,半导体设备,申银万国行业分类标准,2023-11-10
688653,模拟芯片设计,申银万国行业分类标准,2023-11-17
688655,印制电路板,申银万国行业分类标准,2021-04-16
688656,体外诊断,申银万国行业分类标准,2021-07-30
688657,垂直应用软件,申银万国行业分类标准,2023-09-15
688658,化学制剂,申银万国行业分类标准,2020-12-04
688659,其他化学制品,申银万国行业分类标准,2021-03-12
688660,风电整机,申银万国行业分类标准,2021-07-30
688661,半导体材料,申银万国行业分类标准,2022-08-04
688662,其他电子Ⅲ,申银万国行业分类标准,2021-03-15
688663,电网自动化设备,申银万国行业分类标准,2022-07-29
688665,仪器仪表,申银万国行业分类标准,2021-07-30
688667,汽车电子电气系统,申银万国行业分类标准,2021-07-30
688668,通信网络设备及器件,申银万国行业分类标准,2021-07-30
688669,改性塑料,申银万国行业分类标准,2021-01-05
688670,疫苗,申银万国行业分类标准,2021-07-30
688671,环保设备Ⅲ,申银万国行业分类标准,2023-07-31
688676,输变电设备,申银万国行业分类标准,2021-07-30
688677,医疗设备,申银万国行业分类标准,2021-07-30
688678,消费电子零部件及组装,申银万国行业分类标准,2021-07-30
688679,固废治理,申银万国行业分类标准,2021-07-30
688680,光伏辅材,申银万国行业分类标准,2021-07-30
688681,电网自动化设备,申银万国行业分类标准,2021-07-30
688682,军工电子Ⅲ,申银万国行业分类标准,2021-07-30
688683,电子化学品Ⅲ,申银万国行业分类标准,2024-07-30
688685,航空装备Ⅲ,申银万国行业分类标准,2021-04-20
688686,其他自动化设备,申银万国行业分类标准,2021-07-30
688687,其他生物制品,申银万国行业分类标准,2021-07-30
688689,分立器件,申银万国行业分类标准,2021-01-05
688690,原料药,申银万国行业分类标准,2021-06-03
688691,集成电路制造,申银万国行业分类标准,2024-03-21
688692,垂直应用软件,申银万国行业分类标准,2024-05-31
688693,分立器件,申银万国行业分类标准,2023-07-31
688695,横向通用软件,申银万国行业分类标准,2024-03-01
688696,其他黑色家电,申银万国行业分类标准,2024-07-30
688697,机床工具,申银万国行业分类标准,2021-09-03
688698,工控设备,申银万国行业分类标准,2021-07-30
688699,模拟芯片设计,申银万国行业分类标准,2021-07-30
688700,其他专用设备,申银万国行业分类标准,2021-05-26
688701,综合环境治理,申银万国行业分类标准,2021-08-27
688702,数字芯片设计,申银万国行业分类标准,2023-08-25
688707,电池化学品,申银万国行业分类标准,2021-08-27
688708,航空装备Ⅲ,申银万国行业分类标准,2024-11-15
688709,数字芯片设计,申银万国行业分类标准,2024-01-19
688710,医疗研发外包,申银万国行业分类标准,2024-08-16
688711,分立器件,申银万国行业分类标准,2021-08-20
688712,医疗设备,申银万国行业分类标准,2026-01-16
688716,合成树脂,申银万国行业分类标准,2023-09-01
688717,逆变器,申银万国行业分类标准,2023-12-22
688718,膜材料,申银万国行业分类标准,2021-07-30
688719,其他电源设备Ⅲ,申银万国行业分类标准,2023-09-08
688720,半导体材料,申银万国行业分类标准,2023-11-17
688721,半导体材料,申银万国行业分类标准,2024-08-02
688722,其他化学纤维,申银万国行业分类标准,2021-09-17
688726,光伏加工设备,申银万国行业分类标准,2024-10-11
688727,集成电路制造,申银万国行业分类标准,2025-10-30
688728,数字芯片设计,申银万国行业分类标准,2021-08-13
688729,半导体设备,申银万国行业分类标准,2025-06-20
688733,电池化学品,申银万国行业分类标准,2021-08-06
688737,其他汽车零部件,申银万国行业分类标准,2021-09-27
688739,疫苗,申银万国行业分类标准,2021-09-30
688750,其他小金属,申银万国行业分类标准,2024-11-01
688755,医疗设备,申银万国行业分类标准,2025-04-25
688757,检测服务,申银万国行业分类标准,2025-03-07
688758,原料药,申银万国行业分类标准,2025-01-10
688759,原料药,申银万国行业分类标准,2025-10-09
688765,原料药,申银万国行业分类标准,2025-09-23
688766,数字芯片设计,申银万国行业分类标准,2021-08-13
688767,体外诊断,申银万国行业分类标准,2021-08-20
688768,仪器仪表,申银万国行业分类标准,2021-07-30
688772,锂电池,申银万国行业分类标准,2021-09-16
688775,品牌消费电子,申银万国行业分类标准,2025-05-23
688776,军工电子Ⅲ,申银万国行业分类标准,2021-08-20
688777,工控设备,申银万国行业分类标准,2021-07-30
688778,电池化学品,申银万国行业分类标准,2021-08-06
688779,电池化学品,申银万国行业分类标准,2021-08-06
688783,集成电路制造,申银万国行业分类标准,2025-09-25
688785,其他专用设备,申银万国行业分类标准,2026-01-08
688786,磁性材料,申银万国行业分类标准,2022-07-29
688787,IT服务Ⅲ,申银万国行业分类标准,2021-08-06
688788,军工电子Ⅲ,申银万国行业分类标准,2021-07-30
688789,纺织服装设备,申银万国行业分类标准,2021-06-21
688790,集成电路制造,申银万国行业分类标准,2025-11-27
688793,个护小家电,申银万国行业分类标准,2021-07-30
688795,集成电路制造,申银万国行业分类标准,2025-11-14
688796,其他生物制品,申银万国行业分类标准,2025-11-20
688798,模拟芯片设计,申银万国行业分类标准,2021-07-30
688799,化学制剂,申银万国行业分类标准,2021-06-23
688800,其他电子Ⅲ,申银万国行业分类标准,2021-07-30
688802,集成电路制造,申银万国行业分类标准,2025-11-27
688805,医疗设备,申银万国行业分类标准,2025-12-05
688807,其他通信设备,申银万国行业分类标准,2025-11-28
688809,集成电路制造,申银万国行业分类标准,2025-12-11
688816,其他汽车零部件,申银万国行业分类标准,2026-01-23
688818,其他电源设备Ⅲ,申银万国行业分类标准,2026-01-22
688819,蓄电池及其他电池,申银万国行业分类标准,2021-07-30
688981,集成电路制造,申银万国行业分类标准,2021-07-30
689009,其他运输设备,申银万国行业分类标准,2020-10-30
920000,底盘与发动机系统,申银万国行业分类标准,2020-12-23
920001,面板,申银万国行业分类标准,2022-12-27
920002,金属制品,申银万国行业分类标准,2024-06-14
920003,其他专业服务,申银万国行业分类标准,2025-10-24
920005,消费电子零部件及组装,申银万国行业分类标准,2025-07-18
920006,航空装备Ⅲ,申银万国行业分类标准,2023-04-27
920007,光伏辅材,申银万国行业分类标准,2025-07-25
920008,军工电子Ⅲ,申银万国行业分类标准,2024-08-21
920009,其他生物制品,申银万国行业分类标准,2025-10-20
920010,燃气Ⅲ,申银万国行业分类标准,2020-07-27
920014,燃气Ⅲ,申银万国行业分类标准,2022-12-14
920015,其他化学制品,申银万国行业分类标准,2025-09-12
920016,食品及饲料添加剂,申银万国行业分类标准,2024-09-18
920017,化学制剂,申银万国行业分类标准,2023-05-11
920018,线缆部件及其他,申银万国行业分类标准,2025-08-07
920019,其他专业工程,申银万国行业分类标准,2024-09-18
920020,轮胎轮毂,申银万国行业分类标准,2025-10-13
920021,电视广播Ⅲ,申银万国行业分类标准,2020-07-27
920022,汽车电子电气系统,申银万国行业分类标准,2025-09-05
920023,果蔬加工,申银万国行业分类标准,2023-02-13
920026,其他专用设备,申银万国行业分类标准,2023-09-27
920027,轨交设备Ⅲ,申银万国行业分类标准,2025-05-27
920029,电工仪器仪表,申银万国行业分类标准,2025-03-24
920030,汽车经销商,申银万国行业分类标准,2020-11-27
920033,其他化学制品,申银万国行业分类标准,2022-12-01
920035,仪器仪表,申银万国行业分类标准,2025-11-14
920037,线缆部件及其他,申银万国行业分类标准,2025-06-26
920039,其他专业服务,申银万国行业分类标准,2021-08-18
920045,其他通信设备,申银万国行业分类标准,2025-12-19
920046,输变电设备,申银万国行业分类标准,2022-09-21
920047,其他生物制品,申银万国行业分类标准,2020-11-24
920050,医疗耗材,申银万国行业分类标准,2026-01-08
920056,其他塑料制品,申银万国行业分类标准,2025-08-21
920057,钢结构,申银万国行业分类标准,2023-03-17
920058,摩托车,申银万国行业分类标准,2023-07-26
920060,印制电路板,申银万国行业分类标准,2024-11-06
920061,其他专用设备,申银万国行业分类标准,2024-01-17
920062,输变电设备,申银万国行业分类标准,2022-06-23
920066,改性塑料,申银万国行业分类标准,2024-10-18
920068,其他小金属,申银万国行业分类标准,2025-05-06
920075,纸包装,申银万国行业分类标准,2022-12-14
920076,非金属材料Ⅲ,申银万国行业分类标准,2026-01-12
920077,其他化学纤维,申银万国行业分类标准,2021-08-31
920080,其他专用设备,申银万国行业分类标准,2025-09-18
920082,金属制品,申银万国行业分类标准,2024-12-24
920086,其他汽车零部件,申银万国行业分类标准,2025-12-31
920087,种子,申银万国行业分类标准,2022-11-22
920088,油田服务,申银万国行业分类标准,2024-10-16
920089,改性塑料,申银万国行业分类标准,2021-11-09
920090,其他计算机设备,申银万国行业分类标准,2023-04-10
920091,其他专用设备,申银万国行业分类标准,2025-11-03
920092,IT服务Ⅲ,申银万国行业分类标准,2023-04-10
920098,其他橡胶制品,申银万国行业分类标准,2024-11-22
920099,其他化学制品,申银万国行业分类标准,2024-09-18
920100,电机Ⅲ,申银万国行业分类标准,2025-08-22
920101,工程机械整机,申银万国行业分类标准,2025-08-06
920106,底盘与发动机系统,申银万国行业分类标准,2024-12-24
920108,家电零部件Ⅲ,申银万国行业分类标准,2025-02-25
920110,其他电源设备Ⅲ,申银万国行业分类标准,2022-12-06
920111,配电设备,申银万国行业分类标准,2024-10-29
920112,其他专用设备,申银万国行业分类标准,2025-08-21
920116,IT服务Ⅲ,申银万国行业分类标准,2024-12-24
920118,线缆部件及其他,申银万国行业分类标准,2024-08-21
920119,其他通用设备,申银万国行业分类标准,2026-01-19
920121,印刷,申银万国行业分类标准,2025-12-12
920122,检测服务,申银万国行业分类标准,2022-09-07
920123,化妆品制造及其他,申银万国行业分类标准,2024-03-18
920124,其他通用设备,申银万国行业分类标准,2025-11-07
920128,被动元件,申银万国行业分类标准,2024-11-25
920130,IT服务Ⅲ,申银万国行业分类标准,2023-10-23
920132,成品家居,申银万国行业分类标准,2023-11-20
920139,集成电路封测,申银万国行业分类标准,2022-09-30
920145,环保设备Ⅲ,申银万国行业分类标准,2021-11-15
920146,底盘与发动机系统,申银万国行业分类标准,2021-07-20
920149,工程咨询服务Ⅲ,申银万国行业分类标准,2020-07-27
920152,锂电专用设备,申银万国行业分类标准,2022-08-29
920158,能源及重型设备,申银万国行业分类标准,2025-09-22
920159,复合肥,申银万国行业分类标准,2026-01-15
920160,检测服务,申银万国行业分类标准,2025-10-30
920163,综合包装,申银万国行业分类标准,2020-07-27
920166,医疗设备,申银万国行业分类标准,2026-02-02
920167,光伏辅材,申银万国行业分类标准,2020-07-27
920168,汽车电子电气系统,申银万国行业分类标准,2026-02-05
920169,金属制品,申银万国行业分类标准,2022-04-22
920171,IT服务Ⅲ,申银万国行业分类标准,2021-11-15
920174,工程机械整机,申银万国行业分类标准,2023-04-10
920175,非金属材料Ⅲ,申银万国行业分类标准,2023-06-12
920179,半导体材料,申银万国行业分类标准,2023-04-10
920180,医疗耗材,申银万国行业分类标准,2026-01-29
920183,其他电子Ⅲ,申银万国行业分类标准,2026-02-12
920184,IT服务Ⅲ,申银万国行业分类标准,2023-04-10
920185,电池化学品,申银万国行业分类标准,2020-07-27
920190,其他计算机设备,申银万国行业分类标准,2022-12-08
920195,底盘与发动机系统,申银万国行业分类标准,2022-12-27
920198,安防设备,申银万国行业分类标准,2020-07-27
920199,个护小家电,申银万国行业分类标准,2022-12-06
920204,塑料包装,申银万国行业分类标准,2021-12-30
920207,垂直应用软件,申银万国行业分类标准,2022-09-30
920208,工程咨询服务Ⅲ,申银万国行业分类标准,2023-03-27
920212,消费电子零部件及组装,申银万国行业分类标准,2021-06-08
920221,其他汽车零部件,申银万国行业分类标准,2023-05-30
920223,金属制品,申银万国行业分类标准,2023-04-10
920225,其他橡胶制品,申银万国行业分类标准,2021-02-25
920227,IT服务Ⅲ,申银万国行业分类标准,2022-12-27
920230,原料药,申银万国行业分类标准,2022-12-06
920237,锂电池,申银万国行业分类标准,2022-11-10
920239,锂电池,申银万国行业分类标准,2021-02-09
920242,底盘与发动机系统,申银万国行业分类标准,2020-07-27
920245,工程机械器件,申银万国行业分类标准,2021-12-20
920247,其他汽车零部件,申银万国行业分类标准,2022-12-27
920249,通信终端及配件,申银万国行业分类标准,2023-02-24
920252,锂电池,申银万国行业分类标准,2022-01-09
920260,金属制品,申银万国行业分类标准,2021-11-15
920261,聚氨酯,申银万国行业分类标准,2023-03-09
920262,家纺,申银万国行业分类标准,2022-12-27
920263,大气治理,申银万国行业分类标准,2020-07-27
920266,中药Ⅲ,申银万国行业分类标准,2020-07-27
920267,消费电子零部件及组装,申银万国行业分类标准,2022-05-13
920270,车身附件及饰件,申银万国行业分类标准,2022-08-29
920271,底盘与发动机系统,申银万国行业分类标准,2022-06-08
920273,其他农产品加工,申银万国行业分类标准,2024-11-12
920274,塑料包装,申银万国行业分类标准,2023-08-16
920275,动物保健Ⅲ,申银万国行业分类标准,2021-01-25
920278,医疗设备,申银万国行业分类标准,2020-07-27
920284,其他专用设备,申银万国行业分类标准,2023-12-06
920299,电网自动化设备,申银万国行业分类标准,2022-06-08
920300,医疗设备,申银万国行业分类标准,2022-11-22
920304,其他化学原料,申银万国行业分类标准,2023-03-30
920305,IT服务Ⅲ,申银万国行业分类标准,2023-04-10
920339,照明设备Ⅲ,申银万国行业分类标准,2022-10-27
920344,其他生物制品,申银万国行业分类标准,2021-01-08
920346,消费电子零部件及组装,申银万国行业分类标准,2022-02-08
920351,跨境物流,申银万国行业分类标准,2022-12-27
920357,消费电子零部件及组装,申银万国行业分类标准,2022-11-23
920363,仪器仪表,申银万国行业分类标准,2023-12-14
920367,原料药,申银万国行业分类标准,2023-01-19
920368,光伏加工设备,申银万国行业分类标准,2020-07-27
920370,固废治理,申银万国行业分类标准,2020-07-27
920371,其他农产品加工,申银万国行业分类标准,2022-01-09
920374,其他通信设备,申银万国行业分类标准,2022-12-06
920375,电网自动化设备,申银万国行业分类标准,2023-12-20
920378,底盘与发动机系统,申银万国行业分类标准,2022-06-08
920392,纸包装,申银万国行业分类标准,2022-12-16
920394,特种纸,申银万国行业分类标准,2023-04-12
920395,楼宇设备,申银万国行业分类标准,2022-08-29
920396,其他自动化设备,申银万国行业分类标准,2020-11-18
920402,其他化学制品,申银万国行业分类标准,2024-11-12
920403,种子,申银万国行业分类标准,2024-01-04
920405,工控设备,申银万国行业分类标准,2021-11-05
920407,仪器仪表,申银万国行业分类标准,2023-01-30
920414,光伏加工设备,申银万国行业分类标准,2022-12-06
920415,垂直应用软件,申银万国行业分类标准,2020-07-27
920418,底盘与发动机系统,申银万国行业分类标准,2020-07-27
920419,宠物食品,申银万国行业分类标准,2022-02-23
920422,食品及饲料添加剂,申银万国行业分类标准,2023-02-24
920425,工控设备,申银万国行业分类标准,2023-04-10
920427,工程咨询服务Ⅲ,申银万国行业分类标准,2021-02-05
920429,保健品,申银万国行业分类标准,2022-12-14
920433,中药Ⅲ,申银万国行业分类标准,2020-07-27
920436,汽车电子电气系统,申银万国行业分类标准,2021-11-15
920438,光学元件,申银万国行业分类标准,2024-03-12
920445,定制家居,申银万国行业分类标准,2020-07-27
920454,底盘与发动机系统,申银万国行业分类标准,2021-11-15
920455,其他专用设备,申银万国行业分类标准,2023-07-10
920469,改性塑料,申银万国行业分类标准,2023-09-20
920471,其他化学制品,申银万国行业分类标准,2023-05-30
920475,其他专用设备,申银万国行业分类标准,2020-07-27
920476,仪器仪表,申银万国行业分类标准,2022-09-21
920478,原料药,申银万国行业分类标准,2023-02-08
920489,其他化学原料,申银万国行业分类标准,2020-07-27
920491,被动元件,申银万国行业分类标准,2023-08-09
920493,IT服务Ⅲ,申银万国行业分类标准,2023-10-18
920496,输变电设备,申银万国行业分类标准,2024-01-15
920504,医疗设备,申银万国行业分类标准,2023-08-16
920505,金属制品,申银万国行业分类标准,2022-12-27
920508,电网自动化设备,申银万国行业分类标准,2023-04-10
920509,仪器仪表,申银万国行业分类标准,2021-01-11
920510,金属制品,申银万国行业分类标准,2023-04-10
920519,其他化学制品,申银万国行业分类标准,2023-09-01
920522,锂电专用设备,申银万国行业分类标准,2023-11-20
920523,锂电池,申银万国行业分类标准,2021-06-03
920526,电子化学品Ⅲ,申银万国行业分类标准,2022-12-27
920527,辅料,申银万国行业分类标准,2023-08-09
920533,车身附件及饰件,申银万国行业分类标准,2023-04-10
920541,轨交设备Ⅲ,申银万国行业分类标准,2023-02-24
920547,其他生物制品,申银万国行业分类标准,2023-12-20
920553,印刷包装机械,申银万国行业分类标准,2023-04-10
920556,电工仪器仪表,申银万国行业分类标准,2023-03-17
920564,IT服务Ⅲ,申银万国行业分类标准,2023-04-10
920566,化学制剂,申银万国行业分类标准,2021-08-13
920570,其他通用设备,申银万国行业分类标准,2023-11-13
920571,航运,申银万国行业分类标准,2022-11-30
920575,疫苗,申银万国行业分类标准,2023-03-17
920576,其他金属新材料,申银万国行业分类标准,2023-06-20
920578,机器人,申银万国行业分类标准,2023-04-27
920579,机器人,申银万国行业分类标准,2023-12-20
920580,耐火材料,申银万国行业分类标准,2022-04-20
920592,垂直应用软件,申银万国行业分类标准,2023-06-19
920593,机器人,申银万国行业分类标准,2023-04-07
920599,工程机械整机,申银万国行业分类标准,2021-02-22
920608,农用机械,申银万国行业分类标准,2022-12-14
920627,蓄电池及其他电池,申银万国行业分类标准,2023-09-20
920634,铅锌,申银万国行业分类标准,2022-11-23
920639,线缆部件及其他,申银万国行业分类标准,2022-06-23
920640,通信线缆及配套,申银万国行业分类标准,2020-07-27
920641,照明设备Ⅲ,申银万国行业分类标准,2022-11-16
920642,航空装备Ⅲ,申银万国行业分类标准,2021-08-16
920651,仪器仪表,申银万国行业分类标准,2023-06-06
920656,原料药,申银万国行业分类标准,2024-01-22
920662,其他通用设备,申银万国行业分类标准,2022-11-09
920663,车身附件及饰件,申银万国行业分类标准,2023-03-17
920665,其他橡胶制品,申银万国行业分类标准,2023-09-11
920670,医疗研发外包,申银万国行业分类标准,2020-12-08
920675,非金属材料Ⅲ,申银万国行业分类标准,2020-12-28
920679,金属制品,申银万国行业分类标准,2023-11-20
920682,线缆部件及其他,申银万国行业分类标准,2020-07-27
920685,仪器仪表,申银万国行业分类标准,2022-09-15
920689,其他通用设备,申银万国行业分类标准,2022-03-02
920690,车身附件及饰件,申银万国行业分类标准,2024-01-17
920693,金属制品,申银万国行业分类标准,2023-09-27
920694,其他橡胶制品,申银万国行业分类标准,2023-04-06
920699,家电零部件Ⅲ,申银万国行业分类标准,2023-05-09
920701,消费电子零部件及组装,申银万国行业分类标准,2023-07-10
920703,能源及重型设备,申银万国行业分类标准,2023-12-20
920706,工程机械整机,申银万国行业分类标准,2024-03-12
920717,其他专用设备,申银万国行业分类标准,2023-06-13
920718,家电零部件Ⅲ,申银万国行业分类标准,2022-12-27
920719,非金属材料Ⅲ,申银万国行业分类标准,2023-05-30
920720,金属制品,申银万国行业分类标准,2023-04-10
920725,磨具磨料,申银万国行业分类标准,2022-07-17
920726,调味发酵品Ⅲ,申银万国行业分类标准,2021-05-27
920729,动物保健Ⅲ,申银万国行业分类标准,2020-07-27
920735,化学制剂,申银万国行业分类标准,2021-02-19
920748,IT服务Ⅲ,申银万国行业分类标准,2023-07-28
920751,其他金属新材料,申银万国行业分类标准,2023-07-10
920753,检测服务,申银万国行业分类标准,2022-10-26
920765,定制家居,申银万国行业分类标准,2021-07-05
920768,家电零部件Ⅲ,申银万国行业分类标准,2021-06-28
920770,光伏电池组件,申银万国行业分类标准,2023-02-10
920779,锂电专用设备,申银万国行业分类标准,2023-05-30
920781,能源及重型设备,申银万国行业分类标准,2022-12-27
920786,乳品,申银万国行业分类标准,2023-10-30
920790,IT服务Ⅲ,申银万国行业分类标准,2022-08-29
920792,耐火材料,申银万国行业分类标准,2023-04-07
920799,垂直应用软件,申银万国行业分类标准,2020-07-27
920802,大气治理,申银万国行业分类标准,2023-02-13
920806,IT服务Ⅲ,申银万国行业分类标准,2023-12-28
920807,磨具磨料,申银万国行业分类标准,2022-12-27
920808,其他计算机设备,申银万国行业分类标准,2022-11-23
920809,电池化学品,申银万国行业分类标准,2023-04-07
920810,印刷包装机械,申银万国行业分类标准,2022-12-14
920819,农药,申银万国行业分类标准,2020-07-27
920821,印制电路板,申银万国行业分类标准,2022-06-20
920826,预加工食品,申银万国行业分类标准,2021-01-12
920832,非金属材料Ⅲ,申银万国行业分类标准,2021-02-23
920833,其他通用设备,申银万国行业分类标准,2023-10-26
920834,其他橡胶制品,申银万国行业分类标准,2022-08-03
920837,底盘与发动机系统,申银万国行业分类标准,2023-04-27
920839,工程机械器件,申银万国行业分类标准,2020-11-09
920855,其他专用设备,申银万国行业分类标准,2022-12-14
920856,其他专用设备,申银万国行业分类标准,2023-04-10
920857,消费电子零部件及组装,申银万国行业分类标准,2022-02-11
920866,农药,申银万国行业分类标准,2022-12-06
920870,机床工具,申银万国行业分类标准,2023-04-10
920871,底盘与发动机系统,申银万国行业分类标准,2022-07-17
920873,工程咨询服务Ⅲ,申银万国行业分类标准,2021-11-15
920876,消费电子零部件及组装,申银万国行业分类标准,2022-11-23
920879,仪器仪表,申银万国行业分类标准,2022-12-05
920885,工控设备,申银万国行业分类标准,2021-07-08
920892,工程咨询服务Ⅲ,申银万国行业分类标准,2021-10-28
920895,农用机械,申银万国行业分类标准,2023-03-16
920896,底盘与发动机系统,申银万国行业分类标准,2023-04-27
920906,车身附件及饰件,申银万国行业分类标准,2023-02-24
920914,锂电池,申银万国行业分类标准,2022-11-23
920924,通信工程及服务,申银万国行业分类标准,2021-11-03
920925,医疗设备,申银万国行业分类标准,2021-10-25
920926,厨房小家电,申银万国行业分类标准,2023-08-16
920931,能源及重型设备,申银万国行业分类标准,2024-04-11
920932,垂直应用软件,申银万国行业分类标准,2023-09-08
920942,工程机械器件,申银万国行业分类标准,2022-12-06
920943,金属制品,申银万国行业分类标准,2022-06-22
920946,原料药,申银万国行业分类标准,2020-07-27
920950,其他通用设备,申银万国行业分类标准,2022-01-09
920953,IT服务Ⅲ,申银万国行业分类标准,2023-08-16
920957,其他化学制品,申银万国行业分类标准,2022-11-29
920961,仪器仪表,申银万国行业分类标准,2023-04-10
920964,农业综合Ⅲ,申银万国行业分类标准,2020-07-27
920970,动物保健Ⅲ,申银万国行业分类标准,2022-05-13
920971,非金属材料Ⅲ,申银万国行业分类标准,2022-09-30
920974,其他化学制品,申银万国行业分类标准,2023-02-20
920976,安防设备,申银万国行业分类标准,2023-09-20
920978,底盘与发动机系统,申银万国行业分类标准,2023-10-30
920981,被动元件,申银万国行业分类标准,2021-11-15
920982,医美耗材,申银万国行业分类标准,2023-07-17
920985,光伏电池组件,申银万国行业分类标准,2022-08-29
920992,医疗设备,申银万国行业分类标准,2022-09-22
